
 /----------------------------------------------------------------------------\
 |                                                                            |
 |  yosys -- Yosys Open SYnthesis Suite                                       |
 |                                                                            |
 |  Copyright (C) 2012 - 2020  Claire Xenia Wolf <claire@yosyshq.com>         |
 |                                                                            |
 |  Permission to use, copy, modify, and/or distribute this software for any  |
 |  purpose with or without fee is hereby granted, provided that the above    |
 |  copyright notice and this permission notice appear in all copies.         |
 |                                                                            |
 |  THE SOFTWARE IS PROVIDED "AS IS" AND THE AUTHOR DISCLAIMS ALL WARRANTIES  |
 |  WITH REGARD TO THIS SOFTWARE INCLUDING ALL IMPLIED WARRANTIES OF          |
 |  MERCHANTABILITY AND FITNESS. IN NO EVENT SHALL THE AUTHOR BE LIABLE FOR   |
 |  ANY SPECIAL, DIRECT, INDIRECT, OR CONSEQUENTIAL DAMAGES OR ANY DAMAGES    |
 |  WHATSOEVER RESULTING FROM LOSS OF USE, DATA OR PROFITS, WHETHER IN AN     |
 |  ACTION OF CONTRACT, NEGLIGENCE OR OTHER TORTIOUS ACTION, ARISING OUT OF   |
 |  OR IN CONNECTION WITH THE USE OR PERFORMANCE OF THIS SOFTWARE.            |
 |                                                                            |
 \----------------------------------------------------------------------------/

 Yosys 0.33 (git sha1 2584903a060)


-- Executing script file `synth_abc_plus.ys' --

1. Executing Verilog-2005 frontend: /teamspace/studios/this_studio/Melodica-Integration-into-Fife-Core/bsc/lib/Verilog/FIFO1.v
Parsing Verilog input from `/teamspace/studios/this_studio/Melodica-Integration-into-Fife-Core/bsc/lib/Verilog/FIFO1.v' to AST representation.
Warning: Encountered `translate_off' comment! Such legacy hot comments are supported by Yosys, but are not part of any formal language specification. Using a portable and standards-compliant construct such as `ifdef is recommended!
Generating RTLIL representation for module `\FIFO1'.
Successfully finished Verilog frontend.

2. Executing Verilog-2005 frontend: /teamspace/studios/this_studio/Melodica-Integration-into-Fife-Core/bsc/lib/Verilog/FIFO2.v
Parsing Verilog input from `/teamspace/studios/this_studio/Melodica-Integration-into-Fife-Core/bsc/lib/Verilog/FIFO2.v' to AST representation.
Generating RTLIL representation for module `\FIFO2'.
Successfully finished Verilog frontend.

3. Executing Verilog-2005 frontend: /teamspace/studios/this_studio/Melodica-Integration-into-Fife-Core/bsc/lib/Verilog/SizedFIFO.v
Parsing Verilog input from `/teamspace/studios/this_studio/Melodica-Integration-into-Fife-Core/bsc/lib/Verilog/SizedFIFO.v' to AST representation.
Generating RTLIL representation for module `\SizedFIFO'.
Successfully finished Verilog frontend.

4. Executing Verilog-2005 frontend: /teamspace/studios/this_studio/Melodica-Integration-into-Fife-Core/bsc/lib/Verilog/RegFile.v
Parsing Verilog input from `/teamspace/studios/this_studio/Melodica-Integration-into-Fife-Core/bsc/lib/Verilog/RegFile.v' to AST representation.
Generating RTLIL representation for module `\RegFile'.
Successfully finished Verilog frontend.

5. Executing Verilog-2005 frontend: /teamspace/studios/this_studio/Melodica-Integration-into-Fife-Core/Learn_Bluespec_and_RISCV_Design/Code/Build/Fife/verilog/module_fn_twosC_quire.v
Parsing Verilog input from `/teamspace/studios/this_studio/Melodica-Integration-into-Fife-Core/Learn_Bluespec_and_RISCV_Design/Code/Build/Fife/verilog/module_fn_twosC_quire.v' to AST representation.
Generating RTLIL representation for module `\module_fn_twosC_quire'.
Successfully finished Verilog frontend.

6. Executing Verilog-2005 frontend: /teamspace/studios/this_studio/Melodica-Integration-into-Fife-Core/Learn_Bluespec_and_RISCV_Design/Code/Build/Fife/verilog/mkQuire.v
Parsing Verilog input from `/teamspace/studios/this_studio/Melodica-Integration-into-Fife-Core/Learn_Bluespec_and_RISCV_Design/Code/Build/Fife/verilog/mkQuire.v' to AST representation.
Warning: Encountered `parallel_case' comment! Such legacy hot comments are supported by Yosys, but are not part of any formal language specification. Using the Verilog `parallel_case' attribute or the SystemVerilog `unique' or `priority' keywords is recommended!
Generating RTLIL representation for module `\mkQuire'.
Note: Assuming pure combinatorial block at /teamspace/studios/this_studio/Melodica-Integration-into-Fife-Core/Learn_Bluespec_and_RISCV_Design/Code/Build/Fife/verilog/mkQuire.v:1606.3-1620.6 in
compliance with IEC 62142(E):2005 / IEEE Std. 1364.1(E):2002. Recommending
use of @* instead of @(...) for better match of synthesis and simulation.
Note: Assuming pure combinatorial block at /teamspace/studios/this_studio/Melodica-Integration-into-Fife-Core/Learn_Bluespec_and_RISCV_Design/Code/Build/Fife/verilog/mkQuire.v:1629.3-1644.6 in
compliance with IEC 62142(E):2005 / IEEE Std. 1364.1(E):2002. Recommending
use of @* instead of @(...) for better match of synthesis and simulation.
Note: Assuming pure combinatorial block at /teamspace/studios/this_studio/Melodica-Integration-into-Fife-Core/Learn_Bluespec_and_RISCV_Design/Code/Build/Fife/verilog/mkQuire.v:1653.3-1669.6 in
compliance with IEC 62142(E):2005 / IEEE Std. 1364.1(E):2002. Recommending
use of @* instead of @(...) for better match of synthesis and simulation.
Note: Assuming pure combinatorial block at /teamspace/studios/this_studio/Melodica-Integration-into-Fife-Core/Learn_Bluespec_and_RISCV_Design/Code/Build/Fife/verilog/mkQuire.v:1678.3-1694.6 in
compliance with IEC 62142(E):2005 / IEEE Std. 1364.1(E):2002. Recommending
use of @* instead of @(...) for better match of synthesis and simulation.
Note: Assuming pure combinatorial block at /teamspace/studios/this_studio/Melodica-Integration-into-Fife-Core/Learn_Bluespec_and_RISCV_Design/Code/Build/Fife/verilog/mkQuire.v:1703.3-1719.6 in
compliance with IEC 62142(E):2005 / IEEE Std. 1364.1(E):2002. Recommending
use of @* instead of @(...) for better match of synthesis and simulation.
Note: Assuming pure combinatorial block at /teamspace/studios/this_studio/Melodica-Integration-into-Fife-Core/Learn_Bluespec_and_RISCV_Design/Code/Build/Fife/verilog/mkQuire.v:1728.3-1744.6 in
compliance with IEC 62142(E):2005 / IEEE Std. 1364.1(E):2002. Recommending
use of @* instead of @(...) for better match of synthesis and simulation.
Note: Assuming pure combinatorial block at /teamspace/studios/this_studio/Melodica-Integration-into-Fife-Core/Learn_Bluespec_and_RISCV_Design/Code/Build/Fife/verilog/mkQuire.v:1753.3-1769.6 in
compliance with IEC 62142(E):2005 / IEEE Std. 1364.1(E):2002. Recommending
use of @* instead of @(...) for better match of synthesis and simulation.
Note: Assuming pure combinatorial block at /teamspace/studios/this_studio/Melodica-Integration-into-Fife-Core/Learn_Bluespec_and_RISCV_Design/Code/Build/Fife/verilog/mkQuire.v:1778.3-1794.6 in
compliance with IEC 62142(E):2005 / IEEE Std. 1364.1(E):2002. Recommending
use of @* instead of @(...) for better match of synthesis and simulation.
Note: Assuming pure combinatorial block at /teamspace/studios/this_studio/Melodica-Integration-into-Fife-Core/Learn_Bluespec_and_RISCV_Design/Code/Build/Fife/verilog/mkQuire.v:1803.3-1819.6 in
compliance with IEC 62142(E):2005 / IEEE Std. 1364.1(E):2002. Recommending
use of @* instead of @(...) for better match of synthesis and simulation.
Note: Assuming pure combinatorial block at /teamspace/studios/this_studio/Melodica-Integration-into-Fife-Core/Learn_Bluespec_and_RISCV_Design/Code/Build/Fife/verilog/mkQuire.v:1828.3-1844.6 in
compliance with IEC 62142(E):2005 / IEEE Std. 1364.1(E):2002. Recommending
use of @* instead of @(...) for better match of synthesis and simulation.
Note: Assuming pure combinatorial block at /teamspace/studios/this_studio/Melodica-Integration-into-Fife-Core/Learn_Bluespec_and_RISCV_Design/Code/Build/Fife/verilog/mkQuire.v:1853.3-1869.6 in
compliance with IEC 62142(E):2005 / IEEE Std. 1364.1(E):2002. Recommending
use of @* instead of @(...) for better match of synthesis and simulation.
Note: Assuming pure combinatorial block at /teamspace/studios/this_studio/Melodica-Integration-into-Fife-Core/Learn_Bluespec_and_RISCV_Design/Code/Build/Fife/verilog/mkQuire.v:1878.3-1894.6 in
compliance with IEC 62142(E):2005 / IEEE Std. 1364.1(E):2002. Recommending
use of @* instead of @(...) for better match of synthesis and simulation.
Note: Assuming pure combinatorial block at /teamspace/studios/this_studio/Melodica-Integration-into-Fife-Core/Learn_Bluespec_and_RISCV_Design/Code/Build/Fife/verilog/mkQuire.v:1903.3-1919.6 in
compliance with IEC 62142(E):2005 / IEEE Std. 1364.1(E):2002. Recommending
use of @* instead of @(...) for better match of synthesis and simulation.
Note: Assuming pure combinatorial block at /teamspace/studios/this_studio/Melodica-Integration-into-Fife-Core/Learn_Bluespec_and_RISCV_Design/Code/Build/Fife/verilog/mkQuire.v:1928.3-1944.6 in
compliance with IEC 62142(E):2005 / IEEE Std. 1364.1(E):2002. Recommending
use of @* instead of @(...) for better match of synthesis and simulation.
Note: Assuming pure combinatorial block at /teamspace/studios/this_studio/Melodica-Integration-into-Fife-Core/Learn_Bluespec_and_RISCV_Design/Code/Build/Fife/verilog/mkQuire.v:1953.3-1969.6 in
compliance with IEC 62142(E):2005 / IEEE Std. 1364.1(E):2002. Recommending
use of @* instead of @(...) for better match of synthesis and simulation.
Note: Assuming pure combinatorial block at /teamspace/studios/this_studio/Melodica-Integration-into-Fife-Core/Learn_Bluespec_and_RISCV_Design/Code/Build/Fife/verilog/mkQuire.v:1978.3-1994.6 in
compliance with IEC 62142(E):2005 / IEEE Std. 1364.1(E):2002. Recommending
use of @* instead of @(...) for better match of synthesis and simulation.
Note: Assuming pure combinatorial block at /teamspace/studios/this_studio/Melodica-Integration-into-Fife-Core/Learn_Bluespec_and_RISCV_Design/Code/Build/Fife/verilog/mkQuire.v:2003.3-2019.10 in
compliance with IEC 62142(E):2005 / IEEE Std. 1364.1(E):2002. Recommending
use of @* instead of @(...) for better match of synthesis and simulation.
Note: Assuming pure combinatorial block at /teamspace/studios/this_studio/Melodica-Integration-into-Fife-Core/Learn_Bluespec_and_RISCV_Design/Code/Build/Fife/verilog/mkQuire.v:2029.3-2045.10 in
compliance with IEC 62142(E):2005 / IEEE Std. 1364.1(E):2002. Recommending
use of @* instead of @(...) for better match of synthesis and simulation.
Note: Assuming pure combinatorial block at /teamspace/studios/this_studio/Melodica-Integration-into-Fife-Core/Learn_Bluespec_and_RISCV_Design/Code/Build/Fife/verilog/mkQuire.v:2055.3-2071.10 in
compliance with IEC 62142(E):2005 / IEEE Std. 1364.1(E):2002. Recommending
use of @* instead of @(...) for better match of synthesis and simulation.
Note: Assuming pure combinatorial block at /teamspace/studios/this_studio/Melodica-Integration-into-Fife-Core/Learn_Bluespec_and_RISCV_Design/Code/Build/Fife/verilog/mkQuire.v:2081.3-2097.10 in
compliance with IEC 62142(E):2005 / IEEE Std. 1364.1(E):2002. Recommending
use of @* instead of @(...) for better match of synthesis and simulation.
Note: Assuming pure combinatorial block at /teamspace/studios/this_studio/Melodica-Integration-into-Fife-Core/Learn_Bluespec_and_RISCV_Design/Code/Build/Fife/verilog/mkQuire.v:2107.3-2123.10 in
compliance with IEC 62142(E):2005 / IEEE Std. 1364.1(E):2002. Recommending
use of @* instead of @(...) for better match of synthesis and simulation.
Note: Assuming pure combinatorial block at /teamspace/studios/this_studio/Melodica-Integration-into-Fife-Core/Learn_Bluespec_and_RISCV_Design/Code/Build/Fife/verilog/mkQuire.v:2133.3-2149.10 in
compliance with IEC 62142(E):2005 / IEEE Std. 1364.1(E):2002. Recommending
use of @* instead of @(...) for better match of synthesis and simulation.
Note: Assuming pure combinatorial block at /teamspace/studios/this_studio/Melodica-Integration-into-Fife-Core/Learn_Bluespec_and_RISCV_Design/Code/Build/Fife/verilog/mkQuire.v:2159.3-2175.10 in
compliance with IEC 62142(E):2005 / IEEE Std. 1364.1(E):2002. Recommending
use of @* instead of @(...) for better match of synthesis and simulation.
Note: Assuming pure combinatorial block at /teamspace/studios/this_studio/Melodica-Integration-into-Fife-Core/Learn_Bluespec_and_RISCV_Design/Code/Build/Fife/verilog/mkQuire.v:2185.3-2198.10 in
compliance with IEC 62142(E):2005 / IEEE Std. 1364.1(E):2002. Recommending
use of @* instead of @(...) for better match of synthesis and simulation.
Note: Assuming pure combinatorial block at /teamspace/studios/this_studio/Melodica-Integration-into-Fife-Core/Learn_Bluespec_and_RISCV_Design/Code/Build/Fife/verilog/mkQuire.v:2208.3-2224.10 in
compliance with IEC 62142(E):2005 / IEEE Std. 1364.1(E):2002. Recommending
use of @* instead of @(...) for better match of synthesis and simulation.
Note: Assuming pure combinatorial block at /teamspace/studios/this_studio/Melodica-Integration-into-Fife-Core/Learn_Bluespec_and_RISCV_Design/Code/Build/Fife/verilog/mkQuire.v:2234.3-2250.10 in
compliance with IEC 62142(E):2005 / IEEE Std. 1364.1(E):2002. Recommending
use of @* instead of @(...) for better match of synthesis and simulation.
Note: Assuming pure combinatorial block at /teamspace/studios/this_studio/Melodica-Integration-into-Fife-Core/Learn_Bluespec_and_RISCV_Design/Code/Build/Fife/verilog/mkQuire.v:2260.3-2276.10 in
compliance with IEC 62142(E):2005 / IEEE Std. 1364.1(E):2002. Recommending
use of @* instead of @(...) for better match of synthesis and simulation.
Note: Assuming pure combinatorial block at /teamspace/studios/this_studio/Melodica-Integration-into-Fife-Core/Learn_Bluespec_and_RISCV_Design/Code/Build/Fife/verilog/mkQuire.v:2286.3-2302.10 in
compliance with IEC 62142(E):2005 / IEEE Std. 1364.1(E):2002. Recommending
use of @* instead of @(...) for better match of synthesis and simulation.
Note: Assuming pure combinatorial block at /teamspace/studios/this_studio/Melodica-Integration-into-Fife-Core/Learn_Bluespec_and_RISCV_Design/Code/Build/Fife/verilog/mkQuire.v:2312.3-2328.10 in
compliance with IEC 62142(E):2005 / IEEE Std. 1364.1(E):2002. Recommending
use of @* instead of @(...) for better match of synthesis and simulation.
Note: Assuming pure combinatorial block at /teamspace/studios/this_studio/Melodica-Integration-into-Fife-Core/Learn_Bluespec_and_RISCV_Design/Code/Build/Fife/verilog/mkQuire.v:2338.3-2354.10 in
compliance with IEC 62142(E):2005 / IEEE Std. 1364.1(E):2002. Recommending
use of @* instead of @(...) for better match of synthesis and simulation.
Note: Assuming pure combinatorial block at /teamspace/studios/this_studio/Melodica-Integration-into-Fife-Core/Learn_Bluespec_and_RISCV_Design/Code/Build/Fife/verilog/mkQuire.v:2364.3-2380.10 in
compliance with IEC 62142(E):2005 / IEEE Std. 1364.1(E):2002. Recommending
use of @* instead of @(...) for better match of synthesis and simulation.
Note: Assuming pure combinatorial block at /teamspace/studios/this_studio/Melodica-Integration-into-Fife-Core/Learn_Bluespec_and_RISCV_Design/Code/Build/Fife/verilog/mkQuire.v:2390.3-2406.10 in
compliance with IEC 62142(E):2005 / IEEE Std. 1364.1(E):2002. Recommending
use of @* instead of @(...) for better match of synthesis and simulation.
Successfully finished Verilog frontend.

7. Executing Verilog-2005 frontend: /teamspace/studios/this_studio/Melodica-Integration-into-Fife-Core/Learn_Bluespec_and_RISCV_Design/Code/Build/Fife/verilog/mkMultiplier.v
Parsing Verilog input from `/teamspace/studios/this_studio/Melodica-Integration-into-Fife-Core/Learn_Bluespec_and_RISCV_Design/Code/Build/Fife/verilog/mkMultiplier.v' to AST representation.
Generating RTLIL representation for module `\mkMultiplier'.
Successfully finished Verilog frontend.

8. Executing Verilog-2005 frontend: /teamspace/studios/this_studio/Melodica-Integration-into-Fife-Core/Learn_Bluespec_and_RISCV_Design/Code/Build/Fife/verilog/mkNormalizer.v
Parsing Verilog input from `/teamspace/studios/this_studio/Melodica-Integration-into-Fife-Core/Learn_Bluespec_and_RISCV_Design/Code/Build/Fife/verilog/mkNormalizer.v' to AST representation.
Generating RTLIL representation for module `\mkNormalizer'.
Note: Assuming pure combinatorial block at /teamspace/studios/this_studio/Melodica-Integration-into-Fife-Core/Learn_Bluespec_and_RISCV_Design/Code/Build/Fife/verilog/mkNormalizer.v:394.3-408.6 in
compliance with IEC 62142(E):2005 / IEEE Std. 1364.1(E):2002. Recommending
use of @* instead of @(...) for better match of synthesis and simulation.
Note: Assuming pure combinatorial block at /teamspace/studios/this_studio/Melodica-Integration-into-Fife-Core/Learn_Bluespec_and_RISCV_Design/Code/Build/Fife/verilog/mkNormalizer.v:409.3-419.6 in
compliance with IEC 62142(E):2005 / IEEE Std. 1364.1(E):2002. Recommending
use of @* instead of @(...) for better match of synthesis and simulation.
Successfully finished Verilog frontend.

9. Executing Verilog-2005 frontend: /teamspace/studios/this_studio/Melodica-Integration-into-Fife-Core/Learn_Bluespec_and_RISCV_Design/Code/Build/Fife/verilog/mkExtracter.v
Parsing Verilog input from `/teamspace/studios/this_studio/Melodica-Integration-into-Fife-Core/Learn_Bluespec_and_RISCV_Design/Code/Build/Fife/verilog/mkExtracter.v' to AST representation.
Generating RTLIL representation for module `\mkExtracter'.
Successfully finished Verilog frontend.

10. Executing Verilog-2005 frontend: /teamspace/studios/this_studio/Melodica-Integration-into-Fife-Core/Learn_Bluespec_and_RISCV_Design/Code/Build/Fife/verilog/mkFtoP_PNE.v
Parsing Verilog input from `/teamspace/studios/this_studio/Melodica-Integration-into-Fife-Core/Learn_Bluespec_and_RISCV_Design/Code/Build/Fife/verilog/mkFtoP_PNE.v' to AST representation.
Generating RTLIL representation for module `\mkFtoP_PNE'.
Successfully finished Verilog frontend.

11. Executing Verilog-2005 frontend: /teamspace/studios/this_studio/Melodica-Integration-into-Fife-Core/Learn_Bluespec_and_RISCV_Design/Code/Build/Fife/verilog/mkPtoF_PNE.v
Parsing Verilog input from `/teamspace/studios/this_studio/Melodica-Integration-into-Fife-Core/Learn_Bluespec_and_RISCV_Design/Code/Build/Fife/verilog/mkPtoF_PNE.v' to AST representation.
Generating RTLIL representation for module `\mkPtoF_PNE'.
Note: Assuming pure combinatorial block at /teamspace/studios/this_studio/Melodica-Integration-into-Fife-Core/Learn_Bluespec_and_RISCV_Design/Code/Build/Fife/verilog/mkPtoF_PNE.v:220.3-227.6 in
compliance with IEC 62142(E):2005 / IEEE Std. 1364.1(E):2002. Recommending
use of @* instead of @(...) for better match of synthesis and simulation.
Note: Assuming pure combinatorial block at /teamspace/studios/this_studio/Melodica-Integration-into-Fife-Core/Learn_Bluespec_and_RISCV_Design/Code/Build/Fife/verilog/mkPtoF_PNE.v:228.3-235.6 in
compliance with IEC 62142(E):2005 / IEEE Std. 1364.1(E):2002. Recommending
use of @* instead of @(...) for better match of synthesis and simulation.
Successfully finished Verilog frontend.

12. Executing Verilog-2005 frontend: /teamspace/studios/this_studio/Melodica-Integration-into-Fife-Core/Learn_Bluespec_and_RISCV_Design/Code/Build/Fife/verilog/mkPositCore.v
Parsing Verilog input from `/teamspace/studios/this_studio/Melodica-Integration-into-Fife-Core/Learn_Bluespec_and_RISCV_Design/Code/Build/Fife/verilog/mkPositCore.v' to AST representation.
Generating RTLIL representation for module `\mkPositCore'.
Successfully finished Verilog frontend.

13. Executing HIERARCHY pass (managing design hierarchy).

13.1. Analyzing design hierarchy..
Top module:  \mkPositCore
Used module:     \mkQuire
Used module:         \module_fn_twosC_quire
Used module:         \SizedFIFO
Used module:         \FIFO1
Used module:     \mkPtoF_PNE
Used module:         \FIFO2
Used module:     \mkNormalizer
Used module:     \mkMultiplier
Used module:     \mkFtoP_PNE
Used module:     \mkExtracter
Parameter \p1width = 32
Parameter \p2depth = 4
Parameter \p3cntr_width = 2
Parameter \guarded = 1'1

13.2. Executing AST frontend in derive mode using pre-parsed AST for module `\SizedFIFO'.
Parameter \p1width = 32
Parameter \p2depth = 4
Parameter \p3cntr_width = 2
Parameter \guarded = 1'1
Generating RTLIL representation for module `$paramod$a0c6df3c1489bcd5c1c6c2071c80faf091665997\SizedFIFO'.
Parameter \p1width = 32
Parameter \p2depth = 4
Parameter \p3cntr_width = 2
Parameter \guarded = 1'1
Found cached RTLIL representation for module `$paramod$a0c6df3c1489bcd5c1c6c2071c80faf091665997\SizedFIFO'.
Parameter \p1width = 32
Parameter \p2depth = 4
Parameter \p3cntr_width = 2
Parameter \guarded = 1'1
Found cached RTLIL representation for module `$paramod$a0c6df3c1489bcd5c1c6c2071c80faf091665997\SizedFIFO'.
Parameter \p1width = 32
Parameter \p2depth = 4
Parameter \p3cntr_width = 2
Parameter \guarded = 1'1
Found cached RTLIL representation for module `$paramod$a0c6df3c1489bcd5c1c6c2071c80faf091665997\SizedFIFO'.
Parameter \p1width = 32
Parameter \p2depth = 4
Parameter \p3cntr_width = 2
Parameter \guarded = 1'1
Found cached RTLIL representation for module `$paramod$a0c6df3c1489bcd5c1c6c2071c80faf091665997\SizedFIFO'.
Parameter \p1width = 32
Parameter \p2depth = 4
Parameter \p3cntr_width = 2
Parameter \guarded = 1'1
Found cached RTLIL representation for module `$paramod$a0c6df3c1489bcd5c1c6c2071c80faf091665997\SizedFIFO'.
Parameter \p1width = 32
Parameter \p2depth = 4
Parameter \p3cntr_width = 2
Parameter \guarded = 1'1
Found cached RTLIL representation for module `$paramod$a0c6df3c1489bcd5c1c6c2071c80faf091665997\SizedFIFO'.
Parameter \p1width = 32
Parameter \p2depth = 4
Parameter \p3cntr_width = 2
Parameter \guarded = 1'1
Found cached RTLIL representation for module `$paramod$a0c6df3c1489bcd5c1c6c2071c80faf091665997\SizedFIFO'.
Parameter \p1width = 32
Parameter \p2depth = 4
Parameter \p3cntr_width = 2
Parameter \guarded = 1'1
Found cached RTLIL representation for module `$paramod$a0c6df3c1489bcd5c1c6c2071c80faf091665997\SizedFIFO'.
Parameter \p1width = 32
Parameter \p2depth = 4
Parameter \p3cntr_width = 2
Parameter \guarded = 1'1
Found cached RTLIL representation for module `$paramod$a0c6df3c1489bcd5c1c6c2071c80faf091665997\SizedFIFO'.
Parameter \p1width = 32
Parameter \p2depth = 4
Parameter \p3cntr_width = 2
Parameter \guarded = 1'1
Found cached RTLIL representation for module `$paramod$a0c6df3c1489bcd5c1c6c2071c80faf091665997\SizedFIFO'.
Parameter \p1width = 32
Parameter \p2depth = 4
Parameter \p3cntr_width = 2
Parameter \guarded = 1'1
Found cached RTLIL representation for module `$paramod$a0c6df3c1489bcd5c1c6c2071c80faf091665997\SizedFIFO'.
Parameter \p1width = 32
Parameter \p2depth = 4
Parameter \p3cntr_width = 2
Parameter \guarded = 1'1
Found cached RTLIL representation for module `$paramod$a0c6df3c1489bcd5c1c6c2071c80faf091665997\SizedFIFO'.
Parameter \p1width = 32
Parameter \p2depth = 4
Parameter \p3cntr_width = 2
Parameter \guarded = 1'1
Found cached RTLIL representation for module `$paramod$a0c6df3c1489bcd5c1c6c2071c80faf091665997\SizedFIFO'.
Parameter \p1width = 32
Parameter \p2depth = 4
Parameter \p3cntr_width = 2
Parameter \guarded = 1'1
Found cached RTLIL representation for module `$paramod$a0c6df3c1489bcd5c1c6c2071c80faf091665997\SizedFIFO'.
Parameter \p1width = 32
Parameter \p2depth = 4
Parameter \p3cntr_width = 2
Parameter \guarded = 1'1
Found cached RTLIL representation for module `$paramod$a0c6df3c1489bcd5c1c6c2071c80faf091665997\SizedFIFO'.
Parameter \p1width = 1
Parameter \p2depth = 4
Parameter \p3cntr_width = 2
Parameter \guarded = 1'1

13.3. Executing AST frontend in derive mode using pre-parsed AST for module `\SizedFIFO'.
Parameter \p1width = 1
Parameter \p2depth = 4
Parameter \p3cntr_width = 2
Parameter \guarded = 1'1
Generating RTLIL representation for module `$paramod$77feb722284cbb4b2efebea6faec56b4318dabcc\SizedFIFO'.
Parameter \p1width = 1
Parameter \p2depth = 4
Parameter \p3cntr_width = 2
Parameter \guarded = 1'1
Found cached RTLIL representation for module `$paramod$77feb722284cbb4b2efebea6faec56b4318dabcc\SizedFIFO'.
Parameter \p1width = 1
Parameter \p2depth = 4
Parameter \p3cntr_width = 2
Parameter \guarded = 1'1
Found cached RTLIL representation for module `$paramod$77feb722284cbb4b2efebea6faec56b4318dabcc\SizedFIFO'.
Parameter \p1width = 1
Parameter \p2depth = 4
Parameter \p3cntr_width = 2
Parameter \guarded = 1'1
Found cached RTLIL representation for module `$paramod$77feb722284cbb4b2efebea6faec56b4318dabcc\SizedFIFO'.
Parameter \p1width = 1
Parameter \p2depth = 4
Parameter \p3cntr_width = 2
Parameter \guarded = 1'1
Found cached RTLIL representation for module `$paramod$77feb722284cbb4b2efebea6faec56b4318dabcc\SizedFIFO'.
Parameter \p1width = 1
Parameter \p2depth = 4
Parameter \p3cntr_width = 2
Parameter \guarded = 1'1
Found cached RTLIL representation for module `$paramod$77feb722284cbb4b2efebea6faec56b4318dabcc\SizedFIFO'.
Parameter \p1width = 1
Parameter \p2depth = 4
Parameter \p3cntr_width = 2
Parameter \guarded = 1'1
Found cached RTLIL representation for module `$paramod$77feb722284cbb4b2efebea6faec56b4318dabcc\SizedFIFO'.
Parameter \p1width = 1
Parameter \p2depth = 4
Parameter \p3cntr_width = 2
Parameter \guarded = 1'1
Found cached RTLIL representation for module `$paramod$77feb722284cbb4b2efebea6faec56b4318dabcc\SizedFIFO'.
Parameter \p1width = 1
Parameter \p2depth = 4
Parameter \p3cntr_width = 2
Parameter \guarded = 1'1
Found cached RTLIL representation for module `$paramod$77feb722284cbb4b2efebea6faec56b4318dabcc\SizedFIFO'.
Parameter \p1width = 1
Parameter \p2depth = 4
Parameter \p3cntr_width = 2
Parameter \guarded = 1'1
Found cached RTLIL representation for module `$paramod$77feb722284cbb4b2efebea6faec56b4318dabcc\SizedFIFO'.
Parameter \p1width = 1
Parameter \p2depth = 4
Parameter \p3cntr_width = 2
Parameter \guarded = 1'1
Found cached RTLIL representation for module `$paramod$77feb722284cbb4b2efebea6faec56b4318dabcc\SizedFIFO'.
Parameter \p1width = 1
Parameter \p2depth = 4
Parameter \p3cntr_width = 2
Parameter \guarded = 1'1
Found cached RTLIL representation for module `$paramod$77feb722284cbb4b2efebea6faec56b4318dabcc\SizedFIFO'.
Parameter \p1width = 1
Parameter \p2depth = 4
Parameter \p3cntr_width = 2
Parameter \guarded = 1'1
Found cached RTLIL representation for module `$paramod$77feb722284cbb4b2efebea6faec56b4318dabcc\SizedFIFO'.
Parameter \p1width = 1
Parameter \p2depth = 4
Parameter \p3cntr_width = 2
Parameter \guarded = 1'1
Found cached RTLIL representation for module `$paramod$77feb722284cbb4b2efebea6faec56b4318dabcc\SizedFIFO'.
Parameter \p1width = 1
Parameter \p2depth = 4
Parameter \p3cntr_width = 2
Parameter \guarded = 1'1
Found cached RTLIL representation for module `$paramod$77feb722284cbb4b2efebea6faec56b4318dabcc\SizedFIFO'.
Parameter \width = 41
Parameter \guarded = 1'1

13.4. Executing AST frontend in derive mode using pre-parsed AST for module `\FIFO1'.
Parameter \width = 41
Parameter \guarded = 1'1
Generating RTLIL representation for module `$paramod\FIFO1\width=32'00000000000000000000000000101001\guarded=1'1'.
Parameter \width = 10
Parameter \guarded = 1'1

13.5. Executing AST frontend in derive mode using pre-parsed AST for module `\FIFO1'.
Parameter \width = 10
Parameter \guarded = 1'1
Generating RTLIL representation for module `$paramod\FIFO1\width=32'00000000000000000000000000001010\guarded=1'1'.
Parameter \width = 486
Parameter \guarded = 1'1

13.6. Executing AST frontend in derive mode using pre-parsed AST for module `\FIFO1'.
Parameter \width = 486
Parameter \guarded = 1'1
Generating RTLIL representation for module `$paramod\FIFO1\width=32'00000000000000000000000111100110\guarded=1'1'.
Parameter \width = 69
Parameter \guarded = 1'1

13.7. Executing AST frontend in derive mode using pre-parsed AST for module `\FIFO1'.
Parameter \width = 69
Parameter \guarded = 1'1
Generating RTLIL representation for module `$paramod\FIFO1\width=32'00000000000000000000000001000101\guarded=1'1'.
Parameter \width = 70
Parameter \guarded = 1'1

13.8. Executing AST frontend in derive mode using pre-parsed AST for module `\FIFO1'.
Parameter \width = 70
Parameter \guarded = 1'1
Generating RTLIL representation for module `$paramod\FIFO1\width=32'00000000000000000000000001000110\guarded=1'1'.
Parameter \width = 36
Parameter \guarded = 1'1

13.9. Executing AST frontend in derive mode using pre-parsed AST for module `\FIFO1'.
Parameter \width = 36
Parameter \guarded = 1'1
Generating RTLIL representation for module `$paramod\FIFO1\width=32'00000000000000000000000000100100\guarded=1'1'.
Parameter \width = 38
Parameter \guarded = 1'1

13.10. Executing AST frontend in derive mode using pre-parsed AST for module `\FIFO2'.
Parameter \width = 38
Parameter \guarded = 1'1
Generating RTLIL representation for module `$paramod\FIFO2\width=32'00000000000000000000000000100110\guarded=1'1'.
Parameter \width = 41
Parameter \guarded = 1'1
Found cached RTLIL representation for module `$paramod\FIFO1\width=32'00000000000000000000000000101001\guarded=1'1'.
Parameter \width = 35
Parameter \guarded = 1'1

13.11. Executing AST frontend in derive mode using pre-parsed AST for module `\FIFO2'.
Parameter \width = 35
Parameter \guarded = 1'1
Generating RTLIL representation for module `$paramod\FIFO2\width=32'00000000000000000000000000100011\guarded=1'1'.
Parameter \width = 71
Parameter \guarded = 1'1

13.12. Executing AST frontend in derive mode using pre-parsed AST for module `\FIFO1'.
Parameter \width = 71
Parameter \guarded = 1'1
Generating RTLIL representation for module `$paramod\FIFO1\width=32'00000000000000000000000001000111\guarded=1'1'.
Parameter \width = 138
Parameter \guarded = 1'1

13.13. Executing AST frontend in derive mode using pre-parsed AST for module `\FIFO2'.
Parameter \width = 138
Parameter \guarded = 1'1
Generating RTLIL representation for module `$paramod\FIFO2\width=32'00000000000000000000000010001010\guarded=1'1'.
Parameter \width = 3
Parameter \guarded = 1'1

13.14. Executing AST frontend in derive mode using pre-parsed AST for module `\FIFO2'.
Parameter \width = 3
Parameter \guarded = 1'1
Generating RTLIL representation for module `$paramod\FIFO2\width=32'00000000000000000000000000000011\guarded=1'1'.
Parameter \width = 3
Parameter \guarded = 1'1
Found cached RTLIL representation for module `$paramod\FIFO2\width=32'00000000000000000000000000000011\guarded=1'1'.

13.15. Analyzing design hierarchy..
Top module:  \mkPositCore
Used module:     \mkQuire
Used module:         \module_fn_twosC_quire
Used module:         $paramod$a0c6df3c1489bcd5c1c6c2071c80faf091665997\SizedFIFO
Used module:         $paramod$77feb722284cbb4b2efebea6faec56b4318dabcc\SizedFIFO
Used module:         $paramod\FIFO1\width=32'00000000000000000000000000101001\guarded=1'1
Used module:         $paramod\FIFO1\width=32'00000000000000000000000000001010\guarded=1'1
Used module:     \mkPtoF_PNE
Used module:         $paramod\FIFO2\width=32'00000000000000000000000000100011\guarded=1'1
Used module:     \mkNormalizer
Used module:         $paramod\FIFO1\width=32'00000000000000000000000001000110\guarded=1'1
Used module:         $paramod\FIFO1\width=32'00000000000000000000000000100100\guarded=1'1
Used module:     \mkMultiplier
Used module:         $paramod\FIFO1\width=32'00000000000000000000000111100110\guarded=1'1
Used module:         $paramod\FIFO1\width=32'00000000000000000000000001000101\guarded=1'1
Used module:     \mkFtoP_PNE
Used module:     $paramod\FIFO1\width=32'00000000000000000000000001000111\guarded=1'1
Used module:     $paramod\FIFO2\width=32'00000000000000000000000010001010\guarded=1'1
Used module:     \mkExtracter
Used module:         $paramod\FIFO2\width=32'00000000000000000000000000100110\guarded=1'1
Used module:     $paramod\FIFO2\width=32'00000000000000000000000000000011\guarded=1'1

13.16. Analyzing design hierarchy..
Top module:  \mkPositCore
Used module:     \mkQuire
Used module:         \module_fn_twosC_quire
Used module:         $paramod$a0c6df3c1489bcd5c1c6c2071c80faf091665997\SizedFIFO
Used module:         $paramod$77feb722284cbb4b2efebea6faec56b4318dabcc\SizedFIFO
Used module:         $paramod\FIFO1\width=32'00000000000000000000000000101001\guarded=1'1
Used module:         $paramod\FIFO1\width=32'00000000000000000000000000001010\guarded=1'1
Used module:     \mkPtoF_PNE
Used module:         $paramod\FIFO2\width=32'00000000000000000000000000100011\guarded=1'1
Used module:     \mkNormalizer
Used module:         $paramod\FIFO1\width=32'00000000000000000000000001000110\guarded=1'1
Used module:         $paramod\FIFO1\width=32'00000000000000000000000000100100\guarded=1'1
Used module:     \mkMultiplier
Used module:         $paramod\FIFO1\width=32'00000000000000000000000111100110\guarded=1'1
Used module:         $paramod\FIFO1\width=32'00000000000000000000000001000101\guarded=1'1
Used module:     \mkFtoP_PNE
Used module:     $paramod\FIFO1\width=32'00000000000000000000000001000111\guarded=1'1
Used module:     $paramod\FIFO2\width=32'00000000000000000000000010001010\guarded=1'1
Used module:     \mkExtracter
Used module:         $paramod\FIFO2\width=32'00000000000000000000000000100110\guarded=1'1
Used module:     $paramod\FIFO2\width=32'00000000000000000000000000000011\guarded=1'1
Removing unused module `\RegFile'.
Removing unused module `\SizedFIFO'.
Removing unused module `\FIFO2'.
Removing unused module `\FIFO1'.
Removed 4 unused modules.

14. Executing SYNTH pass.

14.1. Executing HIERARCHY pass (managing design hierarchy).

14.1.1. Analyzing design hierarchy..
Top module:  \mkPositCore
Used module:     \mkQuire
Used module:         \module_fn_twosC_quire
Used module:         $paramod$a0c6df3c1489bcd5c1c6c2071c80faf091665997\SizedFIFO
Used module:         $paramod$77feb722284cbb4b2efebea6faec56b4318dabcc\SizedFIFO
Used module:         $paramod\FIFO1\width=32'00000000000000000000000000101001\guarded=1'1
Used module:         $paramod\FIFO1\width=32'00000000000000000000000000001010\guarded=1'1
Used module:     \mkPtoF_PNE
Used module:         $paramod\FIFO2\width=32'00000000000000000000000000100011\guarded=1'1
Used module:     \mkNormalizer
Used module:         $paramod\FIFO1\width=32'00000000000000000000000001000110\guarded=1'1
Used module:         $paramod\FIFO1\width=32'00000000000000000000000000100100\guarded=1'1
Used module:     \mkMultiplier
Used module:         $paramod\FIFO1\width=32'00000000000000000000000111100110\guarded=1'1
Used module:         $paramod\FIFO1\width=32'00000000000000000000000001000101\guarded=1'1
Used module:     \mkFtoP_PNE
Used module:     $paramod\FIFO1\width=32'00000000000000000000000001000111\guarded=1'1
Used module:     $paramod\FIFO2\width=32'00000000000000000000000010001010\guarded=1'1
Used module:     \mkExtracter
Used module:         $paramod\FIFO2\width=32'00000000000000000000000000100110\guarded=1'1
Used module:     $paramod\FIFO2\width=32'00000000000000000000000000000011\guarded=1'1

14.1.2. Analyzing design hierarchy..
Top module:  \mkPositCore
Used module:     \mkQuire
Used module:         \module_fn_twosC_quire
Used module:         $paramod$a0c6df3c1489bcd5c1c6c2071c80faf091665997\SizedFIFO
Used module:         $paramod$77feb722284cbb4b2efebea6faec56b4318dabcc\SizedFIFO
Used module:         $paramod\FIFO1\width=32'00000000000000000000000000101001\guarded=1'1
Used module:         $paramod\FIFO1\width=32'00000000000000000000000000001010\guarded=1'1
Used module:     \mkPtoF_PNE
Used module:         $paramod\FIFO2\width=32'00000000000000000000000000100011\guarded=1'1
Used module:     \mkNormalizer
Used module:         $paramod\FIFO1\width=32'00000000000000000000000001000110\guarded=1'1
Used module:         $paramod\FIFO1\width=32'00000000000000000000000000100100\guarded=1'1
Used module:     \mkMultiplier
Used module:         $paramod\FIFO1\width=32'00000000000000000000000111100110\guarded=1'1
Used module:         $paramod\FIFO1\width=32'00000000000000000000000001000101\guarded=1'1
Used module:     \mkFtoP_PNE
Used module:     $paramod\FIFO1\width=32'00000000000000000000000001000111\guarded=1'1
Used module:     $paramod\FIFO2\width=32'00000000000000000000000010001010\guarded=1'1
Used module:     \mkExtracter
Used module:         $paramod\FIFO2\width=32'00000000000000000000000000100110\guarded=1'1
Used module:     $paramod\FIFO2\width=32'00000000000000000000000000000011\guarded=1'1
Removed 0 unused modules.

14.2. Executing PROC pass (convert processes to netlists).

14.2.1. Executing PROC_CLEAN pass (remove empty switches from decision trees).
Cleaned up 0 empty switches.

14.2.2. Executing PROC_RMDEAD pass (remove dead branches from decision trees).
Marked 3 switch rules as full_case in process $proc$/teamspace/studios/this_studio/Melodica-Integration-into-Fife-Core/bsc/lib/Verilog/FIFO2.v:81$1572 in module $paramod\FIFO2\width=32'00000000000000000000000000100110\guarded=1'1.
Marked 3 switch rules as full_case in process $proc$/teamspace/studios/this_studio/Melodica-Integration-into-Fife-Core/bsc/lib/Verilog/FIFO1.v:73$1552 in module $paramod\FIFO1\width=32'00000000000000000000000000100100\guarded=1'1.
Marked 3 switch rules as full_case in process $proc$/teamspace/studios/this_studio/Melodica-Integration-into-Fife-Core/bsc/lib/Verilog/FIFO1.v:73$1548 in module $paramod\FIFO1\width=32'00000000000000000000000001000110\guarded=1'1.
Marked 3 switch rules as full_case in process $proc$/teamspace/studios/this_studio/Melodica-Integration-into-Fife-Core/bsc/lib/Verilog/FIFO1.v:73$1544 in module $paramod\FIFO1\width=32'00000000000000000000000001000101\guarded=1'1.
Marked 3 switch rules as full_case in process $proc$/teamspace/studios/this_studio/Melodica-Integration-into-Fife-Core/bsc/lib/Verilog/FIFO1.v:73$1540 in module $paramod\FIFO1\width=32'00000000000000000000000111100110\guarded=1'1.
Marked 3 switch rules as full_case in process $proc$/teamspace/studios/this_studio/Melodica-Integration-into-Fife-Core/bsc/lib/Verilog/FIFO1.v:73$1536 in module $paramod\FIFO1\width=32'00000000000000000000000000001010\guarded=1'1.
Marked 3 switch rules as full_case in process $proc$/teamspace/studios/this_studio/Melodica-Integration-into-Fife-Core/bsc/lib/Verilog/FIFO1.v:73$1532 in module $paramod\FIFO1\width=32'00000000000000000000000000101001\guarded=1'1.
Marked 1 switch rules as full_case in process $proc$/teamspace/studios/this_studio/Melodica-Integration-into-Fife-Core/bsc/lib/Verilog/SizedFIFO.v:190$1515 in module $paramod$77feb722284cbb4b2efebea6faec56b4318dabcc\SizedFIFO.
Marked 1 switch rules as full_case in process $proc$/teamspace/studios/this_studio/Melodica-Integration-into-Fife-Core/bsc/lib/Verilog/SizedFIFO.v:107$1507 in module $paramod$77feb722284cbb4b2efebea6faec56b4318dabcc\SizedFIFO.
Marked 1 switch rules as full_case in process $proc$/teamspace/studios/this_studio/Melodica-Integration-into-Fife-Core/bsc/lib/Verilog/SizedFIFO.v:190$1484 in module $paramod$a0c6df3c1489bcd5c1c6c2071c80faf091665997\SizedFIFO.
Marked 1 switch rules as full_case in process $proc$/teamspace/studios/this_studio/Melodica-Integration-into-Fife-Core/bsc/lib/Verilog/SizedFIFO.v:107$1476 in module $paramod$a0c6df3c1489bcd5c1c6c2071c80faf091665997\SizedFIFO.
Marked 1 switch rules as full_case in process $proc$/teamspace/studios/this_studio/Melodica-Integration-into-Fife-Core/Learn_Bluespec_and_RISCV_Design/Code/Build/Fife/verilog/mkPositCore.v:611$1467 in module mkPositCore.
Marked 1 switch rules as full_case in process $proc$/teamspace/studios/this_studio/Melodica-Integration-into-Fife-Core/Learn_Bluespec_and_RISCV_Design/Code/Build/Fife/verilog/mkPtoF_PNE.v:228$1341 in module mkPtoF_PNE.
Marked 1 switch rules as full_case in process $proc$/teamspace/studios/this_studio/Melodica-Integration-into-Fife-Core/Learn_Bluespec_and_RISCV_Design/Code/Build/Fife/verilog/mkPtoF_PNE.v:220$1339 in module mkPtoF_PNE.
Marked 1 switch rules as full_case in process $proc$/teamspace/studios/this_studio/Melodica-Integration-into-Fife-Core/Learn_Bluespec_and_RISCV_Design/Code/Build/Fife/verilog/mkNormalizer.v:409$1220 in module mkNormalizer.
Marked 1 switch rules as full_case in process $proc$/teamspace/studios/this_studio/Melodica-Integration-into-Fife-Core/Learn_Bluespec_and_RISCV_Design/Code/Build/Fife/verilog/mkNormalizer.v:394$1216 in module mkNormalizer.
Marked 1 switch rules as full_case in process $proc$/teamspace/studios/this_studio/Melodica-Integration-into-Fife-Core/Learn_Bluespec_and_RISCV_Design/Code/Build/Fife/verilog/mkQuire.v:3234$1015 in module mkQuire.
Marked 1 switch rules as full_case in process $proc$/teamspace/studios/this_studio/Melodica-Integration-into-Fife-Core/Learn_Bluespec_and_RISCV_Design/Code/Build/Fife/verilog/mkQuire.v:2390$770 in module mkQuire.
Marked 1 switch rules as full_case in process $proc$/teamspace/studios/this_studio/Melodica-Integration-into-Fife-Core/Learn_Bluespec_and_RISCV_Design/Code/Build/Fife/verilog/mkQuire.v:2364$756 in module mkQuire.
Marked 1 switch rules as full_case in process $proc$/teamspace/studios/this_studio/Melodica-Integration-into-Fife-Core/Learn_Bluespec_and_RISCV_Design/Code/Build/Fife/verilog/mkQuire.v:2338$742 in module mkQuire.
Marked 1 switch rules as full_case in process $proc$/teamspace/studios/this_studio/Melodica-Integration-into-Fife-Core/Learn_Bluespec_and_RISCV_Design/Code/Build/Fife/verilog/mkQuire.v:2312$728 in module mkQuire.
Marked 1 switch rules as full_case in process $proc$/teamspace/studios/this_studio/Melodica-Integration-into-Fife-Core/Learn_Bluespec_and_RISCV_Design/Code/Build/Fife/verilog/mkQuire.v:2286$714 in module mkQuire.
Marked 1 switch rules as full_case in process $proc$/teamspace/studios/this_studio/Melodica-Integration-into-Fife-Core/Learn_Bluespec_and_RISCV_Design/Code/Build/Fife/verilog/mkQuire.v:2260$700 in module mkQuire.
Marked 1 switch rules as full_case in process $proc$/teamspace/studios/this_studio/Melodica-Integration-into-Fife-Core/Learn_Bluespec_and_RISCV_Design/Code/Build/Fife/verilog/mkQuire.v:2234$686 in module mkQuire.
Marked 1 switch rules as full_case in process $proc$/teamspace/studios/this_studio/Melodica-Integration-into-Fife-Core/Learn_Bluespec_and_RISCV_Design/Code/Build/Fife/verilog/mkQuire.v:2208$672 in module mkQuire.
Marked 1 switch rules as full_case in process $proc$/teamspace/studios/this_studio/Melodica-Integration-into-Fife-Core/Learn_Bluespec_and_RISCV_Design/Code/Build/Fife/verilog/mkQuire.v:2185$659 in module mkQuire.
Marked 1 switch rules as full_case in process $proc$/teamspace/studios/this_studio/Melodica-Integration-into-Fife-Core/Learn_Bluespec_and_RISCV_Design/Code/Build/Fife/verilog/mkQuire.v:2159$645 in module mkQuire.
Marked 1 switch rules as full_case in process $proc$/teamspace/studios/this_studio/Melodica-Integration-into-Fife-Core/Learn_Bluespec_and_RISCV_Design/Code/Build/Fife/verilog/mkQuire.v:2133$631 in module mkQuire.
Marked 1 switch rules as full_case in process $proc$/teamspace/studios/this_studio/Melodica-Integration-into-Fife-Core/Learn_Bluespec_and_RISCV_Design/Code/Build/Fife/verilog/mkQuire.v:2107$617 in module mkQuire.
Marked 1 switch rules as full_case in process $proc$/teamspace/studios/this_studio/Melodica-Integration-into-Fife-Core/Learn_Bluespec_and_RISCV_Design/Code/Build/Fife/verilog/mkQuire.v:2081$603 in module mkQuire.
Marked 1 switch rules as full_case in process $proc$/teamspace/studios/this_studio/Melodica-Integration-into-Fife-Core/Learn_Bluespec_and_RISCV_Design/Code/Build/Fife/verilog/mkQuire.v:2055$589 in module mkQuire.
Marked 1 switch rules as full_case in process $proc$/teamspace/studios/this_studio/Melodica-Integration-into-Fife-Core/Learn_Bluespec_and_RISCV_Design/Code/Build/Fife/verilog/mkQuire.v:2029$575 in module mkQuire.
Marked 1 switch rules as full_case in process $proc$/teamspace/studios/this_studio/Melodica-Integration-into-Fife-Core/Learn_Bluespec_and_RISCV_Design/Code/Build/Fife/verilog/mkQuire.v:2003$561 in module mkQuire.
Marked 1 switch rules as full_case in process $proc$/teamspace/studios/this_studio/Melodica-Integration-into-Fife-Core/Learn_Bluespec_and_RISCV_Design/Code/Build/Fife/verilog/mkQuire.v:1978$551 in module mkQuire.
Marked 1 switch rules as full_case in process $proc$/teamspace/studios/this_studio/Melodica-Integration-into-Fife-Core/Learn_Bluespec_and_RISCV_Design/Code/Build/Fife/verilog/mkQuire.v:1953$541 in module mkQuire.
Marked 1 switch rules as full_case in process $proc$/teamspace/studios/this_studio/Melodica-Integration-into-Fife-Core/Learn_Bluespec_and_RISCV_Design/Code/Build/Fife/verilog/mkQuire.v:1928$531 in module mkQuire.
Marked 1 switch rules as full_case in process $proc$/teamspace/studios/this_studio/Melodica-Integration-into-Fife-Core/Learn_Bluespec_and_RISCV_Design/Code/Build/Fife/verilog/mkQuire.v:1903$521 in module mkQuire.
Marked 1 switch rules as full_case in process $proc$/teamspace/studios/this_studio/Melodica-Integration-into-Fife-Core/Learn_Bluespec_and_RISCV_Design/Code/Build/Fife/verilog/mkQuire.v:1878$511 in module mkQuire.
Marked 1 switch rules as full_case in process $proc$/teamspace/studios/this_studio/Melodica-Integration-into-Fife-Core/Learn_Bluespec_and_RISCV_Design/Code/Build/Fife/verilog/mkQuire.v:1853$501 in module mkQuire.
Marked 1 switch rules as full_case in process $proc$/teamspace/studios/this_studio/Melodica-Integration-into-Fife-Core/Learn_Bluespec_and_RISCV_Design/Code/Build/Fife/verilog/mkQuire.v:1828$491 in module mkQuire.
Marked 1 switch rules as full_case in process $proc$/teamspace/studios/this_studio/Melodica-Integration-into-Fife-Core/Learn_Bluespec_and_RISCV_Design/Code/Build/Fife/verilog/mkQuire.v:1803$481 in module mkQuire.
Marked 1 switch rules as full_case in process $proc$/teamspace/studios/this_studio/Melodica-Integration-into-Fife-Core/Learn_Bluespec_and_RISCV_Design/Code/Build/Fife/verilog/mkQuire.v:1778$471 in module mkQuire.
Marked 1 switch rules as full_case in process $proc$/teamspace/studios/this_studio/Melodica-Integration-into-Fife-Core/Learn_Bluespec_and_RISCV_Design/Code/Build/Fife/verilog/mkQuire.v:1753$461 in module mkQuire.
Marked 1 switch rules as full_case in process $proc$/teamspace/studios/this_studio/Melodica-Integration-into-Fife-Core/Learn_Bluespec_and_RISCV_Design/Code/Build/Fife/verilog/mkQuire.v:1728$451 in module mkQuire.
Marked 1 switch rules as full_case in process $proc$/teamspace/studios/this_studio/Melodica-Integration-into-Fife-Core/Learn_Bluespec_and_RISCV_Design/Code/Build/Fife/verilog/mkQuire.v:1703$441 in module mkQuire.
Marked 1 switch rules as full_case in process $proc$/teamspace/studios/this_studio/Melodica-Integration-into-Fife-Core/Learn_Bluespec_and_RISCV_Design/Code/Build/Fife/verilog/mkQuire.v:1678$431 in module mkQuire.
Marked 1 switch rules as full_case in process $proc$/teamspace/studios/this_studio/Melodica-Integration-into-Fife-Core/Learn_Bluespec_and_RISCV_Design/Code/Build/Fife/verilog/mkQuire.v:1653$421 in module mkQuire.
Marked 1 switch rules as full_case in process $proc$/teamspace/studios/this_studio/Melodica-Integration-into-Fife-Core/Learn_Bluespec_and_RISCV_Design/Code/Build/Fife/verilog/mkQuire.v:1629$411 in module mkQuire.
Marked 1 switch rules as full_case in process $proc$/teamspace/studios/this_studio/Melodica-Integration-into-Fife-Core/Learn_Bluespec_and_RISCV_Design/Code/Build/Fife/verilog/mkQuire.v:1606$401 in module mkQuire.
Marked 3 switch rules as full_case in process $proc$/teamspace/studios/this_studio/Melodica-Integration-into-Fife-Core/bsc/lib/Verilog/FIFO2.v:81$1672 in module $paramod\FIFO2\width=32'00000000000000000000000000000011\guarded=1'1.
Marked 3 switch rules as full_case in process $proc$/teamspace/studios/this_studio/Melodica-Integration-into-Fife-Core/bsc/lib/Verilog/FIFO2.v:81$1640 in module $paramod\FIFO2\width=32'00000000000000000000000010001010\guarded=1'1.
Marked 3 switch rules as full_case in process $proc$/teamspace/studios/this_studio/Melodica-Integration-into-Fife-Core/bsc/lib/Verilog/FIFO1.v:73$1620 in module $paramod\FIFO1\width=32'00000000000000000000000001000111\guarded=1'1.
Marked 3 switch rules as full_case in process $proc$/teamspace/studios/this_studio/Melodica-Integration-into-Fife-Core/bsc/lib/Verilog/FIFO2.v:81$1604 in module $paramod\FIFO2\width=32'00000000000000000000000000100011\guarded=1'1.
Removed a total of 0 dead cases.

14.2.3. Executing PROC_PRUNE pass (remove redundant assignments in processes).
Removed 0 redundant assignments.
Promoted 50 assignments to connections.

14.2.4. Executing PROC_INIT pass (extract init attributes).

14.2.5. Executing PROC_ARST pass (detect async resets in processes).

14.2.6. Executing PROC_ROM pass (convert switches to ROMs).
Converted 0 switches.
<suppressed ~138 debug messages>

14.2.7. Executing PROC_MUX pass (convert decision trees to multiplexers).
Creating decoders for process `$paramod\FIFO2\width=32'00000000000000000000000000100110\guarded=1'1.$proc$/teamspace/studios/this_studio/Melodica-Integration-into-Fife-Core/bsc/lib/Verilog/FIFO2.v:110$1580'.
Creating decoders for process `$paramod\FIFO2\width=32'00000000000000000000000000100110\guarded=1'1.$proc$/teamspace/studios/this_studio/Melodica-Integration-into-Fife-Core/bsc/lib/Verilog/FIFO2.v:81$1572'.
     1/2: $0\full_reg[0:0]
     2/2: $0\empty_reg[0:0]
Creating decoders for process `$paramod\FIFO1\width=32'00000000000000000000000000100100\guarded=1'1.$proc$/teamspace/studios/this_studio/Melodica-Integration-into-Fife-Core/bsc/lib/Verilog/FIFO1.v:96$1554'.
     1/1: $0\D_OUT[35:0]
Creating decoders for process `$paramod\FIFO1\width=32'00000000000000000000000000100100\guarded=1'1.$proc$/teamspace/studios/this_studio/Melodica-Integration-into-Fife-Core/bsc/lib/Verilog/FIFO1.v:73$1552'.
     1/1: $0\empty_reg[0:0]
Creating decoders for process `$paramod\FIFO1\width=32'00000000000000000000000001000110\guarded=1'1.$proc$/teamspace/studios/this_studio/Melodica-Integration-into-Fife-Core/bsc/lib/Verilog/FIFO1.v:96$1550'.
     1/1: $0\D_OUT[69:0]
Creating decoders for process `$paramod\FIFO1\width=32'00000000000000000000000001000110\guarded=1'1.$proc$/teamspace/studios/this_studio/Melodica-Integration-into-Fife-Core/bsc/lib/Verilog/FIFO1.v:73$1548'.
     1/1: $0\empty_reg[0:0]
Creating decoders for process `$paramod\FIFO1\width=32'00000000000000000000000001000101\guarded=1'1.$proc$/teamspace/studios/this_studio/Melodica-Integration-into-Fife-Core/bsc/lib/Verilog/FIFO1.v:96$1546'.
     1/1: $0\D_OUT[68:0]
Creating decoders for process `$paramod\FIFO1\width=32'00000000000000000000000001000101\guarded=1'1.$proc$/teamspace/studios/this_studio/Melodica-Integration-into-Fife-Core/bsc/lib/Verilog/FIFO1.v:73$1544'.
     1/1: $0\empty_reg[0:0]
Creating decoders for process `$paramod\FIFO1\width=32'00000000000000000000000111100110\guarded=1'1.$proc$/teamspace/studios/this_studio/Melodica-Integration-into-Fife-Core/bsc/lib/Verilog/FIFO1.v:96$1542'.
     1/1: $0\D_OUT[485:0]
Creating decoders for process `$paramod\FIFO1\width=32'00000000000000000000000111100110\guarded=1'1.$proc$/teamspace/studios/this_studio/Melodica-Integration-into-Fife-Core/bsc/lib/Verilog/FIFO1.v:73$1540'.
     1/1: $0\empty_reg[0:0]
Creating decoders for process `$paramod\FIFO1\width=32'00000000000000000000000000001010\guarded=1'1.$proc$/teamspace/studios/this_studio/Melodica-Integration-into-Fife-Core/bsc/lib/Verilog/FIFO1.v:96$1538'.
     1/1: $0\D_OUT[9:0]
Creating decoders for process `$paramod\FIFO1\width=32'00000000000000000000000000001010\guarded=1'1.$proc$/teamspace/studios/this_studio/Melodica-Integration-into-Fife-Core/bsc/lib/Verilog/FIFO1.v:73$1536'.
     1/1: $0\empty_reg[0:0]
Creating decoders for process `$paramod\FIFO1\width=32'00000000000000000000000000101001\guarded=1'1.$proc$/teamspace/studios/this_studio/Melodica-Integration-into-Fife-Core/bsc/lib/Verilog/FIFO1.v:96$1534'.
     1/1: $0\D_OUT[40:0]
Creating decoders for process `$paramod\FIFO1\width=32'00000000000000000000000000101001\guarded=1'1.$proc$/teamspace/studios/this_studio/Melodica-Integration-into-Fife-Core/bsc/lib/Verilog/FIFO1.v:73$1532'.
     1/1: $0\empty_reg[0:0]
Creating decoders for process `$paramod$77feb722284cbb4b2efebea6faec56b4318dabcc\SizedFIFO.$proc$/teamspace/studios/this_studio/Melodica-Integration-into-Fife-Core/bsc/lib/Verilog/SizedFIFO.v:190$1515'.
     1/3: $1$memwr$\arr$/teamspace/studios/this_studio/Melodica-Integration-into-Fife-Core/bsc/lib/Verilog/SizedFIFO.v:206$1500_EN[0:0]$1530
     2/3: $1$memwr$\arr$/teamspace/studios/this_studio/Melodica-Integration-into-Fife-Core/bsc/lib/Verilog/SizedFIFO.v:206$1500_DATA[0:0]$1529
     3/3: $1$memwr$\arr$/teamspace/studios/this_studio/Melodica-Integration-into-Fife-Core/bsc/lib/Verilog/SizedFIFO.v:206$1500_ADDR[1:0]$1528
Creating decoders for process `$paramod$77feb722284cbb4b2efebea6faec56b4318dabcc\SizedFIFO.$proc$/teamspace/studios/this_studio/Melodica-Integration-into-Fife-Core/bsc/lib/Verilog/SizedFIFO.v:167$1512'.
     1/1: $0\D_OUT[0:0]
Creating decoders for process `$paramod$77feb722284cbb4b2efebea6faec56b4318dabcc\SizedFIFO.$proc$/teamspace/studios/this_studio/Melodica-Integration-into-Fife-Core/bsc/lib/Verilog/SizedFIFO.v:107$1507'.
     1/5: $0\hasodata[0:0]
     2/5: $0\tail[1:0]
     3/5: $0\head[1:0]
     4/5: $0\ring_empty[0:0]
     5/5: $0\not_ring_full[0:0]
Creating decoders for process `$paramod$a0c6df3c1489bcd5c1c6c2071c80faf091665997\SizedFIFO.$proc$/teamspace/studios/this_studio/Melodica-Integration-into-Fife-Core/bsc/lib/Verilog/SizedFIFO.v:190$1484'.
     1/3: $1$memwr$\arr$/teamspace/studios/this_studio/Melodica-Integration-into-Fife-Core/bsc/lib/Verilog/SizedFIFO.v:206$1469_EN[31:0]$1499
     2/3: $1$memwr$\arr$/teamspace/studios/this_studio/Melodica-Integration-into-Fife-Core/bsc/lib/Verilog/SizedFIFO.v:206$1469_DATA[31:0]$1498
     3/3: $1$memwr$\arr$/teamspace/studios/this_studio/Melodica-Integration-into-Fife-Core/bsc/lib/Verilog/SizedFIFO.v:206$1469_ADDR[1:0]$1497
Creating decoders for process `$paramod$a0c6df3c1489bcd5c1c6c2071c80faf091665997\SizedFIFO.$proc$/teamspace/studios/this_studio/Melodica-Integration-into-Fife-Core/bsc/lib/Verilog/SizedFIFO.v:167$1481'.
     1/1: $0\D_OUT[31:0]
Creating decoders for process `$paramod$a0c6df3c1489bcd5c1c6c2071c80faf091665997\SizedFIFO.$proc$/teamspace/studios/this_studio/Melodica-Integration-into-Fife-Core/bsc/lib/Verilog/SizedFIFO.v:107$1476'.
     1/5: $0\hasodata[0:0]
     2/5: $0\tail[1:0]
     3/5: $0\head[1:0]
     4/5: $0\ring_empty[0:0]
     5/5: $0\not_ring_full[0:0]
Creating decoders for process `\mkPositCore.$proc$/teamspace/studios/this_studio/Melodica-Integration-into-Fife-Core/Learn_Bluespec_and_RISCV_Design/Code/Build/Fife/verilog/mkPositCore.v:611$1467'.
     1/1: $0\rg_inflight[7:0]
Creating decoders for process `\mkPtoF_PNE.$proc$/teamspace/studios/this_studio/Melodica-Integration-into-Fife-Core/Learn_Bluespec_and_RISCV_Design/Code/Build/Fife/verilog/mkPtoF_PNE.v:228$1341'.
     1/1: $1\CASE_float_no70_0_2_4286578688_1_0__q3[1:0]
Creating decoders for process `\mkPtoF_PNE.$proc$/teamspace/studios/this_studio/Melodica-Integration-into-Fife-Core/Learn_Bluespec_and_RISCV_Design/Code/Build/Fife/verilog/mkPtoF_PNE.v:220$1339'.
     1/1: $1\float_no__h170[31:0]
Creating decoders for process `\mkNormalizer.$proc$/teamspace/studios/this_studio/Melodica-Integration-into-Fife-Core/Learn_Bluespec_and_RISCV_Design/Code/Build/Fife/verilog/mkNormalizer.v:409$1220'.
     1/1: $1\truncated_frac_zero__h3180[0:0]
Creating decoders for process `\mkNormalizer.$proc$/teamspace/studios/this_studio/Melodica-Integration-into-Fife-Core/Learn_Bluespec_and_RISCV_Design/Code/Build/Fife/verilog/mkNormalizer.v:394$1216'.
     1/1: $1\output_regf_posit__h3073[31:0]
Creating decoders for process `\mkQuire.$proc$/teamspace/studios/this_studio/Melodica-Integration-into-Fife-Core/Learn_Bluespec_and_RISCV_Design/Code/Build/Fife/verilog/mkQuire.v:3234$1015'.
     1/38: $0\zero_counter_rg_seg_counter_busy[0:0]
     2/38: $0\zero_counter_rg_numZeroSegs[3:0]
     3/38: $0\zero_counter_rg_firstNonZeroSeg[31:0]
     4/38: $0\vrg_quire_seg_zero_9[0:0]
     5/38: $0\vrg_quire_seg_zero_8[0:0]
     6/38: $0\vrg_quire_seg_zero_7[0:0]
     7/38: $0\vrg_quire_seg_zero_6[0:0]
     8/38: $0\vrg_quire_seg_zero_5[0:0]
     9/38: $0\vrg_quire_seg_zero_4[0:0]
    10/38: $0\vrg_quire_seg_zero_3[0:0]
    11/38: $0\vrg_quire_seg_zero_2[0:0]
    12/38: $0\vrg_quire_seg_zero_15[0:0]
    13/38: $0\vrg_quire_seg_zero_14[0:0]
    14/38: $0\vrg_quire_seg_zero_13[0:0]
    15/38: $0\vrg_quire_seg_zero_12[0:0]
    16/38: $0\vrg_quire_seg_zero_11[0:0]
    17/38: $0\vrg_quire_seg_zero_10[0:0]
    18/38: $0\vrg_quire_seg_zero_1[0:0]
    19/38: $0\vrg_quire_seg_zero_0[0:0]
    20/38: $0\vrg_quire_9[31:0]
    21/38: $0\vrg_quire_8[31:0]
    22/38: $0\vrg_quire_7[31:0]
    23/38: $0\vrg_quire_6[31:0]
    24/38: $0\vrg_quire_5[31:0]
    25/38: $0\vrg_quire_4[31:0]
    26/38: $0\vrg_quire_3[31:0]
    27/38: $0\vrg_quire_2[31:0]
    28/38: $0\vrg_quire_15[31:0]
    29/38: $0\vrg_quire_14[31:0]
    30/38: $0\vrg_quire_13[31:0]
    31/38: $0\vrg_quire_12[31:0]
    32/38: $0\vrg_quire_11[31:0]
    33/38: $0\vrg_quire_10[31:0]
    34/38: $0\vrg_quire_1[31:0]
    35/38: $0\vrg_quire_0[31:0]
    36/38: $0\seg_adder_rg_inFlight[3:0]
    37/38: $0\rg_seg_zero_upd[0:0]
    38/38: $0\rg_read_busy[0:0]
Creating decoders for process `\mkQuire.$proc$/teamspace/studios/this_studio/Melodica-Integration-into-Fife-Core/Learn_Bluespec_and_RISCV_Design/Code/Build/Fife/verilog/mkQuire.v:2390$770'.
     1/1: $1\vrg_quire_seg_zero_9$D_IN[0:0]$772
Creating decoders for process `\mkQuire.$proc$/teamspace/studios/this_studio/Melodica-Integration-into-Fife-Core/Learn_Bluespec_and_RISCV_Design/Code/Build/Fife/verilog/mkQuire.v:2364$756'.
     1/1: $1\vrg_quire_seg_zero_8$D_IN[0:0]$758
Creating decoders for process `\mkQuire.$proc$/teamspace/studios/this_studio/Melodica-Integration-into-Fife-Core/Learn_Bluespec_and_RISCV_Design/Code/Build/Fife/verilog/mkQuire.v:2338$742'.
     1/1: $1\vrg_quire_seg_zero_7$D_IN[0:0]$744
Creating decoders for process `\mkQuire.$proc$/teamspace/studios/this_studio/Melodica-Integration-into-Fife-Core/Learn_Bluespec_and_RISCV_Design/Code/Build/Fife/verilog/mkQuire.v:2312$728'.
     1/1: $1\vrg_quire_seg_zero_6$D_IN[0:0]$730
Creating decoders for process `\mkQuire.$proc$/teamspace/studios/this_studio/Melodica-Integration-into-Fife-Core/Learn_Bluespec_and_RISCV_Design/Code/Build/Fife/verilog/mkQuire.v:2286$714'.
     1/1: $1\vrg_quire_seg_zero_5$D_IN[0:0]$716
Creating decoders for process `\mkQuire.$proc$/teamspace/studios/this_studio/Melodica-Integration-into-Fife-Core/Learn_Bluespec_and_RISCV_Design/Code/Build/Fife/verilog/mkQuire.v:2260$700'.
     1/1: $1\vrg_quire_seg_zero_4$D_IN[0:0]$702
Creating decoders for process `\mkQuire.$proc$/teamspace/studios/this_studio/Melodica-Integration-into-Fife-Core/Learn_Bluespec_and_RISCV_Design/Code/Build/Fife/verilog/mkQuire.v:2234$686'.
     1/1: $1\vrg_quire_seg_zero_3$D_IN[0:0]$688
Creating decoders for process `\mkQuire.$proc$/teamspace/studios/this_studio/Melodica-Integration-into-Fife-Core/Learn_Bluespec_and_RISCV_Design/Code/Build/Fife/verilog/mkQuire.v:2208$672'.
     1/1: $1\vrg_quire_seg_zero_2$D_IN[0:0]$674
Creating decoders for process `\mkQuire.$proc$/teamspace/studios/this_studio/Melodica-Integration-into-Fife-Core/Learn_Bluespec_and_RISCV_Design/Code/Build/Fife/verilog/mkQuire.v:2185$659'.
     1/1: $1\vrg_quire_seg_zero_15$D_IN[0:0]$661
Creating decoders for process `\mkQuire.$proc$/teamspace/studios/this_studio/Melodica-Integration-into-Fife-Core/Learn_Bluespec_and_RISCV_Design/Code/Build/Fife/verilog/mkQuire.v:2159$645'.
     1/1: $1\vrg_quire_seg_zero_14$D_IN[0:0]$647
Creating decoders for process `\mkQuire.$proc$/teamspace/studios/this_studio/Melodica-Integration-into-Fife-Core/Learn_Bluespec_and_RISCV_Design/Code/Build/Fife/verilog/mkQuire.v:2133$631'.
     1/1: $1\vrg_quire_seg_zero_13$D_IN[0:0]$633
Creating decoders for process `\mkQuire.$proc$/teamspace/studios/this_studio/Melodica-Integration-into-Fife-Core/Learn_Bluespec_and_RISCV_Design/Code/Build/Fife/verilog/mkQuire.v:2107$617'.
     1/1: $1\vrg_quire_seg_zero_12$D_IN[0:0]$619
Creating decoders for process `\mkQuire.$proc$/teamspace/studios/this_studio/Melodica-Integration-into-Fife-Core/Learn_Bluespec_and_RISCV_Design/Code/Build/Fife/verilog/mkQuire.v:2081$603'.
     1/1: $1\vrg_quire_seg_zero_11$D_IN[0:0]$605
Creating decoders for process `\mkQuire.$proc$/teamspace/studios/this_studio/Melodica-Integration-into-Fife-Core/Learn_Bluespec_and_RISCV_Design/Code/Build/Fife/verilog/mkQuire.v:2055$589'.
     1/1: $1\vrg_quire_seg_zero_10$D_IN[0:0]$591
Creating decoders for process `\mkQuire.$proc$/teamspace/studios/this_studio/Melodica-Integration-into-Fife-Core/Learn_Bluespec_and_RISCV_Design/Code/Build/Fife/verilog/mkQuire.v:2029$575'.
     1/1: $1\vrg_quire_seg_zero_1$D_IN[0:0]$577
Creating decoders for process `\mkQuire.$proc$/teamspace/studios/this_studio/Melodica-Integration-into-Fife-Core/Learn_Bluespec_and_RISCV_Design/Code/Build/Fife/verilog/mkQuire.v:2003$561'.
     1/1: $1\vrg_quire_seg_zero_0$D_IN[0:0]$563
Creating decoders for process `\mkQuire.$proc$/teamspace/studios/this_studio/Melodica-Integration-into-Fife-Core/Learn_Bluespec_and_RISCV_Design/Code/Build/Fife/verilog/mkQuire.v:1978$551'.
     1/1: $1\vrg_quire_9$D_IN[31:0]$553
Creating decoders for process `\mkQuire.$proc$/teamspace/studios/this_studio/Melodica-Integration-into-Fife-Core/Learn_Bluespec_and_RISCV_Design/Code/Build/Fife/verilog/mkQuire.v:1953$541'.
     1/1: $1\vrg_quire_8$D_IN[31:0]$543
Creating decoders for process `\mkQuire.$proc$/teamspace/studios/this_studio/Melodica-Integration-into-Fife-Core/Learn_Bluespec_and_RISCV_Design/Code/Build/Fife/verilog/mkQuire.v:1928$531'.
     1/1: $1\vrg_quire_7$D_IN[31:0]$533
Creating decoders for process `\mkQuire.$proc$/teamspace/studios/this_studio/Melodica-Integration-into-Fife-Core/Learn_Bluespec_and_RISCV_Design/Code/Build/Fife/verilog/mkQuire.v:1903$521'.
     1/1: $1\vrg_quire_6$D_IN[31:0]$523
Creating decoders for process `\mkQuire.$proc$/teamspace/studios/this_studio/Melodica-Integration-into-Fife-Core/Learn_Bluespec_and_RISCV_Design/Code/Build/Fife/verilog/mkQuire.v:1878$511'.
     1/1: $1\vrg_quire_5$D_IN[31:0]$513
Creating decoders for process `\mkQuire.$proc$/teamspace/studios/this_studio/Melodica-Integration-into-Fife-Core/Learn_Bluespec_and_RISCV_Design/Code/Build/Fife/verilog/mkQuire.v:1853$501'.
     1/1: $1\vrg_quire_4$D_IN[31:0]$503
Creating decoders for process `\mkQuire.$proc$/teamspace/studios/this_studio/Melodica-Integration-into-Fife-Core/Learn_Bluespec_and_RISCV_Design/Code/Build/Fife/verilog/mkQuire.v:1828$491'.
     1/1: $1\vrg_quire_3$D_IN[31:0]$493
Creating decoders for process `\mkQuire.$proc$/teamspace/studios/this_studio/Melodica-Integration-into-Fife-Core/Learn_Bluespec_and_RISCV_Design/Code/Build/Fife/verilog/mkQuire.v:1803$481'.
     1/1: $1\vrg_quire_2$D_IN[31:0]$483
Creating decoders for process `\mkQuire.$proc$/teamspace/studios/this_studio/Melodica-Integration-into-Fife-Core/Learn_Bluespec_and_RISCV_Design/Code/Build/Fife/verilog/mkQuire.v:1778$471'.
     1/1: $1\vrg_quire_15$D_IN[31:0]$473
Creating decoders for process `\mkQuire.$proc$/teamspace/studios/this_studio/Melodica-Integration-into-Fife-Core/Learn_Bluespec_and_RISCV_Design/Code/Build/Fife/verilog/mkQuire.v:1753$461'.
     1/1: $1\vrg_quire_14$D_IN[31:0]$463
Creating decoders for process `\mkQuire.$proc$/teamspace/studios/this_studio/Melodica-Integration-into-Fife-Core/Learn_Bluespec_and_RISCV_Design/Code/Build/Fife/verilog/mkQuire.v:1728$451'.
     1/1: $1\vrg_quire_13$D_IN[31:0]$453
Creating decoders for process `\mkQuire.$proc$/teamspace/studios/this_studio/Melodica-Integration-into-Fife-Core/Learn_Bluespec_and_RISCV_Design/Code/Build/Fife/verilog/mkQuire.v:1703$441'.
     1/1: $1\vrg_quire_12$D_IN[31:0]$443
Creating decoders for process `\mkQuire.$proc$/teamspace/studios/this_studio/Melodica-Integration-into-Fife-Core/Learn_Bluespec_and_RISCV_Design/Code/Build/Fife/verilog/mkQuire.v:1678$431'.
     1/1: $1\vrg_quire_11$D_IN[31:0]$433
Creating decoders for process `\mkQuire.$proc$/teamspace/studios/this_studio/Melodica-Integration-into-Fife-Core/Learn_Bluespec_and_RISCV_Design/Code/Build/Fife/verilog/mkQuire.v:1653$421'.
     1/1: $1\vrg_quire_10$D_IN[31:0]$423
Creating decoders for process `\mkQuire.$proc$/teamspace/studios/this_studio/Melodica-Integration-into-Fife-Core/Learn_Bluespec_and_RISCV_Design/Code/Build/Fife/verilog/mkQuire.v:1629$411'.
     1/1: $1\vrg_quire_1$D_IN[31:0]$413
Creating decoders for process `\mkQuire.$proc$/teamspace/studios/this_studio/Melodica-Integration-into-Fife-Core/Learn_Bluespec_and_RISCV_Design/Code/Build/Fife/verilog/mkQuire.v:1606$401'.
     1/1: $1\vrg_quire_0$D_IN[31:0]$403
Creating decoders for process `$paramod\FIFO2\width=32'00000000000000000000000000000011\guarded=1'1.$proc$/teamspace/studios/this_studio/Melodica-Integration-into-Fife-Core/bsc/lib/Verilog/FIFO2.v:110$1680'.
Creating decoders for process `$paramod\FIFO2\width=32'00000000000000000000000000000011\guarded=1'1.$proc$/teamspace/studios/this_studio/Melodica-Integration-into-Fife-Core/bsc/lib/Verilog/FIFO2.v:81$1672'.
     1/2: $0\full_reg[0:0]
     2/2: $0\empty_reg[0:0]
Creating decoders for process `$paramod\FIFO2\width=32'00000000000000000000000010001010\guarded=1'1.$proc$/teamspace/studios/this_studio/Melodica-Integration-into-Fife-Core/bsc/lib/Verilog/FIFO2.v:110$1648'.
Creating decoders for process `$paramod\FIFO2\width=32'00000000000000000000000010001010\guarded=1'1.$proc$/teamspace/studios/this_studio/Melodica-Integration-into-Fife-Core/bsc/lib/Verilog/FIFO2.v:81$1640'.
     1/2: $0\full_reg[0:0]
     2/2: $0\empty_reg[0:0]
Creating decoders for process `$paramod\FIFO1\width=32'00000000000000000000000001000111\guarded=1'1.$proc$/teamspace/studios/this_studio/Melodica-Integration-into-Fife-Core/bsc/lib/Verilog/FIFO1.v:96$1622'.
     1/1: $0\D_OUT[70:0]
Creating decoders for process `$paramod\FIFO1\width=32'00000000000000000000000001000111\guarded=1'1.$proc$/teamspace/studios/this_studio/Melodica-Integration-into-Fife-Core/bsc/lib/Verilog/FIFO1.v:73$1620'.
     1/1: $0\empty_reg[0:0]
Creating decoders for process `$paramod\FIFO2\width=32'00000000000000000000000000100011\guarded=1'1.$proc$/teamspace/studios/this_studio/Melodica-Integration-into-Fife-Core/bsc/lib/Verilog/FIFO2.v:110$1612'.
Creating decoders for process `$paramod\FIFO2\width=32'00000000000000000000000000100011\guarded=1'1.$proc$/teamspace/studios/this_studio/Melodica-Integration-into-Fife-Core/bsc/lib/Verilog/FIFO2.v:81$1604'.
     1/2: $0\full_reg[0:0]
     2/2: $0\empty_reg[0:0]

14.2.8. Executing PROC_DLATCH pass (convert process syncs to latches).
No latch inferred for signal `\mkPtoF_PNE.\CASE_float_no70_0_2_4286578688_1_0__q3' from process `\mkPtoF_PNE.$proc$/teamspace/studios/this_studio/Melodica-Integration-into-Fife-Core/Learn_Bluespec_and_RISCV_Design/Code/Build/Fife/verilog/mkPtoF_PNE.v:228$1341'.
No latch inferred for signal `\mkPtoF_PNE.\float_no__h170' from process `\mkPtoF_PNE.$proc$/teamspace/studios/this_studio/Melodica-Integration-into-Fife-Core/Learn_Bluespec_and_RISCV_Design/Code/Build/Fife/verilog/mkPtoF_PNE.v:220$1339'.
No latch inferred for signal `\mkNormalizer.\truncated_frac_zero__h3180' from process `\mkNormalizer.$proc$/teamspace/studios/this_studio/Melodica-Integration-into-Fife-Core/Learn_Bluespec_and_RISCV_Design/Code/Build/Fife/verilog/mkNormalizer.v:409$1220'.
No latch inferred for signal `\mkNormalizer.\output_regf_posit__h3073' from process `\mkNormalizer.$proc$/teamspace/studios/this_studio/Melodica-Integration-into-Fife-Core/Learn_Bluespec_and_RISCV_Design/Code/Build/Fife/verilog/mkNormalizer.v:394$1216'.
No latch inferred for signal `\mkQuire.\vrg_quire_seg_zero_9$D_IN' from process `\mkQuire.$proc$/teamspace/studios/this_studio/Melodica-Integration-into-Fife-Core/Learn_Bluespec_and_RISCV_Design/Code/Build/Fife/verilog/mkQuire.v:2390$770'.
No latch inferred for signal `\mkQuire.\vrg_quire_seg_zero_8$D_IN' from process `\mkQuire.$proc$/teamspace/studios/this_studio/Melodica-Integration-into-Fife-Core/Learn_Bluespec_and_RISCV_Design/Code/Build/Fife/verilog/mkQuire.v:2364$756'.
No latch inferred for signal `\mkQuire.\vrg_quire_seg_zero_7$D_IN' from process `\mkQuire.$proc$/teamspace/studios/this_studio/Melodica-Integration-into-Fife-Core/Learn_Bluespec_and_RISCV_Design/Code/Build/Fife/verilog/mkQuire.v:2338$742'.
No latch inferred for signal `\mkQuire.\vrg_quire_seg_zero_6$D_IN' from process `\mkQuire.$proc$/teamspace/studios/this_studio/Melodica-Integration-into-Fife-Core/Learn_Bluespec_and_RISCV_Design/Code/Build/Fife/verilog/mkQuire.v:2312$728'.
No latch inferred for signal `\mkQuire.\vrg_quire_seg_zero_5$D_IN' from process `\mkQuire.$proc$/teamspace/studios/this_studio/Melodica-Integration-into-Fife-Core/Learn_Bluespec_and_RISCV_Design/Code/Build/Fife/verilog/mkQuire.v:2286$714'.
No latch inferred for signal `\mkQuire.\vrg_quire_seg_zero_4$D_IN' from process `\mkQuire.$proc$/teamspace/studios/this_studio/Melodica-Integration-into-Fife-Core/Learn_Bluespec_and_RISCV_Design/Code/Build/Fife/verilog/mkQuire.v:2260$700'.
No latch inferred for signal `\mkQuire.\vrg_quire_seg_zero_3$D_IN' from process `\mkQuire.$proc$/teamspace/studios/this_studio/Melodica-Integration-into-Fife-Core/Learn_Bluespec_and_RISCV_Design/Code/Build/Fife/verilog/mkQuire.v:2234$686'.
No latch inferred for signal `\mkQuire.\vrg_quire_seg_zero_2$D_IN' from process `\mkQuire.$proc$/teamspace/studios/this_studio/Melodica-Integration-into-Fife-Core/Learn_Bluespec_and_RISCV_Design/Code/Build/Fife/verilog/mkQuire.v:2208$672'.
No latch inferred for signal `\mkQuire.\vrg_quire_seg_zero_15$D_IN' from process `\mkQuire.$proc$/teamspace/studios/this_studio/Melodica-Integration-into-Fife-Core/Learn_Bluespec_and_RISCV_Design/Code/Build/Fife/verilog/mkQuire.v:2185$659'.
No latch inferred for signal `\mkQuire.\vrg_quire_seg_zero_14$D_IN' from process `\mkQuire.$proc$/teamspace/studios/this_studio/Melodica-Integration-into-Fife-Core/Learn_Bluespec_and_RISCV_Design/Code/Build/Fife/verilog/mkQuire.v:2159$645'.
No latch inferred for signal `\mkQuire.\vrg_quire_seg_zero_13$D_IN' from process `\mkQuire.$proc$/teamspace/studios/this_studio/Melodica-Integration-into-Fife-Core/Learn_Bluespec_and_RISCV_Design/Code/Build/Fife/verilog/mkQuire.v:2133$631'.
No latch inferred for signal `\mkQuire.\vrg_quire_seg_zero_12$D_IN' from process `\mkQuire.$proc$/teamspace/studios/this_studio/Melodica-Integration-into-Fife-Core/Learn_Bluespec_and_RISCV_Design/Code/Build/Fife/verilog/mkQuire.v:2107$617'.
No latch inferred for signal `\mkQuire.\vrg_quire_seg_zero_11$D_IN' from process `\mkQuire.$proc$/teamspace/studios/this_studio/Melodica-Integration-into-Fife-Core/Learn_Bluespec_and_RISCV_Design/Code/Build/Fife/verilog/mkQuire.v:2081$603'.
No latch inferred for signal `\mkQuire.\vrg_quire_seg_zero_10$D_IN' from process `\mkQuire.$proc$/teamspace/studios/this_studio/Melodica-Integration-into-Fife-Core/Learn_Bluespec_and_RISCV_Design/Code/Build/Fife/verilog/mkQuire.v:2055$589'.
No latch inferred for signal `\mkQuire.\vrg_quire_seg_zero_1$D_IN' from process `\mkQuire.$proc$/teamspace/studios/this_studio/Melodica-Integration-into-Fife-Core/Learn_Bluespec_and_RISCV_Design/Code/Build/Fife/verilog/mkQuire.v:2029$575'.
No latch inferred for signal `\mkQuire.\vrg_quire_seg_zero_0$D_IN' from process `\mkQuire.$proc$/teamspace/studios/this_studio/Melodica-Integration-into-Fife-Core/Learn_Bluespec_and_RISCV_Design/Code/Build/Fife/verilog/mkQuire.v:2003$561'.
No latch inferred for signal `\mkQuire.\vrg_quire_9$D_IN' from process `\mkQuire.$proc$/teamspace/studios/this_studio/Melodica-Integration-into-Fife-Core/Learn_Bluespec_and_RISCV_Design/Code/Build/Fife/verilog/mkQuire.v:1978$551'.
No latch inferred for signal `\mkQuire.\vrg_quire_8$D_IN' from process `\mkQuire.$proc$/teamspace/studios/this_studio/Melodica-Integration-into-Fife-Core/Learn_Bluespec_and_RISCV_Design/Code/Build/Fife/verilog/mkQuire.v:1953$541'.
No latch inferred for signal `\mkQuire.\vrg_quire_7$D_IN' from process `\mkQuire.$proc$/teamspace/studios/this_studio/Melodica-Integration-into-Fife-Core/Learn_Bluespec_and_RISCV_Design/Code/Build/Fife/verilog/mkQuire.v:1928$531'.
No latch inferred for signal `\mkQuire.\vrg_quire_6$D_IN' from process `\mkQuire.$proc$/teamspace/studios/this_studio/Melodica-Integration-into-Fife-Core/Learn_Bluespec_and_RISCV_Design/Code/Build/Fife/verilog/mkQuire.v:1903$521'.
No latch inferred for signal `\mkQuire.\vrg_quire_5$D_IN' from process `\mkQuire.$proc$/teamspace/studios/this_studio/Melodica-Integration-into-Fife-Core/Learn_Bluespec_and_RISCV_Design/Code/Build/Fife/verilog/mkQuire.v:1878$511'.
No latch inferred for signal `\mkQuire.\vrg_quire_4$D_IN' from process `\mkQuire.$proc$/teamspace/studios/this_studio/Melodica-Integration-into-Fife-Core/Learn_Bluespec_and_RISCV_Design/Code/Build/Fife/verilog/mkQuire.v:1853$501'.
No latch inferred for signal `\mkQuire.\vrg_quire_3$D_IN' from process `\mkQuire.$proc$/teamspace/studios/this_studio/Melodica-Integration-into-Fife-Core/Learn_Bluespec_and_RISCV_Design/Code/Build/Fife/verilog/mkQuire.v:1828$491'.
No latch inferred for signal `\mkQuire.\vrg_quire_2$D_IN' from process `\mkQuire.$proc$/teamspace/studios/this_studio/Melodica-Integration-into-Fife-Core/Learn_Bluespec_and_RISCV_Design/Code/Build/Fife/verilog/mkQuire.v:1803$481'.
No latch inferred for signal `\mkQuire.\vrg_quire_15$D_IN' from process `\mkQuire.$proc$/teamspace/studios/this_studio/Melodica-Integration-into-Fife-Core/Learn_Bluespec_and_RISCV_Design/Code/Build/Fife/verilog/mkQuire.v:1778$471'.
No latch inferred for signal `\mkQuire.\vrg_quire_14$D_IN' from process `\mkQuire.$proc$/teamspace/studios/this_studio/Melodica-Integration-into-Fife-Core/Learn_Bluespec_and_RISCV_Design/Code/Build/Fife/verilog/mkQuire.v:1753$461'.
No latch inferred for signal `\mkQuire.\vrg_quire_13$D_IN' from process `\mkQuire.$proc$/teamspace/studios/this_studio/Melodica-Integration-into-Fife-Core/Learn_Bluespec_and_RISCV_Design/Code/Build/Fife/verilog/mkQuire.v:1728$451'.
No latch inferred for signal `\mkQuire.\vrg_quire_12$D_IN' from process `\mkQuire.$proc$/teamspace/studios/this_studio/Melodica-Integration-into-Fife-Core/Learn_Bluespec_and_RISCV_Design/Code/Build/Fife/verilog/mkQuire.v:1703$441'.
No latch inferred for signal `\mkQuire.\vrg_quire_11$D_IN' from process `\mkQuire.$proc$/teamspace/studios/this_studio/Melodica-Integration-into-Fife-Core/Learn_Bluespec_and_RISCV_Design/Code/Build/Fife/verilog/mkQuire.v:1678$431'.
No latch inferred for signal `\mkQuire.\vrg_quire_10$D_IN' from process `\mkQuire.$proc$/teamspace/studios/this_studio/Melodica-Integration-into-Fife-Core/Learn_Bluespec_and_RISCV_Design/Code/Build/Fife/verilog/mkQuire.v:1653$421'.
No latch inferred for signal `\mkQuire.\vrg_quire_1$D_IN' from process `\mkQuire.$proc$/teamspace/studios/this_studio/Melodica-Integration-into-Fife-Core/Learn_Bluespec_and_RISCV_Design/Code/Build/Fife/verilog/mkQuire.v:1629$411'.
No latch inferred for signal `\mkQuire.\vrg_quire_0$D_IN' from process `\mkQuire.$proc$/teamspace/studios/this_studio/Melodica-Integration-into-Fife-Core/Learn_Bluespec_and_RISCV_Design/Code/Build/Fife/verilog/mkQuire.v:1606$401'.

14.2.9. Executing PROC_DFF pass (convert process syncs to FFs).
Creating register for signal `$paramod\FIFO2\width=32'00000000000000000000000000100110\guarded=1'1.\data0_reg' using process `$paramod\FIFO2\width=32'00000000000000000000000000100110\guarded=1'1.$proc$/teamspace/studios/this_studio/Melodica-Integration-into-Fife-Core/bsc/lib/Verilog/FIFO2.v:110$1580'.
  created $dff cell `$procdff$2411' with positive edge clock.
Creating register for signal `$paramod\FIFO2\width=32'00000000000000000000000000100110\guarded=1'1.\data1_reg' using process `$paramod\FIFO2\width=32'00000000000000000000000000100110\guarded=1'1.$proc$/teamspace/studios/this_studio/Melodica-Integration-into-Fife-Core/bsc/lib/Verilog/FIFO2.v:110$1580'.
  created $dff cell `$procdff$2412' with positive edge clock.
Creating register for signal `$paramod\FIFO2\width=32'00000000000000000000000000100110\guarded=1'1.\empty_reg' using process `$paramod\FIFO2\width=32'00000000000000000000000000100110\guarded=1'1.$proc$/teamspace/studios/this_studio/Melodica-Integration-into-Fife-Core/bsc/lib/Verilog/FIFO2.v:81$1572'.
  created $dff cell `$procdff$2413' with positive edge clock.
Creating register for signal `$paramod\FIFO2\width=32'00000000000000000000000000100110\guarded=1'1.\full_reg' using process `$paramod\FIFO2\width=32'00000000000000000000000000100110\guarded=1'1.$proc$/teamspace/studios/this_studio/Melodica-Integration-into-Fife-Core/bsc/lib/Verilog/FIFO2.v:81$1572'.
  created $dff cell `$procdff$2414' with positive edge clock.
Creating register for signal `$paramod\FIFO1\width=32'00000000000000000000000000100100\guarded=1'1.\D_OUT' using process `$paramod\FIFO1\width=32'00000000000000000000000000100100\guarded=1'1.$proc$/teamspace/studios/this_studio/Melodica-Integration-into-Fife-Core/bsc/lib/Verilog/FIFO1.v:96$1554'.
  created $dff cell `$procdff$2415' with positive edge clock.
Creating register for signal `$paramod\FIFO1\width=32'00000000000000000000000000100100\guarded=1'1.\empty_reg' using process `$paramod\FIFO1\width=32'00000000000000000000000000100100\guarded=1'1.$proc$/teamspace/studios/this_studio/Melodica-Integration-into-Fife-Core/bsc/lib/Verilog/FIFO1.v:73$1552'.
  created $dff cell `$procdff$2416' with positive edge clock.
Creating register for signal `$paramod\FIFO1\width=32'00000000000000000000000001000110\guarded=1'1.\D_OUT' using process `$paramod\FIFO1\width=32'00000000000000000000000001000110\guarded=1'1.$proc$/teamspace/studios/this_studio/Melodica-Integration-into-Fife-Core/bsc/lib/Verilog/FIFO1.v:96$1550'.
  created $dff cell `$procdff$2417' with positive edge clock.
Creating register for signal `$paramod\FIFO1\width=32'00000000000000000000000001000110\guarded=1'1.\empty_reg' using process `$paramod\FIFO1\width=32'00000000000000000000000001000110\guarded=1'1.$proc$/teamspace/studios/this_studio/Melodica-Integration-into-Fife-Core/bsc/lib/Verilog/FIFO1.v:73$1548'.
  created $dff cell `$procdff$2418' with positive edge clock.
Creating register for signal `$paramod\FIFO1\width=32'00000000000000000000000001000101\guarded=1'1.\D_OUT' using process `$paramod\FIFO1\width=32'00000000000000000000000001000101\guarded=1'1.$proc$/teamspace/studios/this_studio/Melodica-Integration-into-Fife-Core/bsc/lib/Verilog/FIFO1.v:96$1546'.
  created $dff cell `$procdff$2419' with positive edge clock.
Creating register for signal `$paramod\FIFO1\width=32'00000000000000000000000001000101\guarded=1'1.\empty_reg' using process `$paramod\FIFO1\width=32'00000000000000000000000001000101\guarded=1'1.$proc$/teamspace/studios/this_studio/Melodica-Integration-into-Fife-Core/bsc/lib/Verilog/FIFO1.v:73$1544'.
  created $dff cell `$procdff$2420' with positive edge clock.
Creating register for signal `$paramod\FIFO1\width=32'00000000000000000000000111100110\guarded=1'1.\D_OUT' using process `$paramod\FIFO1\width=32'00000000000000000000000111100110\guarded=1'1.$proc$/teamspace/studios/this_studio/Melodica-Integration-into-Fife-Core/bsc/lib/Verilog/FIFO1.v:96$1542'.
  created $dff cell `$procdff$2421' with positive edge clock.
Creating register for signal `$paramod\FIFO1\width=32'00000000000000000000000111100110\guarded=1'1.\empty_reg' using process `$paramod\FIFO1\width=32'00000000000000000000000111100110\guarded=1'1.$proc$/teamspace/studios/this_studio/Melodica-Integration-into-Fife-Core/bsc/lib/Verilog/FIFO1.v:73$1540'.
  created $dff cell `$procdff$2422' with positive edge clock.
Creating register for signal `$paramod\FIFO1\width=32'00000000000000000000000000001010\guarded=1'1.\D_OUT' using process `$paramod\FIFO1\width=32'00000000000000000000000000001010\guarded=1'1.$proc$/teamspace/studios/this_studio/Melodica-Integration-into-Fife-Core/bsc/lib/Verilog/FIFO1.v:96$1538'.
  created $dff cell `$procdff$2423' with positive edge clock.
Creating register for signal `$paramod\FIFO1\width=32'00000000000000000000000000001010\guarded=1'1.\empty_reg' using process `$paramod\FIFO1\width=32'00000000000000000000000000001010\guarded=1'1.$proc$/teamspace/studios/this_studio/Melodica-Integration-into-Fife-Core/bsc/lib/Verilog/FIFO1.v:73$1536'.
  created $dff cell `$procdff$2424' with positive edge clock.
Creating register for signal `$paramod\FIFO1\width=32'00000000000000000000000000101001\guarded=1'1.\D_OUT' using process `$paramod\FIFO1\width=32'00000000000000000000000000101001\guarded=1'1.$proc$/teamspace/studios/this_studio/Melodica-Integration-into-Fife-Core/bsc/lib/Verilog/FIFO1.v:96$1534'.
  created $dff cell `$procdff$2425' with positive edge clock.
Creating register for signal `$paramod\FIFO1\width=32'00000000000000000000000000101001\guarded=1'1.\empty_reg' using process `$paramod\FIFO1\width=32'00000000000000000000000000101001\guarded=1'1.$proc$/teamspace/studios/this_studio/Melodica-Integration-into-Fife-Core/bsc/lib/Verilog/FIFO1.v:73$1532'.
  created $dff cell `$procdff$2426' with positive edge clock.
Creating register for signal `$paramod$77feb722284cbb4b2efebea6faec56b4318dabcc\SizedFIFO.$memwr$\arr$/teamspace/studios/this_studio/Melodica-Integration-into-Fife-Core/bsc/lib/Verilog/SizedFIFO.v:206$1500_ADDR' using process `$paramod$77feb722284cbb4b2efebea6faec56b4318dabcc\SizedFIFO.$proc$/teamspace/studios/this_studio/Melodica-Integration-into-Fife-Core/bsc/lib/Verilog/SizedFIFO.v:190$1515'.
  created $dff cell `$procdff$2427' with positive edge clock.
Creating register for signal `$paramod$77feb722284cbb4b2efebea6faec56b4318dabcc\SizedFIFO.$memwr$\arr$/teamspace/studios/this_studio/Melodica-Integration-into-Fife-Core/bsc/lib/Verilog/SizedFIFO.v:206$1500_DATA' using process `$paramod$77feb722284cbb4b2efebea6faec56b4318dabcc\SizedFIFO.$proc$/teamspace/studios/this_studio/Melodica-Integration-into-Fife-Core/bsc/lib/Verilog/SizedFIFO.v:190$1515'.
  created $dff cell `$procdff$2428' with positive edge clock.
Creating register for signal `$paramod$77feb722284cbb4b2efebea6faec56b4318dabcc\SizedFIFO.$memwr$\arr$/teamspace/studios/this_studio/Melodica-Integration-into-Fife-Core/bsc/lib/Verilog/SizedFIFO.v:206$1500_EN' using process `$paramod$77feb722284cbb4b2efebea6faec56b4318dabcc\SizedFIFO.$proc$/teamspace/studios/this_studio/Melodica-Integration-into-Fife-Core/bsc/lib/Verilog/SizedFIFO.v:190$1515'.
  created $dff cell `$procdff$2429' with positive edge clock.
Creating register for signal `$paramod$77feb722284cbb4b2efebea6faec56b4318dabcc\SizedFIFO.\D_OUT' using process `$paramod$77feb722284cbb4b2efebea6faec56b4318dabcc\SizedFIFO.$proc$/teamspace/studios/this_studio/Melodica-Integration-into-Fife-Core/bsc/lib/Verilog/SizedFIFO.v:167$1512'.
  created $dff cell `$procdff$2430' with positive edge clock.
Creating register for signal `$paramod$77feb722284cbb4b2efebea6faec56b4318dabcc\SizedFIFO.\not_ring_full' using process `$paramod$77feb722284cbb4b2efebea6faec56b4318dabcc\SizedFIFO.$proc$/teamspace/studios/this_studio/Melodica-Integration-into-Fife-Core/bsc/lib/Verilog/SizedFIFO.v:107$1507'.
  created $dff cell `$procdff$2431' with positive edge clock.
Creating register for signal `$paramod$77feb722284cbb4b2efebea6faec56b4318dabcc\SizedFIFO.\ring_empty' using process `$paramod$77feb722284cbb4b2efebea6faec56b4318dabcc\SizedFIFO.$proc$/teamspace/studios/this_studio/Melodica-Integration-into-Fife-Core/bsc/lib/Verilog/SizedFIFO.v:107$1507'.
  created $dff cell `$procdff$2432' with positive edge clock.
Creating register for signal `$paramod$77feb722284cbb4b2efebea6faec56b4318dabcc\SizedFIFO.\head' using process `$paramod$77feb722284cbb4b2efebea6faec56b4318dabcc\SizedFIFO.$proc$/teamspace/studios/this_studio/Melodica-Integration-into-Fife-Core/bsc/lib/Verilog/SizedFIFO.v:107$1507'.
  created $dff cell `$procdff$2433' with positive edge clock.
Creating register for signal `$paramod$77feb722284cbb4b2efebea6faec56b4318dabcc\SizedFIFO.\tail' using process `$paramod$77feb722284cbb4b2efebea6faec56b4318dabcc\SizedFIFO.$proc$/teamspace/studios/this_studio/Melodica-Integration-into-Fife-Core/bsc/lib/Verilog/SizedFIFO.v:107$1507'.
  created $dff cell `$procdff$2434' with positive edge clock.
Creating register for signal `$paramod$77feb722284cbb4b2efebea6faec56b4318dabcc\SizedFIFO.\hasodata' using process `$paramod$77feb722284cbb4b2efebea6faec56b4318dabcc\SizedFIFO.$proc$/teamspace/studios/this_studio/Melodica-Integration-into-Fife-Core/bsc/lib/Verilog/SizedFIFO.v:107$1507'.
  created $dff cell `$procdff$2435' with positive edge clock.
Creating register for signal `$paramod$a0c6df3c1489bcd5c1c6c2071c80faf091665997\SizedFIFO.$memwr$\arr$/teamspace/studios/this_studio/Melodica-Integration-into-Fife-Core/bsc/lib/Verilog/SizedFIFO.v:206$1469_ADDR' using process `$paramod$a0c6df3c1489bcd5c1c6c2071c80faf091665997\SizedFIFO.$proc$/teamspace/studios/this_studio/Melodica-Integration-into-Fife-Core/bsc/lib/Verilog/SizedFIFO.v:190$1484'.
  created $dff cell `$procdff$2436' with positive edge clock.
Creating register for signal `$paramod$a0c6df3c1489bcd5c1c6c2071c80faf091665997\SizedFIFO.$memwr$\arr$/teamspace/studios/this_studio/Melodica-Integration-into-Fife-Core/bsc/lib/Verilog/SizedFIFO.v:206$1469_DATA' using process `$paramod$a0c6df3c1489bcd5c1c6c2071c80faf091665997\SizedFIFO.$proc$/teamspace/studios/this_studio/Melodica-Integration-into-Fife-Core/bsc/lib/Verilog/SizedFIFO.v:190$1484'.
  created $dff cell `$procdff$2437' with positive edge clock.
Creating register for signal `$paramod$a0c6df3c1489bcd5c1c6c2071c80faf091665997\SizedFIFO.$memwr$\arr$/teamspace/studios/this_studio/Melodica-Integration-into-Fife-Core/bsc/lib/Verilog/SizedFIFO.v:206$1469_EN' using process `$paramod$a0c6df3c1489bcd5c1c6c2071c80faf091665997\SizedFIFO.$proc$/teamspace/studios/this_studio/Melodica-Integration-into-Fife-Core/bsc/lib/Verilog/SizedFIFO.v:190$1484'.
  created $dff cell `$procdff$2438' with positive edge clock.
Creating register for signal `$paramod$a0c6df3c1489bcd5c1c6c2071c80faf091665997\SizedFIFO.\D_OUT' using process `$paramod$a0c6df3c1489bcd5c1c6c2071c80faf091665997\SizedFIFO.$proc$/teamspace/studios/this_studio/Melodica-Integration-into-Fife-Core/bsc/lib/Verilog/SizedFIFO.v:167$1481'.
  created $dff cell `$procdff$2439' with positive edge clock.
Creating register for signal `$paramod$a0c6df3c1489bcd5c1c6c2071c80faf091665997\SizedFIFO.\not_ring_full' using process `$paramod$a0c6df3c1489bcd5c1c6c2071c80faf091665997\SizedFIFO.$proc$/teamspace/studios/this_studio/Melodica-Integration-into-Fife-Core/bsc/lib/Verilog/SizedFIFO.v:107$1476'.
  created $dff cell `$procdff$2440' with positive edge clock.
Creating register for signal `$paramod$a0c6df3c1489bcd5c1c6c2071c80faf091665997\SizedFIFO.\ring_empty' using process `$paramod$a0c6df3c1489bcd5c1c6c2071c80faf091665997\SizedFIFO.$proc$/teamspace/studios/this_studio/Melodica-Integration-into-Fife-Core/bsc/lib/Verilog/SizedFIFO.v:107$1476'.
  created $dff cell `$procdff$2441' with positive edge clock.
Creating register for signal `$paramod$a0c6df3c1489bcd5c1c6c2071c80faf091665997\SizedFIFO.\head' using process `$paramod$a0c6df3c1489bcd5c1c6c2071c80faf091665997\SizedFIFO.$proc$/teamspace/studios/this_studio/Melodica-Integration-into-Fife-Core/bsc/lib/Verilog/SizedFIFO.v:107$1476'.
  created $dff cell `$procdff$2442' with positive edge clock.
Creating register for signal `$paramod$a0c6df3c1489bcd5c1c6c2071c80faf091665997\SizedFIFO.\tail' using process `$paramod$a0c6df3c1489bcd5c1c6c2071c80faf091665997\SizedFIFO.$proc$/teamspace/studios/this_studio/Melodica-Integration-into-Fife-Core/bsc/lib/Verilog/SizedFIFO.v:107$1476'.
  created $dff cell `$procdff$2443' with positive edge clock.
Creating register for signal `$paramod$a0c6df3c1489bcd5c1c6c2071c80faf091665997\SizedFIFO.\hasodata' using process `$paramod$a0c6df3c1489bcd5c1c6c2071c80faf091665997\SizedFIFO.$proc$/teamspace/studios/this_studio/Melodica-Integration-into-Fife-Core/bsc/lib/Verilog/SizedFIFO.v:107$1476'.
  created $dff cell `$procdff$2444' with positive edge clock.
Creating register for signal `\mkPositCore.\rg_inflight' using process `\mkPositCore.$proc$/teamspace/studios/this_studio/Melodica-Integration-into-Fife-Core/Learn_Bluespec_and_RISCV_Design/Code/Build/Fife/verilog/mkPositCore.v:611$1467'.
  created $dff cell `$procdff$2445' with positive edge clock.
Creating register for signal `\mkQuire.\rg_read_busy' using process `\mkQuire.$proc$/teamspace/studios/this_studio/Melodica-Integration-into-Fife-Core/Learn_Bluespec_and_RISCV_Design/Code/Build/Fife/verilog/mkQuire.v:3234$1015'.
  created $dff cell `$procdff$2446' with positive edge clock.
Creating register for signal `\mkQuire.\rg_seg_zero_upd' using process `\mkQuire.$proc$/teamspace/studios/this_studio/Melodica-Integration-into-Fife-Core/Learn_Bluespec_and_RISCV_Design/Code/Build/Fife/verilog/mkQuire.v:3234$1015'.
  created $dff cell `$procdff$2447' with positive edge clock.
Creating register for signal `\mkQuire.\seg_adder_rg_inFlight' using process `\mkQuire.$proc$/teamspace/studios/this_studio/Melodica-Integration-into-Fife-Core/Learn_Bluespec_and_RISCV_Design/Code/Build/Fife/verilog/mkQuire.v:3234$1015'.
  created $dff cell `$procdff$2448' with positive edge clock.
Creating register for signal `\mkQuire.\vrg_quire_0' using process `\mkQuire.$proc$/teamspace/studios/this_studio/Melodica-Integration-into-Fife-Core/Learn_Bluespec_and_RISCV_Design/Code/Build/Fife/verilog/mkQuire.v:3234$1015'.
  created $dff cell `$procdff$2449' with positive edge clock.
Creating register for signal `\mkQuire.\vrg_quire_1' using process `\mkQuire.$proc$/teamspace/studios/this_studio/Melodica-Integration-into-Fife-Core/Learn_Bluespec_and_RISCV_Design/Code/Build/Fife/verilog/mkQuire.v:3234$1015'.
  created $dff cell `$procdff$2450' with positive edge clock.
Creating register for signal `\mkQuire.\vrg_quire_10' using process `\mkQuire.$proc$/teamspace/studios/this_studio/Melodica-Integration-into-Fife-Core/Learn_Bluespec_and_RISCV_Design/Code/Build/Fife/verilog/mkQuire.v:3234$1015'.
  created $dff cell `$procdff$2451' with positive edge clock.
Creating register for signal `\mkQuire.\vrg_quire_11' using process `\mkQuire.$proc$/teamspace/studios/this_studio/Melodica-Integration-into-Fife-Core/Learn_Bluespec_and_RISCV_Design/Code/Build/Fife/verilog/mkQuire.v:3234$1015'.
  created $dff cell `$procdff$2452' with positive edge clock.
Creating register for signal `\mkQuire.\vrg_quire_12' using process `\mkQuire.$proc$/teamspace/studios/this_studio/Melodica-Integration-into-Fife-Core/Learn_Bluespec_and_RISCV_Design/Code/Build/Fife/verilog/mkQuire.v:3234$1015'.
  created $dff cell `$procdff$2453' with positive edge clock.
Creating register for signal `\mkQuire.\vrg_quire_13' using process `\mkQuire.$proc$/teamspace/studios/this_studio/Melodica-Integration-into-Fife-Core/Learn_Bluespec_and_RISCV_Design/Code/Build/Fife/verilog/mkQuire.v:3234$1015'.
  created $dff cell `$procdff$2454' with positive edge clock.
Creating register for signal `\mkQuire.\vrg_quire_14' using process `\mkQuire.$proc$/teamspace/studios/this_studio/Melodica-Integration-into-Fife-Core/Learn_Bluespec_and_RISCV_Design/Code/Build/Fife/verilog/mkQuire.v:3234$1015'.
  created $dff cell `$procdff$2455' with positive edge clock.
Creating register for signal `\mkQuire.\vrg_quire_15' using process `\mkQuire.$proc$/teamspace/studios/this_studio/Melodica-Integration-into-Fife-Core/Learn_Bluespec_and_RISCV_Design/Code/Build/Fife/verilog/mkQuire.v:3234$1015'.
  created $dff cell `$procdff$2456' with positive edge clock.
Creating register for signal `\mkQuire.\vrg_quire_2' using process `\mkQuire.$proc$/teamspace/studios/this_studio/Melodica-Integration-into-Fife-Core/Learn_Bluespec_and_RISCV_Design/Code/Build/Fife/verilog/mkQuire.v:3234$1015'.
  created $dff cell `$procdff$2457' with positive edge clock.
Creating register for signal `\mkQuire.\vrg_quire_3' using process `\mkQuire.$proc$/teamspace/studios/this_studio/Melodica-Integration-into-Fife-Core/Learn_Bluespec_and_RISCV_Design/Code/Build/Fife/verilog/mkQuire.v:3234$1015'.
  created $dff cell `$procdff$2458' with positive edge clock.
Creating register for signal `\mkQuire.\vrg_quire_4' using process `\mkQuire.$proc$/teamspace/studios/this_studio/Melodica-Integration-into-Fife-Core/Learn_Bluespec_and_RISCV_Design/Code/Build/Fife/verilog/mkQuire.v:3234$1015'.
  created $dff cell `$procdff$2459' with positive edge clock.
Creating register for signal `\mkQuire.\vrg_quire_5' using process `\mkQuire.$proc$/teamspace/studios/this_studio/Melodica-Integration-into-Fife-Core/Learn_Bluespec_and_RISCV_Design/Code/Build/Fife/verilog/mkQuire.v:3234$1015'.
  created $dff cell `$procdff$2460' with positive edge clock.
Creating register for signal `\mkQuire.\vrg_quire_6' using process `\mkQuire.$proc$/teamspace/studios/this_studio/Melodica-Integration-into-Fife-Core/Learn_Bluespec_and_RISCV_Design/Code/Build/Fife/verilog/mkQuire.v:3234$1015'.
  created $dff cell `$procdff$2461' with positive edge clock.
Creating register for signal `\mkQuire.\vrg_quire_7' using process `\mkQuire.$proc$/teamspace/studios/this_studio/Melodica-Integration-into-Fife-Core/Learn_Bluespec_and_RISCV_Design/Code/Build/Fife/verilog/mkQuire.v:3234$1015'.
  created $dff cell `$procdff$2462' with positive edge clock.
Creating register for signal `\mkQuire.\vrg_quire_8' using process `\mkQuire.$proc$/teamspace/studios/this_studio/Melodica-Integration-into-Fife-Core/Learn_Bluespec_and_RISCV_Design/Code/Build/Fife/verilog/mkQuire.v:3234$1015'.
  created $dff cell `$procdff$2463' with positive edge clock.
Creating register for signal `\mkQuire.\vrg_quire_9' using process `\mkQuire.$proc$/teamspace/studios/this_studio/Melodica-Integration-into-Fife-Core/Learn_Bluespec_and_RISCV_Design/Code/Build/Fife/verilog/mkQuire.v:3234$1015'.
  created $dff cell `$procdff$2464' with positive edge clock.
Creating register for signal `\mkQuire.\vrg_quire_seg_zero_0' using process `\mkQuire.$proc$/teamspace/studios/this_studio/Melodica-Integration-into-Fife-Core/Learn_Bluespec_and_RISCV_Design/Code/Build/Fife/verilog/mkQuire.v:3234$1015'.
  created $dff cell `$procdff$2465' with positive edge clock.
Creating register for signal `\mkQuire.\vrg_quire_seg_zero_1' using process `\mkQuire.$proc$/teamspace/studios/this_studio/Melodica-Integration-into-Fife-Core/Learn_Bluespec_and_RISCV_Design/Code/Build/Fife/verilog/mkQuire.v:3234$1015'.
  created $dff cell `$procdff$2466' with positive edge clock.
Creating register for signal `\mkQuire.\vrg_quire_seg_zero_10' using process `\mkQuire.$proc$/teamspace/studios/this_studio/Melodica-Integration-into-Fife-Core/Learn_Bluespec_and_RISCV_Design/Code/Build/Fife/verilog/mkQuire.v:3234$1015'.
  created $dff cell `$procdff$2467' with positive edge clock.
Creating register for signal `\mkQuire.\vrg_quire_seg_zero_11' using process `\mkQuire.$proc$/teamspace/studios/this_studio/Melodica-Integration-into-Fife-Core/Learn_Bluespec_and_RISCV_Design/Code/Build/Fife/verilog/mkQuire.v:3234$1015'.
  created $dff cell `$procdff$2468' with positive edge clock.
Creating register for signal `\mkQuire.\vrg_quire_seg_zero_12' using process `\mkQuire.$proc$/teamspace/studios/this_studio/Melodica-Integration-into-Fife-Core/Learn_Bluespec_and_RISCV_Design/Code/Build/Fife/verilog/mkQuire.v:3234$1015'.
  created $dff cell `$procdff$2469' with positive edge clock.
Creating register for signal `\mkQuire.\vrg_quire_seg_zero_13' using process `\mkQuire.$proc$/teamspace/studios/this_studio/Melodica-Integration-into-Fife-Core/Learn_Bluespec_and_RISCV_Design/Code/Build/Fife/verilog/mkQuire.v:3234$1015'.
  created $dff cell `$procdff$2470' with positive edge clock.
Creating register for signal `\mkQuire.\vrg_quire_seg_zero_14' using process `\mkQuire.$proc$/teamspace/studios/this_studio/Melodica-Integration-into-Fife-Core/Learn_Bluespec_and_RISCV_Design/Code/Build/Fife/verilog/mkQuire.v:3234$1015'.
  created $dff cell `$procdff$2471' with positive edge clock.
Creating register for signal `\mkQuire.\vrg_quire_seg_zero_15' using process `\mkQuire.$proc$/teamspace/studios/this_studio/Melodica-Integration-into-Fife-Core/Learn_Bluespec_and_RISCV_Design/Code/Build/Fife/verilog/mkQuire.v:3234$1015'.
  created $dff cell `$procdff$2472' with positive edge clock.
Creating register for signal `\mkQuire.\vrg_quire_seg_zero_2' using process `\mkQuire.$proc$/teamspace/studios/this_studio/Melodica-Integration-into-Fife-Core/Learn_Bluespec_and_RISCV_Design/Code/Build/Fife/verilog/mkQuire.v:3234$1015'.
  created $dff cell `$procdff$2473' with positive edge clock.
Creating register for signal `\mkQuire.\vrg_quire_seg_zero_3' using process `\mkQuire.$proc$/teamspace/studios/this_studio/Melodica-Integration-into-Fife-Core/Learn_Bluespec_and_RISCV_Design/Code/Build/Fife/verilog/mkQuire.v:3234$1015'.
  created $dff cell `$procdff$2474' with positive edge clock.
Creating register for signal `\mkQuire.\vrg_quire_seg_zero_4' using process `\mkQuire.$proc$/teamspace/studios/this_studio/Melodica-Integration-into-Fife-Core/Learn_Bluespec_and_RISCV_Design/Code/Build/Fife/verilog/mkQuire.v:3234$1015'.
  created $dff cell `$procdff$2475' with positive edge clock.
Creating register for signal `\mkQuire.\vrg_quire_seg_zero_5' using process `\mkQuire.$proc$/teamspace/studios/this_studio/Melodica-Integration-into-Fife-Core/Learn_Bluespec_and_RISCV_Design/Code/Build/Fife/verilog/mkQuire.v:3234$1015'.
  created $dff cell `$procdff$2476' with positive edge clock.
Creating register for signal `\mkQuire.\vrg_quire_seg_zero_6' using process `\mkQuire.$proc$/teamspace/studios/this_studio/Melodica-Integration-into-Fife-Core/Learn_Bluespec_and_RISCV_Design/Code/Build/Fife/verilog/mkQuire.v:3234$1015'.
  created $dff cell `$procdff$2477' with positive edge clock.
Creating register for signal `\mkQuire.\vrg_quire_seg_zero_7' using process `\mkQuire.$proc$/teamspace/studios/this_studio/Melodica-Integration-into-Fife-Core/Learn_Bluespec_and_RISCV_Design/Code/Build/Fife/verilog/mkQuire.v:3234$1015'.
  created $dff cell `$procdff$2478' with positive edge clock.
Creating register for signal `\mkQuire.\vrg_quire_seg_zero_8' using process `\mkQuire.$proc$/teamspace/studios/this_studio/Melodica-Integration-into-Fife-Core/Learn_Bluespec_and_RISCV_Design/Code/Build/Fife/verilog/mkQuire.v:3234$1015'.
  created $dff cell `$procdff$2479' with positive edge clock.
Creating register for signal `\mkQuire.\vrg_quire_seg_zero_9' using process `\mkQuire.$proc$/teamspace/studios/this_studio/Melodica-Integration-into-Fife-Core/Learn_Bluespec_and_RISCV_Design/Code/Build/Fife/verilog/mkQuire.v:3234$1015'.
  created $dff cell `$procdff$2480' with positive edge clock.
Creating register for signal `\mkQuire.\zero_counter_rg_firstNonZeroSeg' using process `\mkQuire.$proc$/teamspace/studios/this_studio/Melodica-Integration-into-Fife-Core/Learn_Bluespec_and_RISCV_Design/Code/Build/Fife/verilog/mkQuire.v:3234$1015'.
  created $dff cell `$procdff$2481' with positive edge clock.
Creating register for signal `\mkQuire.\zero_counter_rg_numZeroSegs' using process `\mkQuire.$proc$/teamspace/studios/this_studio/Melodica-Integration-into-Fife-Core/Learn_Bluespec_and_RISCV_Design/Code/Build/Fife/verilog/mkQuire.v:3234$1015'.
  created $dff cell `$procdff$2482' with positive edge clock.
Creating register for signal `\mkQuire.\zero_counter_rg_seg_counter_busy' using process `\mkQuire.$proc$/teamspace/studios/this_studio/Melodica-Integration-into-Fife-Core/Learn_Bluespec_and_RISCV_Design/Code/Build/Fife/verilog/mkQuire.v:3234$1015'.
  created $dff cell `$procdff$2483' with positive edge clock.
Creating register for signal `$paramod\FIFO2\width=32'00000000000000000000000000000011\guarded=1'1.\data0_reg' using process `$paramod\FIFO2\width=32'00000000000000000000000000000011\guarded=1'1.$proc$/teamspace/studios/this_studio/Melodica-Integration-into-Fife-Core/bsc/lib/Verilog/FIFO2.v:110$1680'.
  created $dff cell `$procdff$2484' with positive edge clock.
Creating register for signal `$paramod\FIFO2\width=32'00000000000000000000000000000011\guarded=1'1.\data1_reg' using process `$paramod\FIFO2\width=32'00000000000000000000000000000011\guarded=1'1.$proc$/teamspace/studios/this_studio/Melodica-Integration-into-Fife-Core/bsc/lib/Verilog/FIFO2.v:110$1680'.
  created $dff cell `$procdff$2485' with positive edge clock.
Creating register for signal `$paramod\FIFO2\width=32'00000000000000000000000000000011\guarded=1'1.\empty_reg' using process `$paramod\FIFO2\width=32'00000000000000000000000000000011\guarded=1'1.$proc$/teamspace/studios/this_studio/Melodica-Integration-into-Fife-Core/bsc/lib/Verilog/FIFO2.v:81$1672'.
  created $dff cell `$procdff$2486' with positive edge clock.
Creating register for signal `$paramod\FIFO2\width=32'00000000000000000000000000000011\guarded=1'1.\full_reg' using process `$paramod\FIFO2\width=32'00000000000000000000000000000011\guarded=1'1.$proc$/teamspace/studios/this_studio/Melodica-Integration-into-Fife-Core/bsc/lib/Verilog/FIFO2.v:81$1672'.
  created $dff cell `$procdff$2487' with positive edge clock.
Creating register for signal `$paramod\FIFO2\width=32'00000000000000000000000010001010\guarded=1'1.\data0_reg' using process `$paramod\FIFO2\width=32'00000000000000000000000010001010\guarded=1'1.$proc$/teamspace/studios/this_studio/Melodica-Integration-into-Fife-Core/bsc/lib/Verilog/FIFO2.v:110$1648'.
  created $dff cell `$procdff$2488' with positive edge clock.
Creating register for signal `$paramod\FIFO2\width=32'00000000000000000000000010001010\guarded=1'1.\data1_reg' using process `$paramod\FIFO2\width=32'00000000000000000000000010001010\guarded=1'1.$proc$/teamspace/studios/this_studio/Melodica-Integration-into-Fife-Core/bsc/lib/Verilog/FIFO2.v:110$1648'.
  created $dff cell `$procdff$2489' with positive edge clock.
Creating register for signal `$paramod\FIFO2\width=32'00000000000000000000000010001010\guarded=1'1.\empty_reg' using process `$paramod\FIFO2\width=32'00000000000000000000000010001010\guarded=1'1.$proc$/teamspace/studios/this_studio/Melodica-Integration-into-Fife-Core/bsc/lib/Verilog/FIFO2.v:81$1640'.
  created $dff cell `$procdff$2490' with positive edge clock.
Creating register for signal `$paramod\FIFO2\width=32'00000000000000000000000010001010\guarded=1'1.\full_reg' using process `$paramod\FIFO2\width=32'00000000000000000000000010001010\guarded=1'1.$proc$/teamspace/studios/this_studio/Melodica-Integration-into-Fife-Core/bsc/lib/Verilog/FIFO2.v:81$1640'.
  created $dff cell `$procdff$2491' with positive edge clock.
Creating register for signal `$paramod\FIFO1\width=32'00000000000000000000000001000111\guarded=1'1.\D_OUT' using process `$paramod\FIFO1\width=32'00000000000000000000000001000111\guarded=1'1.$proc$/teamspace/studios/this_studio/Melodica-Integration-into-Fife-Core/bsc/lib/Verilog/FIFO1.v:96$1622'.
  created $dff cell `$procdff$2492' with positive edge clock.
Creating register for signal `$paramod\FIFO1\width=32'00000000000000000000000001000111\guarded=1'1.\empty_reg' using process `$paramod\FIFO1\width=32'00000000000000000000000001000111\guarded=1'1.$proc$/teamspace/studios/this_studio/Melodica-Integration-into-Fife-Core/bsc/lib/Verilog/FIFO1.v:73$1620'.
  created $dff cell `$procdff$2493' with positive edge clock.
Creating register for signal `$paramod\FIFO2\width=32'00000000000000000000000000100011\guarded=1'1.\data0_reg' using process `$paramod\FIFO2\width=32'00000000000000000000000000100011\guarded=1'1.$proc$/teamspace/studios/this_studio/Melodica-Integration-into-Fife-Core/bsc/lib/Verilog/FIFO2.v:110$1612'.
  created $dff cell `$procdff$2494' with positive edge clock.
Creating register for signal `$paramod\FIFO2\width=32'00000000000000000000000000100011\guarded=1'1.\data1_reg' using process `$paramod\FIFO2\width=32'00000000000000000000000000100011\guarded=1'1.$proc$/teamspace/studios/this_studio/Melodica-Integration-into-Fife-Core/bsc/lib/Verilog/FIFO2.v:110$1612'.
  created $dff cell `$procdff$2495' with positive edge clock.
Creating register for signal `$paramod\FIFO2\width=32'00000000000000000000000000100011\guarded=1'1.\empty_reg' using process `$paramod\FIFO2\width=32'00000000000000000000000000100011\guarded=1'1.$proc$/teamspace/studios/this_studio/Melodica-Integration-into-Fife-Core/bsc/lib/Verilog/FIFO2.v:81$1604'.
  created $dff cell `$procdff$2496' with positive edge clock.
Creating register for signal `$paramod\FIFO2\width=32'00000000000000000000000000100011\guarded=1'1.\full_reg' using process `$paramod\FIFO2\width=32'00000000000000000000000000100011\guarded=1'1.$proc$/teamspace/studios/this_studio/Melodica-Integration-into-Fife-Core/bsc/lib/Verilog/FIFO2.v:81$1604'.
  created $dff cell `$procdff$2497' with positive edge clock.

14.2.10. Executing PROC_MEMWR pass (convert process memory writes to cells).

14.2.11. Executing PROC_CLEAN pass (remove empty switches from decision trees).
Removing empty process `$paramod\FIFO2\width=32'00000000000000000000000000100110\guarded=1'1.$proc$/teamspace/studios/this_studio/Melodica-Integration-into-Fife-Core/bsc/lib/Verilog/FIFO2.v:110$1580'.
Found and cleaned up 4 empty switches in `$paramod\FIFO2\width=32'00000000000000000000000000100110\guarded=1'1.$proc$/teamspace/studios/this_studio/Melodica-Integration-into-Fife-Core/bsc/lib/Verilog/FIFO2.v:81$1572'.
Removing empty process `$paramod\FIFO2\width=32'00000000000000000000000000100110\guarded=1'1.$proc$/teamspace/studios/this_studio/Melodica-Integration-into-Fife-Core/bsc/lib/Verilog/FIFO2.v:81$1572'.
Found and cleaned up 1 empty switch in `$paramod\FIFO1\width=32'00000000000000000000000000100100\guarded=1'1.$proc$/teamspace/studios/this_studio/Melodica-Integration-into-Fife-Core/bsc/lib/Verilog/FIFO1.v:96$1554'.
Removing empty process `$paramod\FIFO1\width=32'00000000000000000000000000100100\guarded=1'1.$proc$/teamspace/studios/this_studio/Melodica-Integration-into-Fife-Core/bsc/lib/Verilog/FIFO1.v:96$1554'.
Found and cleaned up 4 empty switches in `$paramod\FIFO1\width=32'00000000000000000000000000100100\guarded=1'1.$proc$/teamspace/studios/this_studio/Melodica-Integration-into-Fife-Core/bsc/lib/Verilog/FIFO1.v:73$1552'.
Removing empty process `$paramod\FIFO1\width=32'00000000000000000000000000100100\guarded=1'1.$proc$/teamspace/studios/this_studio/Melodica-Integration-into-Fife-Core/bsc/lib/Verilog/FIFO1.v:73$1552'.
Found and cleaned up 1 empty switch in `$paramod\FIFO1\width=32'00000000000000000000000001000110\guarded=1'1.$proc$/teamspace/studios/this_studio/Melodica-Integration-into-Fife-Core/bsc/lib/Verilog/FIFO1.v:96$1550'.
Removing empty process `$paramod\FIFO1\width=32'00000000000000000000000001000110\guarded=1'1.$proc$/teamspace/studios/this_studio/Melodica-Integration-into-Fife-Core/bsc/lib/Verilog/FIFO1.v:96$1550'.
Found and cleaned up 4 empty switches in `$paramod\FIFO1\width=32'00000000000000000000000001000110\guarded=1'1.$proc$/teamspace/studios/this_studio/Melodica-Integration-into-Fife-Core/bsc/lib/Verilog/FIFO1.v:73$1548'.
Removing empty process `$paramod\FIFO1\width=32'00000000000000000000000001000110\guarded=1'1.$proc$/teamspace/studios/this_studio/Melodica-Integration-into-Fife-Core/bsc/lib/Verilog/FIFO1.v:73$1548'.
Found and cleaned up 1 empty switch in `$paramod\FIFO1\width=32'00000000000000000000000001000101\guarded=1'1.$proc$/teamspace/studios/this_studio/Melodica-Integration-into-Fife-Core/bsc/lib/Verilog/FIFO1.v:96$1546'.
Removing empty process `$paramod\FIFO1\width=32'00000000000000000000000001000101\guarded=1'1.$proc$/teamspace/studios/this_studio/Melodica-Integration-into-Fife-Core/bsc/lib/Verilog/FIFO1.v:96$1546'.
Found and cleaned up 4 empty switches in `$paramod\FIFO1\width=32'00000000000000000000000001000101\guarded=1'1.$proc$/teamspace/studios/this_studio/Melodica-Integration-into-Fife-Core/bsc/lib/Verilog/FIFO1.v:73$1544'.
Removing empty process `$paramod\FIFO1\width=32'00000000000000000000000001000101\guarded=1'1.$proc$/teamspace/studios/this_studio/Melodica-Integration-into-Fife-Core/bsc/lib/Verilog/FIFO1.v:73$1544'.
Found and cleaned up 1 empty switch in `$paramod\FIFO1\width=32'00000000000000000000000111100110\guarded=1'1.$proc$/teamspace/studios/this_studio/Melodica-Integration-into-Fife-Core/bsc/lib/Verilog/FIFO1.v:96$1542'.
Removing empty process `$paramod\FIFO1\width=32'00000000000000000000000111100110\guarded=1'1.$proc$/teamspace/studios/this_studio/Melodica-Integration-into-Fife-Core/bsc/lib/Verilog/FIFO1.v:96$1542'.
Found and cleaned up 4 empty switches in `$paramod\FIFO1\width=32'00000000000000000000000111100110\guarded=1'1.$proc$/teamspace/studios/this_studio/Melodica-Integration-into-Fife-Core/bsc/lib/Verilog/FIFO1.v:73$1540'.
Removing empty process `$paramod\FIFO1\width=32'00000000000000000000000111100110\guarded=1'1.$proc$/teamspace/studios/this_studio/Melodica-Integration-into-Fife-Core/bsc/lib/Verilog/FIFO1.v:73$1540'.
Found and cleaned up 1 empty switch in `$paramod\FIFO1\width=32'00000000000000000000000000001010\guarded=1'1.$proc$/teamspace/studios/this_studio/Melodica-Integration-into-Fife-Core/bsc/lib/Verilog/FIFO1.v:96$1538'.
Removing empty process `$paramod\FIFO1\width=32'00000000000000000000000000001010\guarded=1'1.$proc$/teamspace/studios/this_studio/Melodica-Integration-into-Fife-Core/bsc/lib/Verilog/FIFO1.v:96$1538'.
Found and cleaned up 4 empty switches in `$paramod\FIFO1\width=32'00000000000000000000000000001010\guarded=1'1.$proc$/teamspace/studios/this_studio/Melodica-Integration-into-Fife-Core/bsc/lib/Verilog/FIFO1.v:73$1536'.
Removing empty process `$paramod\FIFO1\width=32'00000000000000000000000000001010\guarded=1'1.$proc$/teamspace/studios/this_studio/Melodica-Integration-into-Fife-Core/bsc/lib/Verilog/FIFO1.v:73$1536'.
Found and cleaned up 1 empty switch in `$paramod\FIFO1\width=32'00000000000000000000000000101001\guarded=1'1.$proc$/teamspace/studios/this_studio/Melodica-Integration-into-Fife-Core/bsc/lib/Verilog/FIFO1.v:96$1534'.
Removing empty process `$paramod\FIFO1\width=32'00000000000000000000000000101001\guarded=1'1.$proc$/teamspace/studios/this_studio/Melodica-Integration-into-Fife-Core/bsc/lib/Verilog/FIFO1.v:96$1534'.
Found and cleaned up 4 empty switches in `$paramod\FIFO1\width=32'00000000000000000000000000101001\guarded=1'1.$proc$/teamspace/studios/this_studio/Melodica-Integration-into-Fife-Core/bsc/lib/Verilog/FIFO1.v:73$1532'.
Removing empty process `$paramod\FIFO1\width=32'00000000000000000000000000101001\guarded=1'1.$proc$/teamspace/studios/this_studio/Melodica-Integration-into-Fife-Core/bsc/lib/Verilog/FIFO1.v:73$1532'.
Found and cleaned up 1 empty switch in `$paramod$77feb722284cbb4b2efebea6faec56b4318dabcc\SizedFIFO.$proc$/teamspace/studios/this_studio/Melodica-Integration-into-Fife-Core/bsc/lib/Verilog/SizedFIFO.v:190$1515'.
Removing empty process `$paramod$77feb722284cbb4b2efebea6faec56b4318dabcc\SizedFIFO.$proc$/teamspace/studios/this_studio/Melodica-Integration-into-Fife-Core/bsc/lib/Verilog/SizedFIFO.v:190$1515'.
Found and cleaned up 1 empty switch in `$paramod$77feb722284cbb4b2efebea6faec56b4318dabcc\SizedFIFO.$proc$/teamspace/studios/this_studio/Melodica-Integration-into-Fife-Core/bsc/lib/Verilog/SizedFIFO.v:167$1512'.
Removing empty process `$paramod$77feb722284cbb4b2efebea6faec56b4318dabcc\SizedFIFO.$proc$/teamspace/studios/this_studio/Melodica-Integration-into-Fife-Core/bsc/lib/Verilog/SizedFIFO.v:167$1512'.
Found and cleaned up 3 empty switches in `$paramod$77feb722284cbb4b2efebea6faec56b4318dabcc\SizedFIFO.$proc$/teamspace/studios/this_studio/Melodica-Integration-into-Fife-Core/bsc/lib/Verilog/SizedFIFO.v:107$1507'.
Removing empty process `$paramod$77feb722284cbb4b2efebea6faec56b4318dabcc\SizedFIFO.$proc$/teamspace/studios/this_studio/Melodica-Integration-into-Fife-Core/bsc/lib/Verilog/SizedFIFO.v:107$1507'.
Found and cleaned up 1 empty switch in `$paramod$a0c6df3c1489bcd5c1c6c2071c80faf091665997\SizedFIFO.$proc$/teamspace/studios/this_studio/Melodica-Integration-into-Fife-Core/bsc/lib/Verilog/SizedFIFO.v:190$1484'.
Removing empty process `$paramod$a0c6df3c1489bcd5c1c6c2071c80faf091665997\SizedFIFO.$proc$/teamspace/studios/this_studio/Melodica-Integration-into-Fife-Core/bsc/lib/Verilog/SizedFIFO.v:190$1484'.
Found and cleaned up 1 empty switch in `$paramod$a0c6df3c1489bcd5c1c6c2071c80faf091665997\SizedFIFO.$proc$/teamspace/studios/this_studio/Melodica-Integration-into-Fife-Core/bsc/lib/Verilog/SizedFIFO.v:167$1481'.
Removing empty process `$paramod$a0c6df3c1489bcd5c1c6c2071c80faf091665997\SizedFIFO.$proc$/teamspace/studios/this_studio/Melodica-Integration-into-Fife-Core/bsc/lib/Verilog/SizedFIFO.v:167$1481'.
Found and cleaned up 3 empty switches in `$paramod$a0c6df3c1489bcd5c1c6c2071c80faf091665997\SizedFIFO.$proc$/teamspace/studios/this_studio/Melodica-Integration-into-Fife-Core/bsc/lib/Verilog/SizedFIFO.v:107$1476'.
Removing empty process `$paramod$a0c6df3c1489bcd5c1c6c2071c80faf091665997\SizedFIFO.$proc$/teamspace/studios/this_studio/Melodica-Integration-into-Fife-Core/bsc/lib/Verilog/SizedFIFO.v:107$1476'.
Found and cleaned up 2 empty switches in `\mkPositCore.$proc$/teamspace/studios/this_studio/Melodica-Integration-into-Fife-Core/Learn_Bluespec_and_RISCV_Design/Code/Build/Fife/verilog/mkPositCore.v:611$1467'.
Removing empty process `mkPositCore.$proc$/teamspace/studios/this_studio/Melodica-Integration-into-Fife-Core/Learn_Bluespec_and_RISCV_Design/Code/Build/Fife/verilog/mkPositCore.v:611$1467'.
Found and cleaned up 1 empty switch in `\mkPtoF_PNE.$proc$/teamspace/studios/this_studio/Melodica-Integration-into-Fife-Core/Learn_Bluespec_and_RISCV_Design/Code/Build/Fife/verilog/mkPtoF_PNE.v:228$1341'.
Removing empty process `mkPtoF_PNE.$proc$/teamspace/studios/this_studio/Melodica-Integration-into-Fife-Core/Learn_Bluespec_and_RISCV_Design/Code/Build/Fife/verilog/mkPtoF_PNE.v:228$1341'.
Found and cleaned up 1 empty switch in `\mkPtoF_PNE.$proc$/teamspace/studios/this_studio/Melodica-Integration-into-Fife-Core/Learn_Bluespec_and_RISCV_Design/Code/Build/Fife/verilog/mkPtoF_PNE.v:220$1339'.
Removing empty process `mkPtoF_PNE.$proc$/teamspace/studios/this_studio/Melodica-Integration-into-Fife-Core/Learn_Bluespec_and_RISCV_Design/Code/Build/Fife/verilog/mkPtoF_PNE.v:220$1339'.
Found and cleaned up 1 empty switch in `\mkNormalizer.$proc$/teamspace/studios/this_studio/Melodica-Integration-into-Fife-Core/Learn_Bluespec_and_RISCV_Design/Code/Build/Fife/verilog/mkNormalizer.v:409$1220'.
Removing empty process `mkNormalizer.$proc$/teamspace/studios/this_studio/Melodica-Integration-into-Fife-Core/Learn_Bluespec_and_RISCV_Design/Code/Build/Fife/verilog/mkNormalizer.v:409$1220'.
Found and cleaned up 1 empty switch in `\mkNormalizer.$proc$/teamspace/studios/this_studio/Melodica-Integration-into-Fife-Core/Learn_Bluespec_and_RISCV_Design/Code/Build/Fife/verilog/mkNormalizer.v:394$1216'.
Removing empty process `mkNormalizer.$proc$/teamspace/studios/this_studio/Melodica-Integration-into-Fife-Core/Learn_Bluespec_and_RISCV_Design/Code/Build/Fife/verilog/mkNormalizer.v:394$1216'.
Found and cleaned up 39 empty switches in `\mkQuire.$proc$/teamspace/studios/this_studio/Melodica-Integration-into-Fife-Core/Learn_Bluespec_and_RISCV_Design/Code/Build/Fife/verilog/mkQuire.v:3234$1015'.
Removing empty process `mkQuire.$proc$/teamspace/studios/this_studio/Melodica-Integration-into-Fife-Core/Learn_Bluespec_and_RISCV_Design/Code/Build/Fife/verilog/mkQuire.v:3234$1015'.
Found and cleaned up 1 empty switch in `\mkQuire.$proc$/teamspace/studios/this_studio/Melodica-Integration-into-Fife-Core/Learn_Bluespec_and_RISCV_Design/Code/Build/Fife/verilog/mkQuire.v:2390$770'.
Removing empty process `mkQuire.$proc$/teamspace/studios/this_studio/Melodica-Integration-into-Fife-Core/Learn_Bluespec_and_RISCV_Design/Code/Build/Fife/verilog/mkQuire.v:2390$770'.
Found and cleaned up 1 empty switch in `\mkQuire.$proc$/teamspace/studios/this_studio/Melodica-Integration-into-Fife-Core/Learn_Bluespec_and_RISCV_Design/Code/Build/Fife/verilog/mkQuire.v:2364$756'.
Removing empty process `mkQuire.$proc$/teamspace/studios/this_studio/Melodica-Integration-into-Fife-Core/Learn_Bluespec_and_RISCV_Design/Code/Build/Fife/verilog/mkQuire.v:2364$756'.
Found and cleaned up 1 empty switch in `\mkQuire.$proc$/teamspace/studios/this_studio/Melodica-Integration-into-Fife-Core/Learn_Bluespec_and_RISCV_Design/Code/Build/Fife/verilog/mkQuire.v:2338$742'.
Removing empty process `mkQuire.$proc$/teamspace/studios/this_studio/Melodica-Integration-into-Fife-Core/Learn_Bluespec_and_RISCV_Design/Code/Build/Fife/verilog/mkQuire.v:2338$742'.
Found and cleaned up 1 empty switch in `\mkQuire.$proc$/teamspace/studios/this_studio/Melodica-Integration-into-Fife-Core/Learn_Bluespec_and_RISCV_Design/Code/Build/Fife/verilog/mkQuire.v:2312$728'.
Removing empty process `mkQuire.$proc$/teamspace/studios/this_studio/Melodica-Integration-into-Fife-Core/Learn_Bluespec_and_RISCV_Design/Code/Build/Fife/verilog/mkQuire.v:2312$728'.
Found and cleaned up 1 empty switch in `\mkQuire.$proc$/teamspace/studios/this_studio/Melodica-Integration-into-Fife-Core/Learn_Bluespec_and_RISCV_Design/Code/Build/Fife/verilog/mkQuire.v:2286$714'.
Removing empty process `mkQuire.$proc$/teamspace/studios/this_studio/Melodica-Integration-into-Fife-Core/Learn_Bluespec_and_RISCV_Design/Code/Build/Fife/verilog/mkQuire.v:2286$714'.
Found and cleaned up 1 empty switch in `\mkQuire.$proc$/teamspace/studios/this_studio/Melodica-Integration-into-Fife-Core/Learn_Bluespec_and_RISCV_Design/Code/Build/Fife/verilog/mkQuire.v:2260$700'.
Removing empty process `mkQuire.$proc$/teamspace/studios/this_studio/Melodica-Integration-into-Fife-Core/Learn_Bluespec_and_RISCV_Design/Code/Build/Fife/verilog/mkQuire.v:2260$700'.
Found and cleaned up 1 empty switch in `\mkQuire.$proc$/teamspace/studios/this_studio/Melodica-Integration-into-Fife-Core/Learn_Bluespec_and_RISCV_Design/Code/Build/Fife/verilog/mkQuire.v:2234$686'.
Removing empty process `mkQuire.$proc$/teamspace/studios/this_studio/Melodica-Integration-into-Fife-Core/Learn_Bluespec_and_RISCV_Design/Code/Build/Fife/verilog/mkQuire.v:2234$686'.
Found and cleaned up 1 empty switch in `\mkQuire.$proc$/teamspace/studios/this_studio/Melodica-Integration-into-Fife-Core/Learn_Bluespec_and_RISCV_Design/Code/Build/Fife/verilog/mkQuire.v:2208$672'.
Removing empty process `mkQuire.$proc$/teamspace/studios/this_studio/Melodica-Integration-into-Fife-Core/Learn_Bluespec_and_RISCV_Design/Code/Build/Fife/verilog/mkQuire.v:2208$672'.
Found and cleaned up 1 empty switch in `\mkQuire.$proc$/teamspace/studios/this_studio/Melodica-Integration-into-Fife-Core/Learn_Bluespec_and_RISCV_Design/Code/Build/Fife/verilog/mkQuire.v:2185$659'.
Removing empty process `mkQuire.$proc$/teamspace/studios/this_studio/Melodica-Integration-into-Fife-Core/Learn_Bluespec_and_RISCV_Design/Code/Build/Fife/verilog/mkQuire.v:2185$659'.
Found and cleaned up 1 empty switch in `\mkQuire.$proc$/teamspace/studios/this_studio/Melodica-Integration-into-Fife-Core/Learn_Bluespec_and_RISCV_Design/Code/Build/Fife/verilog/mkQuire.v:2159$645'.
Removing empty process `mkQuire.$proc$/teamspace/studios/this_studio/Melodica-Integration-into-Fife-Core/Learn_Bluespec_and_RISCV_Design/Code/Build/Fife/verilog/mkQuire.v:2159$645'.
Found and cleaned up 1 empty switch in `\mkQuire.$proc$/teamspace/studios/this_studio/Melodica-Integration-into-Fife-Core/Learn_Bluespec_and_RISCV_Design/Code/Build/Fife/verilog/mkQuire.v:2133$631'.
Removing empty process `mkQuire.$proc$/teamspace/studios/this_studio/Melodica-Integration-into-Fife-Core/Learn_Bluespec_and_RISCV_Design/Code/Build/Fife/verilog/mkQuire.v:2133$631'.
Found and cleaned up 1 empty switch in `\mkQuire.$proc$/teamspace/studios/this_studio/Melodica-Integration-into-Fife-Core/Learn_Bluespec_and_RISCV_Design/Code/Build/Fife/verilog/mkQuire.v:2107$617'.
Removing empty process `mkQuire.$proc$/teamspace/studios/this_studio/Melodica-Integration-into-Fife-Core/Learn_Bluespec_and_RISCV_Design/Code/Build/Fife/verilog/mkQuire.v:2107$617'.
Found and cleaned up 1 empty switch in `\mkQuire.$proc$/teamspace/studios/this_studio/Melodica-Integration-into-Fife-Core/Learn_Bluespec_and_RISCV_Design/Code/Build/Fife/verilog/mkQuire.v:2081$603'.
Removing empty process `mkQuire.$proc$/teamspace/studios/this_studio/Melodica-Integration-into-Fife-Core/Learn_Bluespec_and_RISCV_Design/Code/Build/Fife/verilog/mkQuire.v:2081$603'.
Found and cleaned up 1 empty switch in `\mkQuire.$proc$/teamspace/studios/this_studio/Melodica-Integration-into-Fife-Core/Learn_Bluespec_and_RISCV_Design/Code/Build/Fife/verilog/mkQuire.v:2055$589'.
Removing empty process `mkQuire.$proc$/teamspace/studios/this_studio/Melodica-Integration-into-Fife-Core/Learn_Bluespec_and_RISCV_Design/Code/Build/Fife/verilog/mkQuire.v:2055$589'.
Found and cleaned up 1 empty switch in `\mkQuire.$proc$/teamspace/studios/this_studio/Melodica-Integration-into-Fife-Core/Learn_Bluespec_and_RISCV_Design/Code/Build/Fife/verilog/mkQuire.v:2029$575'.
Removing empty process `mkQuire.$proc$/teamspace/studios/this_studio/Melodica-Integration-into-Fife-Core/Learn_Bluespec_and_RISCV_Design/Code/Build/Fife/verilog/mkQuire.v:2029$575'.
Found and cleaned up 1 empty switch in `\mkQuire.$proc$/teamspace/studios/this_studio/Melodica-Integration-into-Fife-Core/Learn_Bluespec_and_RISCV_Design/Code/Build/Fife/verilog/mkQuire.v:2003$561'.
Removing empty process `mkQuire.$proc$/teamspace/studios/this_studio/Melodica-Integration-into-Fife-Core/Learn_Bluespec_and_RISCV_Design/Code/Build/Fife/verilog/mkQuire.v:2003$561'.
Found and cleaned up 1 empty switch in `\mkQuire.$proc$/teamspace/studios/this_studio/Melodica-Integration-into-Fife-Core/Learn_Bluespec_and_RISCV_Design/Code/Build/Fife/verilog/mkQuire.v:1978$551'.
Removing empty process `mkQuire.$proc$/teamspace/studios/this_studio/Melodica-Integration-into-Fife-Core/Learn_Bluespec_and_RISCV_Design/Code/Build/Fife/verilog/mkQuire.v:1978$551'.
Found and cleaned up 1 empty switch in `\mkQuire.$proc$/teamspace/studios/this_studio/Melodica-Integration-into-Fife-Core/Learn_Bluespec_and_RISCV_Design/Code/Build/Fife/verilog/mkQuire.v:1953$541'.
Removing empty process `mkQuire.$proc$/teamspace/studios/this_studio/Melodica-Integration-into-Fife-Core/Learn_Bluespec_and_RISCV_Design/Code/Build/Fife/verilog/mkQuire.v:1953$541'.
Found and cleaned up 1 empty switch in `\mkQuire.$proc$/teamspace/studios/this_studio/Melodica-Integration-into-Fife-Core/Learn_Bluespec_and_RISCV_Design/Code/Build/Fife/verilog/mkQuire.v:1928$531'.
Removing empty process `mkQuire.$proc$/teamspace/studios/this_studio/Melodica-Integration-into-Fife-Core/Learn_Bluespec_and_RISCV_Design/Code/Build/Fife/verilog/mkQuire.v:1928$531'.
Found and cleaned up 1 empty switch in `\mkQuire.$proc$/teamspace/studios/this_studio/Melodica-Integration-into-Fife-Core/Learn_Bluespec_and_RISCV_Design/Code/Build/Fife/verilog/mkQuire.v:1903$521'.
Removing empty process `mkQuire.$proc$/teamspace/studios/this_studio/Melodica-Integration-into-Fife-Core/Learn_Bluespec_and_RISCV_Design/Code/Build/Fife/verilog/mkQuire.v:1903$521'.
Found and cleaned up 1 empty switch in `\mkQuire.$proc$/teamspace/studios/this_studio/Melodica-Integration-into-Fife-Core/Learn_Bluespec_and_RISCV_Design/Code/Build/Fife/verilog/mkQuire.v:1878$511'.
Removing empty process `mkQuire.$proc$/teamspace/studios/this_studio/Melodica-Integration-into-Fife-Core/Learn_Bluespec_and_RISCV_Design/Code/Build/Fife/verilog/mkQuire.v:1878$511'.
Found and cleaned up 1 empty switch in `\mkQuire.$proc$/teamspace/studios/this_studio/Melodica-Integration-into-Fife-Core/Learn_Bluespec_and_RISCV_Design/Code/Build/Fife/verilog/mkQuire.v:1853$501'.
Removing empty process `mkQuire.$proc$/teamspace/studios/this_studio/Melodica-Integration-into-Fife-Core/Learn_Bluespec_and_RISCV_Design/Code/Build/Fife/verilog/mkQuire.v:1853$501'.
Found and cleaned up 1 empty switch in `\mkQuire.$proc$/teamspace/studios/this_studio/Melodica-Integration-into-Fife-Core/Learn_Bluespec_and_RISCV_Design/Code/Build/Fife/verilog/mkQuire.v:1828$491'.
Removing empty process `mkQuire.$proc$/teamspace/studios/this_studio/Melodica-Integration-into-Fife-Core/Learn_Bluespec_and_RISCV_Design/Code/Build/Fife/verilog/mkQuire.v:1828$491'.
Found and cleaned up 1 empty switch in `\mkQuire.$proc$/teamspace/studios/this_studio/Melodica-Integration-into-Fife-Core/Learn_Bluespec_and_RISCV_Design/Code/Build/Fife/verilog/mkQuire.v:1803$481'.
Removing empty process `mkQuire.$proc$/teamspace/studios/this_studio/Melodica-Integration-into-Fife-Core/Learn_Bluespec_and_RISCV_Design/Code/Build/Fife/verilog/mkQuire.v:1803$481'.
Found and cleaned up 1 empty switch in `\mkQuire.$proc$/teamspace/studios/this_studio/Melodica-Integration-into-Fife-Core/Learn_Bluespec_and_RISCV_Design/Code/Build/Fife/verilog/mkQuire.v:1778$471'.
Removing empty process `mkQuire.$proc$/teamspace/studios/this_studio/Melodica-Integration-into-Fife-Core/Learn_Bluespec_and_RISCV_Design/Code/Build/Fife/verilog/mkQuire.v:1778$471'.
Found and cleaned up 1 empty switch in `\mkQuire.$proc$/teamspace/studios/this_studio/Melodica-Integration-into-Fife-Core/Learn_Bluespec_and_RISCV_Design/Code/Build/Fife/verilog/mkQuire.v:1753$461'.
Removing empty process `mkQuire.$proc$/teamspace/studios/this_studio/Melodica-Integration-into-Fife-Core/Learn_Bluespec_and_RISCV_Design/Code/Build/Fife/verilog/mkQuire.v:1753$461'.
Found and cleaned up 1 empty switch in `\mkQuire.$proc$/teamspace/studios/this_studio/Melodica-Integration-into-Fife-Core/Learn_Bluespec_and_RISCV_Design/Code/Build/Fife/verilog/mkQuire.v:1728$451'.
Removing empty process `mkQuire.$proc$/teamspace/studios/this_studio/Melodica-Integration-into-Fife-Core/Learn_Bluespec_and_RISCV_Design/Code/Build/Fife/verilog/mkQuire.v:1728$451'.
Found and cleaned up 1 empty switch in `\mkQuire.$proc$/teamspace/studios/this_studio/Melodica-Integration-into-Fife-Core/Learn_Bluespec_and_RISCV_Design/Code/Build/Fife/verilog/mkQuire.v:1703$441'.
Removing empty process `mkQuire.$proc$/teamspace/studios/this_studio/Melodica-Integration-into-Fife-Core/Learn_Bluespec_and_RISCV_Design/Code/Build/Fife/verilog/mkQuire.v:1703$441'.
Found and cleaned up 1 empty switch in `\mkQuire.$proc$/teamspace/studios/this_studio/Melodica-Integration-into-Fife-Core/Learn_Bluespec_and_RISCV_Design/Code/Build/Fife/verilog/mkQuire.v:1678$431'.
Removing empty process `mkQuire.$proc$/teamspace/studios/this_studio/Melodica-Integration-into-Fife-Core/Learn_Bluespec_and_RISCV_Design/Code/Build/Fife/verilog/mkQuire.v:1678$431'.
Found and cleaned up 1 empty switch in `\mkQuire.$proc$/teamspace/studios/this_studio/Melodica-Integration-into-Fife-Core/Learn_Bluespec_and_RISCV_Design/Code/Build/Fife/verilog/mkQuire.v:1653$421'.
Removing empty process `mkQuire.$proc$/teamspace/studios/this_studio/Melodica-Integration-into-Fife-Core/Learn_Bluespec_and_RISCV_Design/Code/Build/Fife/verilog/mkQuire.v:1653$421'.
Found and cleaned up 1 empty switch in `\mkQuire.$proc$/teamspace/studios/this_studio/Melodica-Integration-into-Fife-Core/Learn_Bluespec_and_RISCV_Design/Code/Build/Fife/verilog/mkQuire.v:1629$411'.
Removing empty process `mkQuire.$proc$/teamspace/studios/this_studio/Melodica-Integration-into-Fife-Core/Learn_Bluespec_and_RISCV_Design/Code/Build/Fife/verilog/mkQuire.v:1629$411'.
Found and cleaned up 1 empty switch in `\mkQuire.$proc$/teamspace/studios/this_studio/Melodica-Integration-into-Fife-Core/Learn_Bluespec_and_RISCV_Design/Code/Build/Fife/verilog/mkQuire.v:1606$401'.
Removing empty process `mkQuire.$proc$/teamspace/studios/this_studio/Melodica-Integration-into-Fife-Core/Learn_Bluespec_and_RISCV_Design/Code/Build/Fife/verilog/mkQuire.v:1606$401'.
Removing empty process `$paramod\FIFO2\width=32'00000000000000000000000000000011\guarded=1'1.$proc$/teamspace/studios/this_studio/Melodica-Integration-into-Fife-Core/bsc/lib/Verilog/FIFO2.v:110$1680'.
Found and cleaned up 4 empty switches in `$paramod\FIFO2\width=32'00000000000000000000000000000011\guarded=1'1.$proc$/teamspace/studios/this_studio/Melodica-Integration-into-Fife-Core/bsc/lib/Verilog/FIFO2.v:81$1672'.
Removing empty process `$paramod\FIFO2\width=32'00000000000000000000000000000011\guarded=1'1.$proc$/teamspace/studios/this_studio/Melodica-Integration-into-Fife-Core/bsc/lib/Verilog/FIFO2.v:81$1672'.
Removing empty process `$paramod\FIFO2\width=32'00000000000000000000000010001010\guarded=1'1.$proc$/teamspace/studios/this_studio/Melodica-Integration-into-Fife-Core/bsc/lib/Verilog/FIFO2.v:110$1648'.
Found and cleaned up 4 empty switches in `$paramod\FIFO2\width=32'00000000000000000000000010001010\guarded=1'1.$proc$/teamspace/studios/this_studio/Melodica-Integration-into-Fife-Core/bsc/lib/Verilog/FIFO2.v:81$1640'.
Removing empty process `$paramod\FIFO2\width=32'00000000000000000000000010001010\guarded=1'1.$proc$/teamspace/studios/this_studio/Melodica-Integration-into-Fife-Core/bsc/lib/Verilog/FIFO2.v:81$1640'.
Found and cleaned up 1 empty switch in `$paramod\FIFO1\width=32'00000000000000000000000001000111\guarded=1'1.$proc$/teamspace/studios/this_studio/Melodica-Integration-into-Fife-Core/bsc/lib/Verilog/FIFO1.v:96$1622'.
Removing empty process `$paramod\FIFO1\width=32'00000000000000000000000001000111\guarded=1'1.$proc$/teamspace/studios/this_studio/Melodica-Integration-into-Fife-Core/bsc/lib/Verilog/FIFO1.v:96$1622'.
Found and cleaned up 4 empty switches in `$paramod\FIFO1\width=32'00000000000000000000000001000111\guarded=1'1.$proc$/teamspace/studios/this_studio/Melodica-Integration-into-Fife-Core/bsc/lib/Verilog/FIFO1.v:73$1620'.
Removing empty process `$paramod\FIFO1\width=32'00000000000000000000000001000111\guarded=1'1.$proc$/teamspace/studios/this_studio/Melodica-Integration-into-Fife-Core/bsc/lib/Verilog/FIFO1.v:73$1620'.
Removing empty process `$paramod\FIFO2\width=32'00000000000000000000000000100011\guarded=1'1.$proc$/teamspace/studios/this_studio/Melodica-Integration-into-Fife-Core/bsc/lib/Verilog/FIFO2.v:110$1612'.
Found and cleaned up 4 empty switches in `$paramod\FIFO2\width=32'00000000000000000000000000100011\guarded=1'1.$proc$/teamspace/studios/this_studio/Melodica-Integration-into-Fife-Core/bsc/lib/Verilog/FIFO2.v:81$1604'.
Removing empty process `$paramod\FIFO2\width=32'00000000000000000000000000100011\guarded=1'1.$proc$/teamspace/studios/this_studio/Melodica-Integration-into-Fife-Core/bsc/lib/Verilog/FIFO2.v:81$1604'.
Cleaned up 138 empty switches.

14.2.12. Executing OPT_EXPR pass (perform const folding).
Optimizing module $paramod\FIFO2\width=32'00000000000000000000000000100110\guarded=1'1.
<suppressed ~3 debug messages>
Optimizing module $paramod\FIFO1\width=32'00000000000000000000000000100100\guarded=1'1.
<suppressed ~2 debug messages>
Optimizing module $paramod\FIFO1\width=32'00000000000000000000000001000110\guarded=1'1.
<suppressed ~2 debug messages>
Optimizing module $paramod\FIFO1\width=32'00000000000000000000000001000101\guarded=1'1.
<suppressed ~2 debug messages>
Optimizing module $paramod\FIFO1\width=32'00000000000000000000000111100110\guarded=1'1.
<suppressed ~2 debug messages>
Optimizing module $paramod\FIFO1\width=32'00000000000000000000000000001010\guarded=1'1.
<suppressed ~2 debug messages>
Optimizing module $paramod\FIFO1\width=32'00000000000000000000000000101001\guarded=1'1.
<suppressed ~2 debug messages>
Optimizing module $paramod$77feb722284cbb4b2efebea6faec56b4318dabcc\SizedFIFO.
<suppressed ~6 debug messages>
Optimizing module $paramod$a0c6df3c1489bcd5c1c6c2071c80faf091665997\SizedFIFO.
<suppressed ~6 debug messages>
Optimizing module mkPositCore.
<suppressed ~7 debug messages>
Optimizing module mkPtoF_PNE.
<suppressed ~12 debug messages>
Optimizing module mkFtoP_PNE.
<suppressed ~13 debug messages>
Optimizing module mkExtracter.
<suppressed ~3 debug messages>
Optimizing module mkNormalizer.
<suppressed ~25 debug messages>
Optimizing module mkMultiplier.
Optimizing module mkQuire.
<suppressed ~319 debug messages>
Optimizing module module_fn_twosC_quire.
Optimizing module $paramod\FIFO2\width=32'00000000000000000000000000000011\guarded=1'1.
<suppressed ~3 debug messages>
Optimizing module $paramod\FIFO2\width=32'00000000000000000000000010001010\guarded=1'1.
<suppressed ~3 debug messages>
Optimizing module $paramod\FIFO1\width=32'00000000000000000000000001000111\guarded=1'1.
<suppressed ~2 debug messages>
Optimizing module $paramod\FIFO2\width=32'00000000000000000000000000100011\guarded=1'1.
<suppressed ~3 debug messages>

14.3. Executing FLATTEN pass (flatten design).
Deleting now unused module $paramod\FIFO2\width=32'00000000000000000000000000100110\guarded=1'1.
Deleting now unused module $paramod\FIFO1\width=32'00000000000000000000000000100100\guarded=1'1.
Deleting now unused module $paramod\FIFO1\width=32'00000000000000000000000001000110\guarded=1'1.
Deleting now unused module $paramod\FIFO1\width=32'00000000000000000000000001000101\guarded=1'1.
Deleting now unused module $paramod\FIFO1\width=32'00000000000000000000000111100110\guarded=1'1.
Deleting now unused module $paramod\FIFO1\width=32'00000000000000000000000000001010\guarded=1'1.
Deleting now unused module $paramod\FIFO1\width=32'00000000000000000000000000101001\guarded=1'1.
Deleting now unused module $paramod$77feb722284cbb4b2efebea6faec56b4318dabcc\SizedFIFO.
Deleting now unused module $paramod$a0c6df3c1489bcd5c1c6c2071c80faf091665997\SizedFIFO.
Deleting now unused module mkPtoF_PNE.
Deleting now unused module mkFtoP_PNE.
Deleting now unused module mkExtracter.
Deleting now unused module mkNormalizer.
Deleting now unused module mkMultiplier.
Deleting now unused module mkQuire.
Deleting now unused module module_fn_twosC_quire.
Deleting now unused module $paramod\FIFO2\width=32'00000000000000000000000000000011\guarded=1'1.
Deleting now unused module $paramod\FIFO2\width=32'00000000000000000000000010001010\guarded=1'1.
Deleting now unused module $paramod\FIFO1\width=32'00000000000000000000000001000111\guarded=1'1.
Deleting now unused module $paramod\FIFO2\width=32'00000000000000000000000000100011\guarded=1'1.
<suppressed ~54 debug messages>

14.4. Executing OPT_EXPR pass (perform const folding).
Optimizing module mkPositCore.
<suppressed ~102 debug messages>

14.5. Executing OPT_CLEAN pass (remove unused cells and wires).
Finding unused cells or wires in module \mkPositCore..
Removed 187 unused cells and 2215 unused wires.
<suppressed ~193 debug messages>

14.6. Executing CHECK pass (checking for obvious problems).
Checking module mkPositCore...
Found and reported 0 problems.

14.7. Executing OPT pass (performing simple optimizations).

14.7.1. Executing OPT_EXPR pass (perform const folding).
Optimizing module mkPositCore.

14.7.2. Executing OPT_MERGE pass (detect identical cells).
Finding identical cells in module `\mkPositCore'.
<suppressed ~2313 debug messages>
Removed a total of 771 cells.

14.7.3. Executing OPT_MUXTREE pass (detect dead branches in mux trees).
Running muxtree optimizer on module \mkPositCore..
  Creating internal representation of mux trees.
  Evaluating internal representation of mux trees.
      Replacing known input bits on port A of cell $flatten\quire.\instance_fn_twosC_quire_1.$ternary$/teamspace/studios/this_studio/Melodica-Integration-into-Fife-Core/Learn_Bluespec_and_RISCV_Design/Code/Build/Fife/verilog/module_fn_twosC_quire.v:127$121: \quire.vrg_quire_15 -> { 1'1 \quire.vrg_quire_15 [30:0] }
      Replacing known input bits on port A of cell $flatten\quire.$ternary$/teamspace/studios/this_studio/Melodica-Integration-into-Fife-Core/Learn_Bluespec_and_RISCV_Design/Code/Build/Fife/verilog/mkQuire.v:3225$1009: \extracter1.ff_extract_out.data0_reg [34:27] -> { 1'0 \extracter1.ff_extract_out.data0_reg [33:27] }
      Replacing known input bits on port A of cell $flatten\quire.\seg_adder_vff_carry_0.$procmux$1836: \quire.seg_adder_vff_carry_0.not_ring_full -> 1'0
      Replacing known input bits on port A of cell $flatten\ftop.$ternary$/teamspace/studios/this_studio/Melodica-Integration-into-Fife-Core/Learn_Bluespec_and_RISCV_Design/Code/Build/Fife/verilog/mkFtoP_PNE.v:148$1271: \ftop.IF_0_CONCAT_request_put_BITS_30_TO_23_3_MINUS__ETC___d29 -> { 1'0 \ftop.IF_0_CONCAT_request_put_BITS_30_TO_23_3_MINUS__ETC___d29 [4:0] }
      Replacing known input bits on port A of cell $flatten\quire.\seg_adder_vff_carry_1.$procmux$1836: \quire.seg_adder_vff_carry_1.not_ring_full -> 1'0
      Replacing known input bits on port A of cell $flatten\quire.\seg_adder_vff_carry_10.$procmux$1836: \quire.seg_adder_vff_carry_10.not_ring_full -> 1'0
      Replacing known input bits on port A of cell $flatten\quire.\seg_adder_vff_carry_11.$procmux$1836: \quire.seg_adder_vff_carry_11.not_ring_full -> 1'0
      Replacing known input bits on port A of cell $flatten\quire.\seg_adder_vff_carry_12.$procmux$1836: \quire.seg_adder_vff_carry_12.not_ring_full -> 1'0
      Replacing known input bits on port A of cell $flatten\multiplier.$ternary$/teamspace/studios/this_studio/Melodica-Integration-into-Fife-Core/Learn_Bluespec_and_RISCV_Design/Code/Build/Fife/verilog/mkMultiplier.v:235$1067: \multiplier.ff_pipe_reg_first_BITS_64_TO_56_PLUS_1___d7 -> { 1'0 \multiplier.ff_pipe_reg_first_BITS_64_TO_56_PLUS_1___d7 [7:0] }
      Replacing known input bits on port A of cell $flatten\quire.\seg_adder_vff_carry_13.$procmux$1836: \quire.seg_adder_vff_carry_13.not_ring_full -> 1'0
      Replacing known input bits on port A of cell $flatten\quire.\seg_adder_vff_carry_14.$procmux$1836: \quire.seg_adder_vff_carry_14.not_ring_full -> 1'0
      Replacing known input bits on port A of cell $flatten\quire.\seg_adder_vff_carry_2.$procmux$1836: \quire.seg_adder_vff_carry_2.not_ring_full -> 1'0
      Replacing known input bits on port A of cell $flatten\quire.\seg_adder_vff_carry_3.$procmux$1836: \quire.seg_adder_vff_carry_3.not_ring_full -> 1'0
      Replacing known input bits on port A of cell $flatten\quire.\seg_adder_vff_carry_4.$procmux$1836: \quire.seg_adder_vff_carry_4.not_ring_full -> 1'0
      Replacing known input bits on port A of cell $flatten\quire.\seg_adder_vff_carry_5.$procmux$1836: \quire.seg_adder_vff_carry_5.not_ring_full -> 1'0
      Replacing known input bits on port A of cell $flatten\quire.\seg_adder_vff_carry_6.$procmux$1836: \quire.seg_adder_vff_carry_6.not_ring_full -> 1'0
      Replacing known input bits on port A of cell $flatten\quire.\seg_adder_vff_carry_7.$procmux$1836: \quire.seg_adder_vff_carry_7.not_ring_full -> 1'0
      Replacing known input bits on port A of cell $flatten\quire.\seg_adder_vff_carry_8.$procmux$1836: \quire.seg_adder_vff_carry_8.not_ring_full -> 1'0
      Replacing known input bits on port A of cell $flatten\quire.\seg_adder_vff_carry_9.$procmux$1836: \quire.seg_adder_vff_carry_9.not_ring_full -> 1'0
      Replacing known input bits on port A of cell $flatten\quire.\seg_adder_vff_in_0.$procmux$1894: \quire.seg_adder_vff_in_0.not_ring_full -> 1'0
      Replacing known input bits on port A of cell $flatten\quire.\seg_adder_vff_in_1.$procmux$1894: \quire.seg_adder_vff_in_1.not_ring_full -> 1'0
      Replacing known input bits on port A of cell $flatten\quire.\seg_adder_vff_in_10.$procmux$1894: \quire.seg_adder_vff_in_10.not_ring_full -> 1'0
      Replacing known input bits on port A of cell $flatten\quire.\seg_adder_vff_in_11.$procmux$1894: \quire.seg_adder_vff_in_11.not_ring_full -> 1'0
      Replacing known input bits on port A of cell $flatten\quire.\seg_adder_vff_in_12.$procmux$1894: \quire.seg_adder_vff_in_12.not_ring_full -> 1'0
      Replacing known input bits on port A of cell $flatten\quire.\seg_adder_vff_in_13.$procmux$1894: \quire.seg_adder_vff_in_13.not_ring_full -> 1'0
      Replacing known input bits on port A of cell $flatten\quire.\seg_adder_vff_in_14.$procmux$1894: \quire.seg_adder_vff_in_14.not_ring_full -> 1'0
      Replacing known input bits on port A of cell $flatten\quire.\seg_adder_vff_in_15.$procmux$1894: \quire.seg_adder_vff_in_15.not_ring_full -> 1'0
      Replacing known input bits on port A of cell $flatten\quire.\seg_adder_vff_in_2.$procmux$1894: \quire.seg_adder_vff_in_2.not_ring_full -> 1'0
      Replacing known input bits on port A of cell $flatten\quire.\seg_adder_vff_in_3.$procmux$1894: \quire.seg_adder_vff_in_3.not_ring_full -> 1'0
      Replacing known input bits on port A of cell $flatten\quire.\seg_adder_vff_in_4.$procmux$1894: \quire.seg_adder_vff_in_4.not_ring_full -> 1'0
      Replacing known input bits on port A of cell $flatten\quire.\seg_adder_vff_in_5.$procmux$1894: \quire.seg_adder_vff_in_5.not_ring_full -> 1'0
      Replacing known input bits on port A of cell $flatten\quire.\seg_adder_vff_in_6.$procmux$1894: \quire.seg_adder_vff_in_6.not_ring_full -> 1'0
      Replacing known input bits on port A of cell $flatten\ptof.$ternary$/teamspace/studios/this_studio/Melodica-Integration-into-Fife-Core/Learn_Bluespec_and_RISCV_Design/Code/Build/Fife/verilog/mkPtoF_PNE.v:147$1297: \ptof.IF_request_put_BITS_34_TO_27_SLT_129_THEN_IF_r_ETC___d24 -> { 1'0 \ptof.IF_request_put_BITS_34_TO_27_SLT_129_THEN_IF_r_ETC___d24 [4:0] }
      Replacing known input bits on port A of cell $flatten\quire.\seg_adder_vff_in_7.$procmux$1894: \quire.seg_adder_vff_in_7.not_ring_full -> 1'0
      Replacing known input bits on port A of cell $flatten\quire.\seg_adder_vff_in_8.$procmux$1894: \quire.seg_adder_vff_in_8.not_ring_full -> 1'0
      Replacing known input bits on port A of cell $flatten\quire.\seg_adder_vff_in_9.$procmux$1894: \quire.seg_adder_vff_in_9.not_ring_full -> 1'0
  Analyzing evaluation results.
    dead port 3/4 on $pmux $flatten\quire.\seg_adder_vff_carry_0.$procmux$1802.
    dead port 3/4 on $pmux $flatten\quire.\seg_adder_vff_carry_0.$procmux$1811.
    dead port 3/4 on $pmux $flatten\quire.\seg_adder_vff_carry_0.$procmux$1820.
    dead port 3/4 on $pmux $flatten\quire.\seg_adder_vff_carry_0.$procmux$1829.
    dead port 3/4 on $pmux $flatten\quire.\seg_adder_vff_carry_0.$procmux$1838.
    dead port 3/4 on $pmux $flatten\quire.\seg_adder_vff_carry_1.$procmux$1802.
    dead port 3/4 on $pmux $flatten\quire.\seg_adder_vff_carry_1.$procmux$1811.
    dead port 3/4 on $pmux $flatten\quire.\seg_adder_vff_carry_1.$procmux$1820.
    dead port 3/4 on $pmux $flatten\quire.\seg_adder_vff_carry_1.$procmux$1829.
    dead port 3/4 on $pmux $flatten\quire.\seg_adder_vff_carry_1.$procmux$1838.
    dead port 3/4 on $pmux $flatten\quire.\seg_adder_vff_carry_10.$procmux$1802.
    dead port 3/4 on $pmux $flatten\quire.\seg_adder_vff_carry_10.$procmux$1811.
    dead port 3/4 on $pmux $flatten\quire.\seg_adder_vff_carry_10.$procmux$1820.
    dead port 3/4 on $pmux $flatten\quire.\seg_adder_vff_carry_10.$procmux$1829.
    dead port 3/4 on $pmux $flatten\quire.\seg_adder_vff_carry_10.$procmux$1838.
    dead port 3/4 on $pmux $flatten\quire.\seg_adder_vff_carry_11.$procmux$1802.
    dead port 3/4 on $pmux $flatten\quire.\seg_adder_vff_carry_11.$procmux$1811.
    dead port 3/4 on $pmux $flatten\quire.\seg_adder_vff_carry_11.$procmux$1820.
    dead port 3/4 on $pmux $flatten\quire.\seg_adder_vff_carry_11.$procmux$1829.
    dead port 3/4 on $pmux $flatten\quire.\seg_adder_vff_carry_11.$procmux$1838.
    dead port 3/4 on $pmux $flatten\quire.\seg_adder_vff_carry_12.$procmux$1802.
    dead port 3/4 on $pmux $flatten\quire.\seg_adder_vff_carry_12.$procmux$1811.
    dead port 3/4 on $pmux $flatten\quire.\seg_adder_vff_carry_12.$procmux$1820.
    dead port 3/4 on $pmux $flatten\quire.\seg_adder_vff_carry_12.$procmux$1829.
    dead port 3/4 on $pmux $flatten\quire.\seg_adder_vff_carry_12.$procmux$1838.
    dead port 3/4 on $pmux $flatten\quire.\seg_adder_vff_carry_13.$procmux$1802.
    dead port 3/4 on $pmux $flatten\quire.\seg_adder_vff_carry_13.$procmux$1811.
    dead port 3/4 on $pmux $flatten\quire.\seg_adder_vff_carry_13.$procmux$1820.
    dead port 3/4 on $pmux $flatten\quire.\seg_adder_vff_carry_13.$procmux$1829.
    dead port 3/4 on $pmux $flatten\quire.\seg_adder_vff_carry_13.$procmux$1838.
    dead port 3/4 on $pmux $flatten\quire.\seg_adder_vff_carry_14.$procmux$1802.
    dead port 3/4 on $pmux $flatten\quire.\seg_adder_vff_carry_14.$procmux$1811.
    dead port 3/4 on $pmux $flatten\quire.\seg_adder_vff_carry_14.$procmux$1820.
    dead port 3/4 on $pmux $flatten\quire.\seg_adder_vff_carry_14.$procmux$1829.
    dead port 3/4 on $pmux $flatten\quire.\seg_adder_vff_carry_14.$procmux$1838.
    dead port 3/4 on $pmux $flatten\quire.\seg_adder_vff_carry_2.$procmux$1802.
    dead port 3/4 on $pmux $flatten\quire.\seg_adder_vff_carry_2.$procmux$1811.
    dead port 3/4 on $pmux $flatten\quire.\seg_adder_vff_carry_2.$procmux$1820.
    dead port 3/4 on $pmux $flatten\quire.\seg_adder_vff_carry_2.$procmux$1829.
    dead port 3/4 on $pmux $flatten\quire.\seg_adder_vff_carry_2.$procmux$1838.
    dead port 3/4 on $pmux $flatten\quire.\seg_adder_vff_carry_3.$procmux$1802.
    dead port 3/4 on $pmux $flatten\quire.\seg_adder_vff_carry_3.$procmux$1811.
    dead port 3/4 on $pmux $flatten\quire.\seg_adder_vff_carry_3.$procmux$1820.
    dead port 3/4 on $pmux $flatten\quire.\seg_adder_vff_carry_3.$procmux$1829.
    dead port 3/4 on $pmux $flatten\quire.\seg_adder_vff_carry_3.$procmux$1838.
    dead port 3/4 on $pmux $flatten\quire.\seg_adder_vff_carry_4.$procmux$1802.
    dead port 3/4 on $pmux $flatten\quire.\seg_adder_vff_carry_4.$procmux$1811.
    dead port 3/4 on $pmux $flatten\quire.\seg_adder_vff_carry_4.$procmux$1820.
    dead port 3/4 on $pmux $flatten\quire.\seg_adder_vff_carry_4.$procmux$1829.
    dead port 3/4 on $pmux $flatten\quire.\seg_adder_vff_carry_4.$procmux$1838.
    dead port 3/4 on $pmux $flatten\quire.\seg_adder_vff_carry_5.$procmux$1802.
    dead port 3/4 on $pmux $flatten\quire.\seg_adder_vff_carry_5.$procmux$1811.
    dead port 3/4 on $pmux $flatten\quire.\seg_adder_vff_carry_5.$procmux$1820.
    dead port 3/4 on $pmux $flatten\quire.\seg_adder_vff_carry_5.$procmux$1829.
    dead port 3/4 on $pmux $flatten\quire.\seg_adder_vff_carry_5.$procmux$1838.
    dead port 3/4 on $pmux $flatten\quire.\seg_adder_vff_carry_6.$procmux$1802.
    dead port 3/4 on $pmux $flatten\quire.\seg_adder_vff_carry_6.$procmux$1811.
    dead port 3/4 on $pmux $flatten\quire.\seg_adder_vff_carry_6.$procmux$1820.
    dead port 3/4 on $pmux $flatten\quire.\seg_adder_vff_carry_6.$procmux$1829.
    dead port 3/4 on $pmux $flatten\quire.\seg_adder_vff_carry_6.$procmux$1838.
    dead port 3/4 on $pmux $flatten\quire.\seg_adder_vff_carry_7.$procmux$1802.
    dead port 3/4 on $pmux $flatten\quire.\seg_adder_vff_carry_7.$procmux$1811.
    dead port 3/4 on $pmux $flatten\quire.\seg_adder_vff_carry_7.$procmux$1820.
    dead port 3/4 on $pmux $flatten\quire.\seg_adder_vff_carry_7.$procmux$1829.
    dead port 3/4 on $pmux $flatten\quire.\seg_adder_vff_carry_7.$procmux$1838.
    dead port 3/4 on $pmux $flatten\quire.\seg_adder_vff_carry_8.$procmux$1802.
    dead port 3/4 on $pmux $flatten\quire.\seg_adder_vff_carry_8.$procmux$1811.
    dead port 3/4 on $pmux $flatten\quire.\seg_adder_vff_carry_8.$procmux$1820.
    dead port 3/4 on $pmux $flatten\quire.\seg_adder_vff_carry_8.$procmux$1829.
    dead port 3/4 on $pmux $flatten\quire.\seg_adder_vff_carry_8.$procmux$1838.
    dead port 3/4 on $pmux $flatten\quire.\seg_adder_vff_carry_9.$procmux$1802.
    dead port 3/4 on $pmux $flatten\quire.\seg_adder_vff_carry_9.$procmux$1811.
    dead port 3/4 on $pmux $flatten\quire.\seg_adder_vff_carry_9.$procmux$1820.
    dead port 3/4 on $pmux $flatten\quire.\seg_adder_vff_carry_9.$procmux$1829.
    dead port 3/4 on $pmux $flatten\quire.\seg_adder_vff_carry_9.$procmux$1838.
    dead port 3/4 on $pmux $flatten\quire.\seg_adder_vff_in_0.$procmux$1860.
    dead port 3/4 on $pmux $flatten\quire.\seg_adder_vff_in_0.$procmux$1869.
    dead port 3/4 on $pmux $flatten\quire.\seg_adder_vff_in_0.$procmux$1878.
    dead port 3/4 on $pmux $flatten\quire.\seg_adder_vff_in_0.$procmux$1887.
    dead port 3/4 on $pmux $flatten\quire.\seg_adder_vff_in_0.$procmux$1896.
    dead port 3/4 on $pmux $flatten\quire.\seg_adder_vff_in_1.$procmux$1860.
    dead port 3/4 on $pmux $flatten\quire.\seg_adder_vff_in_1.$procmux$1869.
    dead port 3/4 on $pmux $flatten\quire.\seg_adder_vff_in_1.$procmux$1878.
    dead port 3/4 on $pmux $flatten\quire.\seg_adder_vff_in_1.$procmux$1887.
    dead port 3/4 on $pmux $flatten\quire.\seg_adder_vff_in_1.$procmux$1896.
    dead port 3/4 on $pmux $flatten\quire.\seg_adder_vff_in_10.$procmux$1860.
    dead port 3/4 on $pmux $flatten\quire.\seg_adder_vff_in_10.$procmux$1869.
    dead port 3/4 on $pmux $flatten\quire.\seg_adder_vff_in_10.$procmux$1878.
    dead port 3/4 on $pmux $flatten\quire.\seg_adder_vff_in_10.$procmux$1887.
    dead port 3/4 on $pmux $flatten\quire.\seg_adder_vff_in_10.$procmux$1896.
    dead port 3/4 on $pmux $flatten\quire.\seg_adder_vff_in_11.$procmux$1860.
    dead port 3/4 on $pmux $flatten\quire.\seg_adder_vff_in_11.$procmux$1869.
    dead port 3/4 on $pmux $flatten\quire.\seg_adder_vff_in_11.$procmux$1878.
    dead port 3/4 on $pmux $flatten\quire.\seg_adder_vff_in_11.$procmux$1887.
    dead port 3/4 on $pmux $flatten\quire.\seg_adder_vff_in_11.$procmux$1896.
    dead port 3/4 on $pmux $flatten\quire.\seg_adder_vff_in_12.$procmux$1860.
    dead port 3/4 on $pmux $flatten\quire.\seg_adder_vff_in_12.$procmux$1869.
    dead port 3/4 on $pmux $flatten\quire.\seg_adder_vff_in_12.$procmux$1878.
    dead port 3/4 on $pmux $flatten\quire.\seg_adder_vff_in_12.$procmux$1887.
    dead port 3/4 on $pmux $flatten\quire.\seg_adder_vff_in_12.$procmux$1896.
    dead port 3/4 on $pmux $flatten\quire.\seg_adder_vff_in_13.$procmux$1860.
    dead port 3/4 on $pmux $flatten\quire.\seg_adder_vff_in_13.$procmux$1869.
    dead port 3/4 on $pmux $flatten\quire.\seg_adder_vff_in_13.$procmux$1878.
    dead port 3/4 on $pmux $flatten\quire.\seg_adder_vff_in_13.$procmux$1887.
    dead port 3/4 on $pmux $flatten\quire.\seg_adder_vff_in_13.$procmux$1896.
    dead port 3/4 on $pmux $flatten\quire.\seg_adder_vff_in_14.$procmux$1860.
    dead port 3/4 on $pmux $flatten\quire.\seg_adder_vff_in_14.$procmux$1869.
    dead port 3/4 on $pmux $flatten\quire.\seg_adder_vff_in_14.$procmux$1878.
    dead port 3/4 on $pmux $flatten\quire.\seg_adder_vff_in_14.$procmux$1887.
    dead port 3/4 on $pmux $flatten\quire.\seg_adder_vff_in_14.$procmux$1896.
    dead port 3/4 on $pmux $flatten\quire.\seg_adder_vff_in_15.$procmux$1860.
    dead port 3/4 on $pmux $flatten\quire.\seg_adder_vff_in_15.$procmux$1869.
    dead port 3/4 on $pmux $flatten\quire.\seg_adder_vff_in_15.$procmux$1878.
    dead port 3/4 on $pmux $flatten\quire.\seg_adder_vff_in_15.$procmux$1887.
    dead port 3/4 on $pmux $flatten\quire.\seg_adder_vff_in_15.$procmux$1896.
    dead port 3/4 on $pmux $flatten\quire.\seg_adder_vff_in_2.$procmux$1860.
    dead port 3/4 on $pmux $flatten\quire.\seg_adder_vff_in_2.$procmux$1869.
    dead port 3/4 on $pmux $flatten\quire.\seg_adder_vff_in_2.$procmux$1878.
    dead port 3/4 on $pmux $flatten\quire.\seg_adder_vff_in_2.$procmux$1887.
    dead port 3/4 on $pmux $flatten\quire.\seg_adder_vff_in_2.$procmux$1896.
    dead port 3/4 on $pmux $flatten\quire.\seg_adder_vff_in_3.$procmux$1860.
    dead port 3/4 on $pmux $flatten\quire.\seg_adder_vff_in_3.$procmux$1869.
    dead port 3/4 on $pmux $flatten\quire.\seg_adder_vff_in_3.$procmux$1878.
    dead port 3/4 on $pmux $flatten\quire.\seg_adder_vff_in_3.$procmux$1887.
    dead port 3/4 on $pmux $flatten\quire.\seg_adder_vff_in_3.$procmux$1896.
    dead port 3/4 on $pmux $flatten\quire.\seg_adder_vff_in_4.$procmux$1860.
    dead port 3/4 on $pmux $flatten\quire.\seg_adder_vff_in_4.$procmux$1869.
    dead port 3/4 on $pmux $flatten\quire.\seg_adder_vff_in_4.$procmux$1878.
    dead port 3/4 on $pmux $flatten\quire.\seg_adder_vff_in_4.$procmux$1887.
    dead port 3/4 on $pmux $flatten\quire.\seg_adder_vff_in_4.$procmux$1896.
    dead port 3/4 on $pmux $flatten\quire.\seg_adder_vff_in_5.$procmux$1860.
    dead port 3/4 on $pmux $flatten\quire.\seg_adder_vff_in_5.$procmux$1869.
    dead port 3/4 on $pmux $flatten\quire.\seg_adder_vff_in_5.$procmux$1878.
    dead port 3/4 on $pmux $flatten\quire.\seg_adder_vff_in_5.$procmux$1887.
    dead port 3/4 on $pmux $flatten\quire.\seg_adder_vff_in_5.$procmux$1896.
    dead port 3/4 on $pmux $flatten\quire.\seg_adder_vff_in_6.$procmux$1860.
    dead port 3/4 on $pmux $flatten\quire.\seg_adder_vff_in_6.$procmux$1869.
    dead port 3/4 on $pmux $flatten\quire.\seg_adder_vff_in_6.$procmux$1878.
    dead port 3/4 on $pmux $flatten\quire.\seg_adder_vff_in_6.$procmux$1887.
    dead port 3/4 on $pmux $flatten\quire.\seg_adder_vff_in_6.$procmux$1896.
    dead port 3/4 on $pmux $flatten\quire.\seg_adder_vff_in_7.$procmux$1860.
    dead port 3/4 on $pmux $flatten\quire.\seg_adder_vff_in_7.$procmux$1869.
    dead port 3/4 on $pmux $flatten\quire.\seg_adder_vff_in_7.$procmux$1878.
    dead port 3/4 on $pmux $flatten\quire.\seg_adder_vff_in_7.$procmux$1887.
    dead port 3/4 on $pmux $flatten\quire.\seg_adder_vff_in_7.$procmux$1896.
    dead port 3/4 on $pmux $flatten\quire.\seg_adder_vff_in_8.$procmux$1860.
    dead port 3/4 on $pmux $flatten\quire.\seg_adder_vff_in_8.$procmux$1869.
    dead port 3/4 on $pmux $flatten\quire.\seg_adder_vff_in_8.$procmux$1878.
    dead port 3/4 on $pmux $flatten\quire.\seg_adder_vff_in_8.$procmux$1887.
    dead port 3/4 on $pmux $flatten\quire.\seg_adder_vff_in_8.$procmux$1896.
    dead port 3/4 on $pmux $flatten\quire.\seg_adder_vff_in_9.$procmux$1860.
    dead port 3/4 on $pmux $flatten\quire.\seg_adder_vff_in_9.$procmux$1869.
    dead port 3/4 on $pmux $flatten\quire.\seg_adder_vff_in_9.$procmux$1878.
    dead port 3/4 on $pmux $flatten\quire.\seg_adder_vff_in_9.$procmux$1887.
    dead port 3/4 on $pmux $flatten\quire.\seg_adder_vff_in_9.$procmux$1896.
Removed 155 multiplexer ports.
<suppressed ~461 debug messages>

14.7.4. Executing OPT_REDUCE pass (consolidate $*mux and $reduce_* inputs).
  Optimizing cells in module \mkPositCore.
    New ctrl vector for $pmux cell $flatten\quire.\seg_adder_vff_carry_0.$procmux$1796: { $auto$opt_reduce.cc:134:opt_pmux$2523 $auto$opt_reduce.cc:134:opt_pmux$2521 }
    New ctrl vector for $pmux cell $flatten\quire.\seg_adder_vff_carry_0.$procmux$1820: $auto$opt_reduce.cc:134:opt_pmux$2525
    New ctrl vector for $pmux cell $flatten\quire.\seg_adder_vff_carry_1.$procmux$1796: { $auto$opt_reduce.cc:134:opt_pmux$2529 $auto$opt_reduce.cc:134:opt_pmux$2527 }
    New ctrl vector for $pmux cell $flatten\quire.\seg_adder_vff_carry_1.$procmux$1820: $auto$opt_reduce.cc:134:opt_pmux$2531
    New ctrl vector for $pmux cell $flatten\quire.\seg_adder_vff_carry_10.$procmux$1796: { $auto$opt_reduce.cc:134:opt_pmux$2535 $auto$opt_reduce.cc:134:opt_pmux$2533 }
    New ctrl vector for $pmux cell $flatten\quire.\seg_adder_vff_carry_10.$procmux$1820: $auto$opt_reduce.cc:134:opt_pmux$2537
    New ctrl vector for $pmux cell $flatten\quire.\seg_adder_vff_carry_11.$procmux$1796: { $auto$opt_reduce.cc:134:opt_pmux$2541 $auto$opt_reduce.cc:134:opt_pmux$2539 }
    New ctrl vector for $pmux cell $flatten\quire.\seg_adder_vff_carry_11.$procmux$1820: $auto$opt_reduce.cc:134:opt_pmux$2543
    New ctrl vector for $pmux cell $flatten\quire.\seg_adder_vff_carry_12.$procmux$1796: { $auto$opt_reduce.cc:134:opt_pmux$2547 $auto$opt_reduce.cc:134:opt_pmux$2545 }
    New ctrl vector for $pmux cell $flatten\quire.\seg_adder_vff_carry_12.$procmux$1820: $auto$opt_reduce.cc:134:opt_pmux$2549
    New ctrl vector for $pmux cell $flatten\quire.\seg_adder_vff_carry_13.$procmux$1796: { $auto$opt_reduce.cc:134:opt_pmux$2553 $auto$opt_reduce.cc:134:opt_pmux$2551 }
    New ctrl vector for $pmux cell $flatten\quire.\seg_adder_vff_carry_13.$procmux$1820: $auto$opt_reduce.cc:134:opt_pmux$2555
    New ctrl vector for $pmux cell $flatten\quire.\seg_adder_vff_carry_14.$procmux$1796: { $auto$opt_reduce.cc:134:opt_pmux$2559 $auto$opt_reduce.cc:134:opt_pmux$2557 }
    New ctrl vector for $pmux cell $flatten\quire.\seg_adder_vff_carry_14.$procmux$1820: $auto$opt_reduce.cc:134:opt_pmux$2561
    New ctrl vector for $pmux cell $flatten\quire.\seg_adder_vff_carry_2.$procmux$1796: { $auto$opt_reduce.cc:134:opt_pmux$2565 $auto$opt_reduce.cc:134:opt_pmux$2563 }
    New ctrl vector for $pmux cell $flatten\quire.\seg_adder_vff_carry_2.$procmux$1820: $auto$opt_reduce.cc:134:opt_pmux$2567
    New ctrl vector for $pmux cell $flatten\quire.\seg_adder_vff_carry_3.$procmux$1796: { $auto$opt_reduce.cc:134:opt_pmux$2571 $auto$opt_reduce.cc:134:opt_pmux$2569 }
    New ctrl vector for $pmux cell $flatten\quire.\seg_adder_vff_carry_3.$procmux$1820: $auto$opt_reduce.cc:134:opt_pmux$2573
    New ctrl vector for $pmux cell $flatten\quire.\seg_adder_vff_carry_4.$procmux$1796: { $auto$opt_reduce.cc:134:opt_pmux$2577 $auto$opt_reduce.cc:134:opt_pmux$2575 }
    New ctrl vector for $pmux cell $flatten\quire.\seg_adder_vff_carry_4.$procmux$1820: $auto$opt_reduce.cc:134:opt_pmux$2579
    New ctrl vector for $pmux cell $flatten\quire.\seg_adder_vff_carry_5.$procmux$1796: { $auto$opt_reduce.cc:134:opt_pmux$2583 $auto$opt_reduce.cc:134:opt_pmux$2581 }
    New ctrl vector for $pmux cell $flatten\quire.\seg_adder_vff_carry_5.$procmux$1820: $auto$opt_reduce.cc:134:opt_pmux$2585
    New ctrl vector for $pmux cell $flatten\quire.\seg_adder_vff_carry_6.$procmux$1796: { $auto$opt_reduce.cc:134:opt_pmux$2589 $auto$opt_reduce.cc:134:opt_pmux$2587 }
    New ctrl vector for $pmux cell $flatten\quire.\seg_adder_vff_carry_6.$procmux$1820: $auto$opt_reduce.cc:134:opt_pmux$2591
    New ctrl vector for $pmux cell $flatten\quire.\seg_adder_vff_carry_7.$procmux$1796: { $auto$opt_reduce.cc:134:opt_pmux$2595 $auto$opt_reduce.cc:134:opt_pmux$2593 }
    New ctrl vector for $pmux cell $flatten\quire.\seg_adder_vff_carry_7.$procmux$1820: $auto$opt_reduce.cc:134:opt_pmux$2597
    New ctrl vector for $pmux cell $flatten\quire.\seg_adder_vff_carry_8.$procmux$1796: { $auto$opt_reduce.cc:134:opt_pmux$2601 $auto$opt_reduce.cc:134:opt_pmux$2599 }
    New ctrl vector for $pmux cell $flatten\quire.\seg_adder_vff_carry_8.$procmux$1820: $auto$opt_reduce.cc:134:opt_pmux$2603
    New ctrl vector for $pmux cell $flatten\quire.\seg_adder_vff_carry_9.$procmux$1796: { $auto$opt_reduce.cc:134:opt_pmux$2607 $auto$opt_reduce.cc:134:opt_pmux$2605 }
    New ctrl vector for $pmux cell $flatten\quire.\seg_adder_vff_carry_9.$procmux$1820: $auto$opt_reduce.cc:134:opt_pmux$2609
    Consolidated identical input bits for $mux cell $flatten\quire.\seg_adder_vff_in_0.$procmux$1846:
      Old ports: A=0, B=32'11111111111111111111111111111111, Y=$flatten\quire.\seg_adder_vff_in_0.$0$memwr$\arr$/teamspace/studios/this_studio/Melodica-Integration-into-Fife-Core/bsc/lib/Verilog/SizedFIFO.v:206$1469_EN[31:0]$1487
      New ports: A=1'0, B=1'1, Y=$flatten\quire.\seg_adder_vff_in_0.$0$memwr$\arr$/teamspace/studios/this_studio/Melodica-Integration-into-Fife-Core/bsc/lib/Verilog/SizedFIFO.v:206$1469_EN[31:0]$1487 [0]
      New connections: $flatten\quire.\seg_adder_vff_in_0.$0$memwr$\arr$/teamspace/studios/this_studio/Melodica-Integration-into-Fife-Core/bsc/lib/Verilog/SizedFIFO.v:206$1469_EN[31:0]$1487 [31:1] = { $flatten\quire.\seg_adder_vff_in_0.$0$memwr$\arr$/teamspace/studios/this_studio/Melodica-Integration-into-Fife-Core/bsc/lib/Verilog/SizedFIFO.v:206$1469_EN[31:0]$1487 [0] $flatten\quire.\seg_adder_vff_in_0.$0$memwr$\arr$/teamspace/studios/this_studio/Melodica-Integration-into-Fife-Core/bsc/lib/Verilog/SizedFIFO.v:206$1469_EN[31:0]$1487 [0] $flatten\quire.\seg_adder_vff_in_0.$0$memwr$\arr$/teamspace/studios/this_studio/Melodica-Integration-into-Fife-Core/bsc/lib/Verilog/SizedFIFO.v:206$1469_EN[31:0]$1487 [0] $flatten\quire.\seg_adder_vff_in_0.$0$memwr$\arr$/teamspace/studios/this_studio/Melodica-Integration-into-Fife-Core/bsc/lib/Verilog/SizedFIFO.v:206$1469_EN[31:0]$1487 [0] $flatten\quire.\seg_adder_vff_in_0.$0$memwr$\arr$/teamspace/studios/this_studio/Melodica-Integration-into-Fife-Core/bsc/lib/Verilog/SizedFIFO.v:206$1469_EN[31:0]$1487 [0] $flatten\quire.\seg_adder_vff_in_0.$0$memwr$\arr$/teamspace/studios/this_studio/Melodica-Integration-into-Fife-Core/bsc/lib/Verilog/SizedFIFO.v:206$1469_EN[31:0]$1487 [0] $flatten\quire.\seg_adder_vff_in_0.$0$memwr$\arr$/teamspace/studios/this_studio/Melodica-Integration-into-Fife-Core/bsc/lib/Verilog/SizedFIFO.v:206$1469_EN[31:0]$1487 [0] $flatten\quire.\seg_adder_vff_in_0.$0$memwr$\arr$/teamspace/studios/this_studio/Melodica-Integration-into-Fife-Core/bsc/lib/Verilog/SizedFIFO.v:206$1469_EN[31:0]$1487 [0] $flatten\quire.\seg_adder_vff_in_0.$0$memwr$\arr$/teamspace/studios/this_studio/Melodica-Integration-into-Fife-Core/bsc/lib/Verilog/SizedFIFO.v:206$1469_EN[31:0]$1487 [0] $flatten\quire.\seg_adder_vff_in_0.$0$memwr$\arr$/teamspace/studios/this_studio/Melodica-Integration-into-Fife-Core/bsc/lib/Verilog/SizedFIFO.v:206$1469_EN[31:0]$1487 [0] $flatten\quire.\seg_adder_vff_in_0.$0$memwr$\arr$/teamspace/studios/this_studio/Melodica-Integration-into-Fife-Core/bsc/lib/Verilog/SizedFIFO.v:206$1469_EN[31:0]$1487 [0] $flatten\quire.\seg_adder_vff_in_0.$0$memwr$\arr$/teamspace/studios/this_studio/Melodica-Integration-into-Fife-Core/bsc/lib/Verilog/SizedFIFO.v:206$1469_EN[31:0]$1487 [0] $flatten\quire.\seg_adder_vff_in_0.$0$memwr$\arr$/teamspace/studios/this_studio/Melodica-Integration-into-Fife-Core/bsc/lib/Verilog/SizedFIFO.v:206$1469_EN[31:0]$1487 [0] $flatten\quire.\seg_adder_vff_in_0.$0$memwr$\arr$/teamspace/studios/this_studio/Melodica-Integration-into-Fife-Core/bsc/lib/Verilog/SizedFIFO.v:206$1469_EN[31:0]$1487 [0] $flatten\quire.\seg_adder_vff_in_0.$0$memwr$\arr$/teamspace/studios/this_studio/Melodica-Integration-into-Fife-Core/bsc/lib/Verilog/SizedFIFO.v:206$1469_EN[31:0]$1487 [0] $flatten\quire.\seg_adder_vff_in_0.$0$memwr$\arr$/teamspace/studios/this_studio/Melodica-Integration-into-Fife-Core/bsc/lib/Verilog/SizedFIFO.v:206$1469_EN[31:0]$1487 [0] $flatten\quire.\seg_adder_vff_in_0.$0$memwr$\arr$/teamspace/studios/this_studio/Melodica-Integration-into-Fife-Core/bsc/lib/Verilog/SizedFIFO.v:206$1469_EN[31:0]$1487 [0] $flatten\quire.\seg_adder_vff_in_0.$0$memwr$\arr$/teamspace/studios/this_studio/Melodica-Integration-into-Fife-Core/bsc/lib/Verilog/SizedFIFO.v:206$1469_EN[31:0]$1487 [0] $flatten\quire.\seg_adder_vff_in_0.$0$memwr$\arr$/teamspace/studios/this_studio/Melodica-Integration-into-Fife-Core/bsc/lib/Verilog/SizedFIFO.v:206$1469_EN[31:0]$1487 [0] $flatten\quire.\seg_adder_vff_in_0.$0$memwr$\arr$/teamspace/studios/this_studio/Melodica-Integration-into-Fife-Core/bsc/lib/Verilog/SizedFIFO.v:206$1469_EN[31:0]$1487 [0] $flatten\quire.\seg_adder_vff_in_0.$0$memwr$\arr$/teamspace/studios/this_studio/Melodica-Integration-into-Fife-Core/bsc/lib/Verilog/SizedFIFO.v:206$1469_EN[31:0]$1487 [0] $flatten\quire.\seg_adder_vff_in_0.$0$memwr$\arr$/teamspace/studios/this_studio/Melodica-Integration-into-Fife-Core/bsc/lib/Verilog/SizedFIFO.v:206$1469_EN[31:0]$1487 [0] $flatten\quire.\seg_adder_vff_in_0.$0$memwr$\arr$/teamspace/studios/this_studio/Melodica-Integration-into-Fife-Core/bsc/lib/Verilog/SizedFIFO.v:206$1469_EN[31:0]$1487 [0] $flatten\quire.\seg_adder_vff_in_0.$0$memwr$\arr$/teamspace/studios/this_studio/Melodica-Integration-into-Fife-Core/bsc/lib/Verilog/SizedFIFO.v:206$1469_EN[31:0]$1487 [0] $flatten\quire.\seg_adder_vff_in_0.$0$memwr$\arr$/teamspace/studios/this_studio/Melodica-Integration-into-Fife-Core/bsc/lib/Verilog/SizedFIFO.v:206$1469_EN[31:0]$1487 [0] $flatten\quire.\seg_adder_vff_in_0.$0$memwr$\arr$/teamspace/studios/this_studio/Melodica-Integration-into-Fife-Core/bsc/lib/Verilog/SizedFIFO.v:206$1469_EN[31:0]$1487 [0] $flatten\quire.\seg_adder_vff_in_0.$0$memwr$\arr$/teamspace/studios/this_studio/Melodica-Integration-into-Fife-Core/bsc/lib/Verilog/SizedFIFO.v:206$1469_EN[31:0]$1487 [0] $flatten\quire.\seg_adder_vff_in_0.$0$memwr$\arr$/teamspace/studios/this_studio/Melodica-Integration-into-Fife-Core/bsc/lib/Verilog/SizedFIFO.v:206$1469_EN[31:0]$1487 [0] $flatten\quire.\seg_adder_vff_in_0.$0$memwr$\arr$/teamspace/studios/this_studio/Melodica-Integration-into-Fife-Core/bsc/lib/Verilog/SizedFIFO.v:206$1469_EN[31:0]$1487 [0] $flatten\quire.\seg_adder_vff_in_0.$0$memwr$\arr$/teamspace/studios/this_studio/Melodica-Integration-into-Fife-Core/bsc/lib/Verilog/SizedFIFO.v:206$1469_EN[31:0]$1487 [0] $flatten\quire.\seg_adder_vff_in_0.$0$memwr$\arr$/teamspace/studios/this_studio/Melodica-Integration-into-Fife-Core/bsc/lib/Verilog/SizedFIFO.v:206$1469_EN[31:0]$1487 [0] }
    New ctrl vector for $pmux cell $flatten\quire.\seg_adder_vff_in_0.$procmux$1854: { $auto$opt_reduce.cc:134:opt_pmux$2613 $auto$opt_reduce.cc:134:opt_pmux$2611 }
    New ctrl vector for $pmux cell $flatten\quire.\seg_adder_vff_in_0.$procmux$1878: $auto$opt_reduce.cc:134:opt_pmux$2615
    Consolidated identical input bits for $mux cell $flatten\quire.\seg_adder_vff_in_1.$procmux$1846:
      Old ports: A=0, B=32'11111111111111111111111111111111, Y=$flatten\quire.\seg_adder_vff_in_1.$0$memwr$\arr$/teamspace/studios/this_studio/Melodica-Integration-into-Fife-Core/bsc/lib/Verilog/SizedFIFO.v:206$1469_EN[31:0]$1487
      New ports: A=1'0, B=1'1, Y=$flatten\quire.\seg_adder_vff_in_1.$0$memwr$\arr$/teamspace/studios/this_studio/Melodica-Integration-into-Fife-Core/bsc/lib/Verilog/SizedFIFO.v:206$1469_EN[31:0]$1487 [0]
      New connections: $flatten\quire.\seg_adder_vff_in_1.$0$memwr$\arr$/teamspace/studios/this_studio/Melodica-Integration-into-Fife-Core/bsc/lib/Verilog/SizedFIFO.v:206$1469_EN[31:0]$1487 [31:1] = { $flatten\quire.\seg_adder_vff_in_1.$0$memwr$\arr$/teamspace/studios/this_studio/Melodica-Integration-into-Fife-Core/bsc/lib/Verilog/SizedFIFO.v:206$1469_EN[31:0]$1487 [0] $flatten\quire.\seg_adder_vff_in_1.$0$memwr$\arr$/teamspace/studios/this_studio/Melodica-Integration-into-Fife-Core/bsc/lib/Verilog/SizedFIFO.v:206$1469_EN[31:0]$1487 [0] $flatten\quire.\seg_adder_vff_in_1.$0$memwr$\arr$/teamspace/studios/this_studio/Melodica-Integration-into-Fife-Core/bsc/lib/Verilog/SizedFIFO.v:206$1469_EN[31:0]$1487 [0] $flatten\quire.\seg_adder_vff_in_1.$0$memwr$\arr$/teamspace/studios/this_studio/Melodica-Integration-into-Fife-Core/bsc/lib/Verilog/SizedFIFO.v:206$1469_EN[31:0]$1487 [0] $flatten\quire.\seg_adder_vff_in_1.$0$memwr$\arr$/teamspace/studios/this_studio/Melodica-Integration-into-Fife-Core/bsc/lib/Verilog/SizedFIFO.v:206$1469_EN[31:0]$1487 [0] $flatten\quire.\seg_adder_vff_in_1.$0$memwr$\arr$/teamspace/studios/this_studio/Melodica-Integration-into-Fife-Core/bsc/lib/Verilog/SizedFIFO.v:206$1469_EN[31:0]$1487 [0] $flatten\quire.\seg_adder_vff_in_1.$0$memwr$\arr$/teamspace/studios/this_studio/Melodica-Integration-into-Fife-Core/bsc/lib/Verilog/SizedFIFO.v:206$1469_EN[31:0]$1487 [0] $flatten\quire.\seg_adder_vff_in_1.$0$memwr$\arr$/teamspace/studios/this_studio/Melodica-Integration-into-Fife-Core/bsc/lib/Verilog/SizedFIFO.v:206$1469_EN[31:0]$1487 [0] $flatten\quire.\seg_adder_vff_in_1.$0$memwr$\arr$/teamspace/studios/this_studio/Melodica-Integration-into-Fife-Core/bsc/lib/Verilog/SizedFIFO.v:206$1469_EN[31:0]$1487 [0] $flatten\quire.\seg_adder_vff_in_1.$0$memwr$\arr$/teamspace/studios/this_studio/Melodica-Integration-into-Fife-Core/bsc/lib/Verilog/SizedFIFO.v:206$1469_EN[31:0]$1487 [0] $flatten\quire.\seg_adder_vff_in_1.$0$memwr$\arr$/teamspace/studios/this_studio/Melodica-Integration-into-Fife-Core/bsc/lib/Verilog/SizedFIFO.v:206$1469_EN[31:0]$1487 [0] $flatten\quire.\seg_adder_vff_in_1.$0$memwr$\arr$/teamspace/studios/this_studio/Melodica-Integration-into-Fife-Core/bsc/lib/Verilog/SizedFIFO.v:206$1469_EN[31:0]$1487 [0] $flatten\quire.\seg_adder_vff_in_1.$0$memwr$\arr$/teamspace/studios/this_studio/Melodica-Integration-into-Fife-Core/bsc/lib/Verilog/SizedFIFO.v:206$1469_EN[31:0]$1487 [0] $flatten\quire.\seg_adder_vff_in_1.$0$memwr$\arr$/teamspace/studios/this_studio/Melodica-Integration-into-Fife-Core/bsc/lib/Verilog/SizedFIFO.v:206$1469_EN[31:0]$1487 [0] $flatten\quire.\seg_adder_vff_in_1.$0$memwr$\arr$/teamspace/studios/this_studio/Melodica-Integration-into-Fife-Core/bsc/lib/Verilog/SizedFIFO.v:206$1469_EN[31:0]$1487 [0] $flatten\quire.\seg_adder_vff_in_1.$0$memwr$\arr$/teamspace/studios/this_studio/Melodica-Integration-into-Fife-Core/bsc/lib/Verilog/SizedFIFO.v:206$1469_EN[31:0]$1487 [0] $flatten\quire.\seg_adder_vff_in_1.$0$memwr$\arr$/teamspace/studios/this_studio/Melodica-Integration-into-Fife-Core/bsc/lib/Verilog/SizedFIFO.v:206$1469_EN[31:0]$1487 [0] $flatten\quire.\seg_adder_vff_in_1.$0$memwr$\arr$/teamspace/studios/this_studio/Melodica-Integration-into-Fife-Core/bsc/lib/Verilog/SizedFIFO.v:206$1469_EN[31:0]$1487 [0] $flatten\quire.\seg_adder_vff_in_1.$0$memwr$\arr$/teamspace/studios/this_studio/Melodica-Integration-into-Fife-Core/bsc/lib/Verilog/SizedFIFO.v:206$1469_EN[31:0]$1487 [0] $flatten\quire.\seg_adder_vff_in_1.$0$memwr$\arr$/teamspace/studios/this_studio/Melodica-Integration-into-Fife-Core/bsc/lib/Verilog/SizedFIFO.v:206$1469_EN[31:0]$1487 [0] $flatten\quire.\seg_adder_vff_in_1.$0$memwr$\arr$/teamspace/studios/this_studio/Melodica-Integration-into-Fife-Core/bsc/lib/Verilog/SizedFIFO.v:206$1469_EN[31:0]$1487 [0] $flatten\quire.\seg_adder_vff_in_1.$0$memwr$\arr$/teamspace/studios/this_studio/Melodica-Integration-into-Fife-Core/bsc/lib/Verilog/SizedFIFO.v:206$1469_EN[31:0]$1487 [0] $flatten\quire.\seg_adder_vff_in_1.$0$memwr$\arr$/teamspace/studios/this_studio/Melodica-Integration-into-Fife-Core/bsc/lib/Verilog/SizedFIFO.v:206$1469_EN[31:0]$1487 [0] $flatten\quire.\seg_adder_vff_in_1.$0$memwr$\arr$/teamspace/studios/this_studio/Melodica-Integration-into-Fife-Core/bsc/lib/Verilog/SizedFIFO.v:206$1469_EN[31:0]$1487 [0] $flatten\quire.\seg_adder_vff_in_1.$0$memwr$\arr$/teamspace/studios/this_studio/Melodica-Integration-into-Fife-Core/bsc/lib/Verilog/SizedFIFO.v:206$1469_EN[31:0]$1487 [0] $flatten\quire.\seg_adder_vff_in_1.$0$memwr$\arr$/teamspace/studios/this_studio/Melodica-Integration-into-Fife-Core/bsc/lib/Verilog/SizedFIFO.v:206$1469_EN[31:0]$1487 [0] $flatten\quire.\seg_adder_vff_in_1.$0$memwr$\arr$/teamspace/studios/this_studio/Melodica-Integration-into-Fife-Core/bsc/lib/Verilog/SizedFIFO.v:206$1469_EN[31:0]$1487 [0] $flatten\quire.\seg_adder_vff_in_1.$0$memwr$\arr$/teamspace/studios/this_studio/Melodica-Integration-into-Fife-Core/bsc/lib/Verilog/SizedFIFO.v:206$1469_EN[31:0]$1487 [0] $flatten\quire.\seg_adder_vff_in_1.$0$memwr$\arr$/teamspace/studios/this_studio/Melodica-Integration-into-Fife-Core/bsc/lib/Verilog/SizedFIFO.v:206$1469_EN[31:0]$1487 [0] $flatten\quire.\seg_adder_vff_in_1.$0$memwr$\arr$/teamspace/studios/this_studio/Melodica-Integration-into-Fife-Core/bsc/lib/Verilog/SizedFIFO.v:206$1469_EN[31:0]$1487 [0] $flatten\quire.\seg_adder_vff_in_1.$0$memwr$\arr$/teamspace/studios/this_studio/Melodica-Integration-into-Fife-Core/bsc/lib/Verilog/SizedFIFO.v:206$1469_EN[31:0]$1487 [0] }
    New ctrl vector for $pmux cell $flatten\quire.\seg_adder_vff_in_1.$procmux$1854: { $auto$opt_reduce.cc:134:opt_pmux$2619 $auto$opt_reduce.cc:134:opt_pmux$2617 }
    New ctrl vector for $pmux cell $flatten\quire.\seg_adder_vff_in_1.$procmux$1878: $auto$opt_reduce.cc:134:opt_pmux$2621
    Consolidated identical input bits for $mux cell $flatten\quire.\seg_adder_vff_in_10.$procmux$1846:
      Old ports: A=0, B=32'11111111111111111111111111111111, Y=$flatten\quire.\seg_adder_vff_in_10.$0$memwr$\arr$/teamspace/studios/this_studio/Melodica-Integration-into-Fife-Core/bsc/lib/Verilog/SizedFIFO.v:206$1469_EN[31:0]$1487
      New ports: A=1'0, B=1'1, Y=$flatten\quire.\seg_adder_vff_in_10.$0$memwr$\arr$/teamspace/studios/this_studio/Melodica-Integration-into-Fife-Core/bsc/lib/Verilog/SizedFIFO.v:206$1469_EN[31:0]$1487 [0]
      New connections: $flatten\quire.\seg_adder_vff_in_10.$0$memwr$\arr$/teamspace/studios/this_studio/Melodica-Integration-into-Fife-Core/bsc/lib/Verilog/SizedFIFO.v:206$1469_EN[31:0]$1487 [31:1] = { $flatten\quire.\seg_adder_vff_in_10.$0$memwr$\arr$/teamspace/studios/this_studio/Melodica-Integration-into-Fife-Core/bsc/lib/Verilog/SizedFIFO.v:206$1469_EN[31:0]$1487 [0] $flatten\quire.\seg_adder_vff_in_10.$0$memwr$\arr$/teamspace/studios/this_studio/Melodica-Integration-into-Fife-Core/bsc/lib/Verilog/SizedFIFO.v:206$1469_EN[31:0]$1487 [0] $flatten\quire.\seg_adder_vff_in_10.$0$memwr$\arr$/teamspace/studios/this_studio/Melodica-Integration-into-Fife-Core/bsc/lib/Verilog/SizedFIFO.v:206$1469_EN[31:0]$1487 [0] $flatten\quire.\seg_adder_vff_in_10.$0$memwr$\arr$/teamspace/studios/this_studio/Melodica-Integration-into-Fife-Core/bsc/lib/Verilog/SizedFIFO.v:206$1469_EN[31:0]$1487 [0] $flatten\quire.\seg_adder_vff_in_10.$0$memwr$\arr$/teamspace/studios/this_studio/Melodica-Integration-into-Fife-Core/bsc/lib/Verilog/SizedFIFO.v:206$1469_EN[31:0]$1487 [0] $flatten\quire.\seg_adder_vff_in_10.$0$memwr$\arr$/teamspace/studios/this_studio/Melodica-Integration-into-Fife-Core/bsc/lib/Verilog/SizedFIFO.v:206$1469_EN[31:0]$1487 [0] $flatten\quire.\seg_adder_vff_in_10.$0$memwr$\arr$/teamspace/studios/this_studio/Melodica-Integration-into-Fife-Core/bsc/lib/Verilog/SizedFIFO.v:206$1469_EN[31:0]$1487 [0] $flatten\quire.\seg_adder_vff_in_10.$0$memwr$\arr$/teamspace/studios/this_studio/Melodica-Integration-into-Fife-Core/bsc/lib/Verilog/SizedFIFO.v:206$1469_EN[31:0]$1487 [0] $flatten\quire.\seg_adder_vff_in_10.$0$memwr$\arr$/teamspace/studios/this_studio/Melodica-Integration-into-Fife-Core/bsc/lib/Verilog/SizedFIFO.v:206$1469_EN[31:0]$1487 [0] $flatten\quire.\seg_adder_vff_in_10.$0$memwr$\arr$/teamspace/studios/this_studio/Melodica-Integration-into-Fife-Core/bsc/lib/Verilog/SizedFIFO.v:206$1469_EN[31:0]$1487 [0] $flatten\quire.\seg_adder_vff_in_10.$0$memwr$\arr$/teamspace/studios/this_studio/Melodica-Integration-into-Fife-Core/bsc/lib/Verilog/SizedFIFO.v:206$1469_EN[31:0]$1487 [0] $flatten\quire.\seg_adder_vff_in_10.$0$memwr$\arr$/teamspace/studios/this_studio/Melodica-Integration-into-Fife-Core/bsc/lib/Verilog/SizedFIFO.v:206$1469_EN[31:0]$1487 [0] $flatten\quire.\seg_adder_vff_in_10.$0$memwr$\arr$/teamspace/studios/this_studio/Melodica-Integration-into-Fife-Core/bsc/lib/Verilog/SizedFIFO.v:206$1469_EN[31:0]$1487 [0] $flatten\quire.\seg_adder_vff_in_10.$0$memwr$\arr$/teamspace/studios/this_studio/Melodica-Integration-into-Fife-Core/bsc/lib/Verilog/SizedFIFO.v:206$1469_EN[31:0]$1487 [0] $flatten\quire.\seg_adder_vff_in_10.$0$memwr$\arr$/teamspace/studios/this_studio/Melodica-Integration-into-Fife-Core/bsc/lib/Verilog/SizedFIFO.v:206$1469_EN[31:0]$1487 [0] $flatten\quire.\seg_adder_vff_in_10.$0$memwr$\arr$/teamspace/studios/this_studio/Melodica-Integration-into-Fife-Core/bsc/lib/Verilog/SizedFIFO.v:206$1469_EN[31:0]$1487 [0] $flatten\quire.\seg_adder_vff_in_10.$0$memwr$\arr$/teamspace/studios/this_studio/Melodica-Integration-into-Fife-Core/bsc/lib/Verilog/SizedFIFO.v:206$1469_EN[31:0]$1487 [0] $flatten\quire.\seg_adder_vff_in_10.$0$memwr$\arr$/teamspace/studios/this_studio/Melodica-Integration-into-Fife-Core/bsc/lib/Verilog/SizedFIFO.v:206$1469_EN[31:0]$1487 [0] $flatten\quire.\seg_adder_vff_in_10.$0$memwr$\arr$/teamspace/studios/this_studio/Melodica-Integration-into-Fife-Core/bsc/lib/Verilog/SizedFIFO.v:206$1469_EN[31:0]$1487 [0] $flatten\quire.\seg_adder_vff_in_10.$0$memwr$\arr$/teamspace/studios/this_studio/Melodica-Integration-into-Fife-Core/bsc/lib/Verilog/SizedFIFO.v:206$1469_EN[31:0]$1487 [0] $flatten\quire.\seg_adder_vff_in_10.$0$memwr$\arr$/teamspace/studios/this_studio/Melodica-Integration-into-Fife-Core/bsc/lib/Verilog/SizedFIFO.v:206$1469_EN[31:0]$1487 [0] $flatten\quire.\seg_adder_vff_in_10.$0$memwr$\arr$/teamspace/studios/this_studio/Melodica-Integration-into-Fife-Core/bsc/lib/Verilog/SizedFIFO.v:206$1469_EN[31:0]$1487 [0] $flatten\quire.\seg_adder_vff_in_10.$0$memwr$\arr$/teamspace/studios/this_studio/Melodica-Integration-into-Fife-Core/bsc/lib/Verilog/SizedFIFO.v:206$1469_EN[31:0]$1487 [0] $flatten\quire.\seg_adder_vff_in_10.$0$memwr$\arr$/teamspace/studios/this_studio/Melodica-Integration-into-Fife-Core/bsc/lib/Verilog/SizedFIFO.v:206$1469_EN[31:0]$1487 [0] $flatten\quire.\seg_adder_vff_in_10.$0$memwr$\arr$/teamspace/studios/this_studio/Melodica-Integration-into-Fife-Core/bsc/lib/Verilog/SizedFIFO.v:206$1469_EN[31:0]$1487 [0] $flatten\quire.\seg_adder_vff_in_10.$0$memwr$\arr$/teamspace/studios/this_studio/Melodica-Integration-into-Fife-Core/bsc/lib/Verilog/SizedFIFO.v:206$1469_EN[31:0]$1487 [0] $flatten\quire.\seg_adder_vff_in_10.$0$memwr$\arr$/teamspace/studios/this_studio/Melodica-Integration-into-Fife-Core/bsc/lib/Verilog/SizedFIFO.v:206$1469_EN[31:0]$1487 [0] $flatten\quire.\seg_adder_vff_in_10.$0$memwr$\arr$/teamspace/studios/this_studio/Melodica-Integration-into-Fife-Core/bsc/lib/Verilog/SizedFIFO.v:206$1469_EN[31:0]$1487 [0] $flatten\quire.\seg_adder_vff_in_10.$0$memwr$\arr$/teamspace/studios/this_studio/Melodica-Integration-into-Fife-Core/bsc/lib/Verilog/SizedFIFO.v:206$1469_EN[31:0]$1487 [0] $flatten\quire.\seg_adder_vff_in_10.$0$memwr$\arr$/teamspace/studios/this_studio/Melodica-Integration-into-Fife-Core/bsc/lib/Verilog/SizedFIFO.v:206$1469_EN[31:0]$1487 [0] $flatten\quire.\seg_adder_vff_in_10.$0$memwr$\arr$/teamspace/studios/this_studio/Melodica-Integration-into-Fife-Core/bsc/lib/Verilog/SizedFIFO.v:206$1469_EN[31:0]$1487 [0] }
    New ctrl vector for $pmux cell $flatten\quire.\seg_adder_vff_in_10.$procmux$1854: { $auto$opt_reduce.cc:134:opt_pmux$2625 $auto$opt_reduce.cc:134:opt_pmux$2623 }
    New ctrl vector for $pmux cell $flatten\quire.\seg_adder_vff_in_10.$procmux$1878: $auto$opt_reduce.cc:134:opt_pmux$2627
    Consolidated identical input bits for $mux cell $flatten\quire.\seg_adder_vff_in_11.$procmux$1846:
      Old ports: A=0, B=32'11111111111111111111111111111111, Y=$flatten\quire.\seg_adder_vff_in_11.$0$memwr$\arr$/teamspace/studios/this_studio/Melodica-Integration-into-Fife-Core/bsc/lib/Verilog/SizedFIFO.v:206$1469_EN[31:0]$1487
      New ports: A=1'0, B=1'1, Y=$flatten\quire.\seg_adder_vff_in_11.$0$memwr$\arr$/teamspace/studios/this_studio/Melodica-Integration-into-Fife-Core/bsc/lib/Verilog/SizedFIFO.v:206$1469_EN[31:0]$1487 [0]
      New connections: $flatten\quire.\seg_adder_vff_in_11.$0$memwr$\arr$/teamspace/studios/this_studio/Melodica-Integration-into-Fife-Core/bsc/lib/Verilog/SizedFIFO.v:206$1469_EN[31:0]$1487 [31:1] = { $flatten\quire.\seg_adder_vff_in_11.$0$memwr$\arr$/teamspace/studios/this_studio/Melodica-Integration-into-Fife-Core/bsc/lib/Verilog/SizedFIFO.v:206$1469_EN[31:0]$1487 [0] $flatten\quire.\seg_adder_vff_in_11.$0$memwr$\arr$/teamspace/studios/this_studio/Melodica-Integration-into-Fife-Core/bsc/lib/Verilog/SizedFIFO.v:206$1469_EN[31:0]$1487 [0] $flatten\quire.\seg_adder_vff_in_11.$0$memwr$\arr$/teamspace/studios/this_studio/Melodica-Integration-into-Fife-Core/bsc/lib/Verilog/SizedFIFO.v:206$1469_EN[31:0]$1487 [0] $flatten\quire.\seg_adder_vff_in_11.$0$memwr$\arr$/teamspace/studios/this_studio/Melodica-Integration-into-Fife-Core/bsc/lib/Verilog/SizedFIFO.v:206$1469_EN[31:0]$1487 [0] $flatten\quire.\seg_adder_vff_in_11.$0$memwr$\arr$/teamspace/studios/this_studio/Melodica-Integration-into-Fife-Core/bsc/lib/Verilog/SizedFIFO.v:206$1469_EN[31:0]$1487 [0] $flatten\quire.\seg_adder_vff_in_11.$0$memwr$\arr$/teamspace/studios/this_studio/Melodica-Integration-into-Fife-Core/bsc/lib/Verilog/SizedFIFO.v:206$1469_EN[31:0]$1487 [0] $flatten\quire.\seg_adder_vff_in_11.$0$memwr$\arr$/teamspace/studios/this_studio/Melodica-Integration-into-Fife-Core/bsc/lib/Verilog/SizedFIFO.v:206$1469_EN[31:0]$1487 [0] $flatten\quire.\seg_adder_vff_in_11.$0$memwr$\arr$/teamspace/studios/this_studio/Melodica-Integration-into-Fife-Core/bsc/lib/Verilog/SizedFIFO.v:206$1469_EN[31:0]$1487 [0] $flatten\quire.\seg_adder_vff_in_11.$0$memwr$\arr$/teamspace/studios/this_studio/Melodica-Integration-into-Fife-Core/bsc/lib/Verilog/SizedFIFO.v:206$1469_EN[31:0]$1487 [0] $flatten\quire.\seg_adder_vff_in_11.$0$memwr$\arr$/teamspace/studios/this_studio/Melodica-Integration-into-Fife-Core/bsc/lib/Verilog/SizedFIFO.v:206$1469_EN[31:0]$1487 [0] $flatten\quire.\seg_adder_vff_in_11.$0$memwr$\arr$/teamspace/studios/this_studio/Melodica-Integration-into-Fife-Core/bsc/lib/Verilog/SizedFIFO.v:206$1469_EN[31:0]$1487 [0] $flatten\quire.\seg_adder_vff_in_11.$0$memwr$\arr$/teamspace/studios/this_studio/Melodica-Integration-into-Fife-Core/bsc/lib/Verilog/SizedFIFO.v:206$1469_EN[31:0]$1487 [0] $flatten\quire.\seg_adder_vff_in_11.$0$memwr$\arr$/teamspace/studios/this_studio/Melodica-Integration-into-Fife-Core/bsc/lib/Verilog/SizedFIFO.v:206$1469_EN[31:0]$1487 [0] $flatten\quire.\seg_adder_vff_in_11.$0$memwr$\arr$/teamspace/studios/this_studio/Melodica-Integration-into-Fife-Core/bsc/lib/Verilog/SizedFIFO.v:206$1469_EN[31:0]$1487 [0] $flatten\quire.\seg_adder_vff_in_11.$0$memwr$\arr$/teamspace/studios/this_studio/Melodica-Integration-into-Fife-Core/bsc/lib/Verilog/SizedFIFO.v:206$1469_EN[31:0]$1487 [0] $flatten\quire.\seg_adder_vff_in_11.$0$memwr$\arr$/teamspace/studios/this_studio/Melodica-Integration-into-Fife-Core/bsc/lib/Verilog/SizedFIFO.v:206$1469_EN[31:0]$1487 [0] $flatten\quire.\seg_adder_vff_in_11.$0$memwr$\arr$/teamspace/studios/this_studio/Melodica-Integration-into-Fife-Core/bsc/lib/Verilog/SizedFIFO.v:206$1469_EN[31:0]$1487 [0] $flatten\quire.\seg_adder_vff_in_11.$0$memwr$\arr$/teamspace/studios/this_studio/Melodica-Integration-into-Fife-Core/bsc/lib/Verilog/SizedFIFO.v:206$1469_EN[31:0]$1487 [0] $flatten\quire.\seg_adder_vff_in_11.$0$memwr$\arr$/teamspace/studios/this_studio/Melodica-Integration-into-Fife-Core/bsc/lib/Verilog/SizedFIFO.v:206$1469_EN[31:0]$1487 [0] $flatten\quire.\seg_adder_vff_in_11.$0$memwr$\arr$/teamspace/studios/this_studio/Melodica-Integration-into-Fife-Core/bsc/lib/Verilog/SizedFIFO.v:206$1469_EN[31:0]$1487 [0] $flatten\quire.\seg_adder_vff_in_11.$0$memwr$\arr$/teamspace/studios/this_studio/Melodica-Integration-into-Fife-Core/bsc/lib/Verilog/SizedFIFO.v:206$1469_EN[31:0]$1487 [0] $flatten\quire.\seg_adder_vff_in_11.$0$memwr$\arr$/teamspace/studios/this_studio/Melodica-Integration-into-Fife-Core/bsc/lib/Verilog/SizedFIFO.v:206$1469_EN[31:0]$1487 [0] $flatten\quire.\seg_adder_vff_in_11.$0$memwr$\arr$/teamspace/studios/this_studio/Melodica-Integration-into-Fife-Core/bsc/lib/Verilog/SizedFIFO.v:206$1469_EN[31:0]$1487 [0] $flatten\quire.\seg_adder_vff_in_11.$0$memwr$\arr$/teamspace/studios/this_studio/Melodica-Integration-into-Fife-Core/bsc/lib/Verilog/SizedFIFO.v:206$1469_EN[31:0]$1487 [0] $flatten\quire.\seg_adder_vff_in_11.$0$memwr$\arr$/teamspace/studios/this_studio/Melodica-Integration-into-Fife-Core/bsc/lib/Verilog/SizedFIFO.v:206$1469_EN[31:0]$1487 [0] $flatten\quire.\seg_adder_vff_in_11.$0$memwr$\arr$/teamspace/studios/this_studio/Melodica-Integration-into-Fife-Core/bsc/lib/Verilog/SizedFIFO.v:206$1469_EN[31:0]$1487 [0] $flatten\quire.\seg_adder_vff_in_11.$0$memwr$\arr$/teamspace/studios/this_studio/Melodica-Integration-into-Fife-Core/bsc/lib/Verilog/SizedFIFO.v:206$1469_EN[31:0]$1487 [0] $flatten\quire.\seg_adder_vff_in_11.$0$memwr$\arr$/teamspace/studios/this_studio/Melodica-Integration-into-Fife-Core/bsc/lib/Verilog/SizedFIFO.v:206$1469_EN[31:0]$1487 [0] $flatten\quire.\seg_adder_vff_in_11.$0$memwr$\arr$/teamspace/studios/this_studio/Melodica-Integration-into-Fife-Core/bsc/lib/Verilog/SizedFIFO.v:206$1469_EN[31:0]$1487 [0] $flatten\quire.\seg_adder_vff_in_11.$0$memwr$\arr$/teamspace/studios/this_studio/Melodica-Integration-into-Fife-Core/bsc/lib/Verilog/SizedFIFO.v:206$1469_EN[31:0]$1487 [0] $flatten\quire.\seg_adder_vff_in_11.$0$memwr$\arr$/teamspace/studios/this_studio/Melodica-Integration-into-Fife-Core/bsc/lib/Verilog/SizedFIFO.v:206$1469_EN[31:0]$1487 [0] }
    New ctrl vector for $pmux cell $flatten\quire.\seg_adder_vff_in_11.$procmux$1854: { $auto$opt_reduce.cc:134:opt_pmux$2631 $auto$opt_reduce.cc:134:opt_pmux$2629 }
    New ctrl vector for $pmux cell $flatten\quire.\seg_adder_vff_in_11.$procmux$1878: $auto$opt_reduce.cc:134:opt_pmux$2633
    Consolidated identical input bits for $mux cell $flatten\quire.\seg_adder_vff_in_12.$procmux$1846:
      Old ports: A=0, B=32'11111111111111111111111111111111, Y=$flatten\quire.\seg_adder_vff_in_12.$0$memwr$\arr$/teamspace/studios/this_studio/Melodica-Integration-into-Fife-Core/bsc/lib/Verilog/SizedFIFO.v:206$1469_EN[31:0]$1487
      New ports: A=1'0, B=1'1, Y=$flatten\quire.\seg_adder_vff_in_12.$0$memwr$\arr$/teamspace/studios/this_studio/Melodica-Integration-into-Fife-Core/bsc/lib/Verilog/SizedFIFO.v:206$1469_EN[31:0]$1487 [0]
      New connections: $flatten\quire.\seg_adder_vff_in_12.$0$memwr$\arr$/teamspace/studios/this_studio/Melodica-Integration-into-Fife-Core/bsc/lib/Verilog/SizedFIFO.v:206$1469_EN[31:0]$1487 [31:1] = { $flatten\quire.\seg_adder_vff_in_12.$0$memwr$\arr$/teamspace/studios/this_studio/Melodica-Integration-into-Fife-Core/bsc/lib/Verilog/SizedFIFO.v:206$1469_EN[31:0]$1487 [0] $flatten\quire.\seg_adder_vff_in_12.$0$memwr$\arr$/teamspace/studios/this_studio/Melodica-Integration-into-Fife-Core/bsc/lib/Verilog/SizedFIFO.v:206$1469_EN[31:0]$1487 [0] $flatten\quire.\seg_adder_vff_in_12.$0$memwr$\arr$/teamspace/studios/this_studio/Melodica-Integration-into-Fife-Core/bsc/lib/Verilog/SizedFIFO.v:206$1469_EN[31:0]$1487 [0] $flatten\quire.\seg_adder_vff_in_12.$0$memwr$\arr$/teamspace/studios/this_studio/Melodica-Integration-into-Fife-Core/bsc/lib/Verilog/SizedFIFO.v:206$1469_EN[31:0]$1487 [0] $flatten\quire.\seg_adder_vff_in_12.$0$memwr$\arr$/teamspace/studios/this_studio/Melodica-Integration-into-Fife-Core/bsc/lib/Verilog/SizedFIFO.v:206$1469_EN[31:0]$1487 [0] $flatten\quire.\seg_adder_vff_in_12.$0$memwr$\arr$/teamspace/studios/this_studio/Melodica-Integration-into-Fife-Core/bsc/lib/Verilog/SizedFIFO.v:206$1469_EN[31:0]$1487 [0] $flatten\quire.\seg_adder_vff_in_12.$0$memwr$\arr$/teamspace/studios/this_studio/Melodica-Integration-into-Fife-Core/bsc/lib/Verilog/SizedFIFO.v:206$1469_EN[31:0]$1487 [0] $flatten\quire.\seg_adder_vff_in_12.$0$memwr$\arr$/teamspace/studios/this_studio/Melodica-Integration-into-Fife-Core/bsc/lib/Verilog/SizedFIFO.v:206$1469_EN[31:0]$1487 [0] $flatten\quire.\seg_adder_vff_in_12.$0$memwr$\arr$/teamspace/studios/this_studio/Melodica-Integration-into-Fife-Core/bsc/lib/Verilog/SizedFIFO.v:206$1469_EN[31:0]$1487 [0] $flatten\quire.\seg_adder_vff_in_12.$0$memwr$\arr$/teamspace/studios/this_studio/Melodica-Integration-into-Fife-Core/bsc/lib/Verilog/SizedFIFO.v:206$1469_EN[31:0]$1487 [0] $flatten\quire.\seg_adder_vff_in_12.$0$memwr$\arr$/teamspace/studios/this_studio/Melodica-Integration-into-Fife-Core/bsc/lib/Verilog/SizedFIFO.v:206$1469_EN[31:0]$1487 [0] $flatten\quire.\seg_adder_vff_in_12.$0$memwr$\arr$/teamspace/studios/this_studio/Melodica-Integration-into-Fife-Core/bsc/lib/Verilog/SizedFIFO.v:206$1469_EN[31:0]$1487 [0] $flatten\quire.\seg_adder_vff_in_12.$0$memwr$\arr$/teamspace/studios/this_studio/Melodica-Integration-into-Fife-Core/bsc/lib/Verilog/SizedFIFO.v:206$1469_EN[31:0]$1487 [0] $flatten\quire.\seg_adder_vff_in_12.$0$memwr$\arr$/teamspace/studios/this_studio/Melodica-Integration-into-Fife-Core/bsc/lib/Verilog/SizedFIFO.v:206$1469_EN[31:0]$1487 [0] $flatten\quire.\seg_adder_vff_in_12.$0$memwr$\arr$/teamspace/studios/this_studio/Melodica-Integration-into-Fife-Core/bsc/lib/Verilog/SizedFIFO.v:206$1469_EN[31:0]$1487 [0] $flatten\quire.\seg_adder_vff_in_12.$0$memwr$\arr$/teamspace/studios/this_studio/Melodica-Integration-into-Fife-Core/bsc/lib/Verilog/SizedFIFO.v:206$1469_EN[31:0]$1487 [0] $flatten\quire.\seg_adder_vff_in_12.$0$memwr$\arr$/teamspace/studios/this_studio/Melodica-Integration-into-Fife-Core/bsc/lib/Verilog/SizedFIFO.v:206$1469_EN[31:0]$1487 [0] $flatten\quire.\seg_adder_vff_in_12.$0$memwr$\arr$/teamspace/studios/this_studio/Melodica-Integration-into-Fife-Core/bsc/lib/Verilog/SizedFIFO.v:206$1469_EN[31:0]$1487 [0] $flatten\quire.\seg_adder_vff_in_12.$0$memwr$\arr$/teamspace/studios/this_studio/Melodica-Integration-into-Fife-Core/bsc/lib/Verilog/SizedFIFO.v:206$1469_EN[31:0]$1487 [0] $flatten\quire.\seg_adder_vff_in_12.$0$memwr$\arr$/teamspace/studios/this_studio/Melodica-Integration-into-Fife-Core/bsc/lib/Verilog/SizedFIFO.v:206$1469_EN[31:0]$1487 [0] $flatten\quire.\seg_adder_vff_in_12.$0$memwr$\arr$/teamspace/studios/this_studio/Melodica-Integration-into-Fife-Core/bsc/lib/Verilog/SizedFIFO.v:206$1469_EN[31:0]$1487 [0] $flatten\quire.\seg_adder_vff_in_12.$0$memwr$\arr$/teamspace/studios/this_studio/Melodica-Integration-into-Fife-Core/bsc/lib/Verilog/SizedFIFO.v:206$1469_EN[31:0]$1487 [0] $flatten\quire.\seg_adder_vff_in_12.$0$memwr$\arr$/teamspace/studios/this_studio/Melodica-Integration-into-Fife-Core/bsc/lib/Verilog/SizedFIFO.v:206$1469_EN[31:0]$1487 [0] $flatten\quire.\seg_adder_vff_in_12.$0$memwr$\arr$/teamspace/studios/this_studio/Melodica-Integration-into-Fife-Core/bsc/lib/Verilog/SizedFIFO.v:206$1469_EN[31:0]$1487 [0] $flatten\quire.\seg_adder_vff_in_12.$0$memwr$\arr$/teamspace/studios/this_studio/Melodica-Integration-into-Fife-Core/bsc/lib/Verilog/SizedFIFO.v:206$1469_EN[31:0]$1487 [0] $flatten\quire.\seg_adder_vff_in_12.$0$memwr$\arr$/teamspace/studios/this_studio/Melodica-Integration-into-Fife-Core/bsc/lib/Verilog/SizedFIFO.v:206$1469_EN[31:0]$1487 [0] $flatten\quire.\seg_adder_vff_in_12.$0$memwr$\arr$/teamspace/studios/this_studio/Melodica-Integration-into-Fife-Core/bsc/lib/Verilog/SizedFIFO.v:206$1469_EN[31:0]$1487 [0] $flatten\quire.\seg_adder_vff_in_12.$0$memwr$\arr$/teamspace/studios/this_studio/Melodica-Integration-into-Fife-Core/bsc/lib/Verilog/SizedFIFO.v:206$1469_EN[31:0]$1487 [0] $flatten\quire.\seg_adder_vff_in_12.$0$memwr$\arr$/teamspace/studios/this_studio/Melodica-Integration-into-Fife-Core/bsc/lib/Verilog/SizedFIFO.v:206$1469_EN[31:0]$1487 [0] $flatten\quire.\seg_adder_vff_in_12.$0$memwr$\arr$/teamspace/studios/this_studio/Melodica-Integration-into-Fife-Core/bsc/lib/Verilog/SizedFIFO.v:206$1469_EN[31:0]$1487 [0] $flatten\quire.\seg_adder_vff_in_12.$0$memwr$\arr$/teamspace/studios/this_studio/Melodica-Integration-into-Fife-Core/bsc/lib/Verilog/SizedFIFO.v:206$1469_EN[31:0]$1487 [0] }
    New ctrl vector for $pmux cell $flatten\quire.\seg_adder_vff_in_12.$procmux$1854: { $auto$opt_reduce.cc:134:opt_pmux$2637 $auto$opt_reduce.cc:134:opt_pmux$2635 }
    New ctrl vector for $pmux cell $flatten\quire.\seg_adder_vff_in_12.$procmux$1878: $auto$opt_reduce.cc:134:opt_pmux$2639
    Consolidated identical input bits for $mux cell $flatten\quire.\seg_adder_vff_in_13.$procmux$1846:
      Old ports: A=0, B=32'11111111111111111111111111111111, Y=$flatten\quire.\seg_adder_vff_in_13.$0$memwr$\arr$/teamspace/studios/this_studio/Melodica-Integration-into-Fife-Core/bsc/lib/Verilog/SizedFIFO.v:206$1469_EN[31:0]$1487
      New ports: A=1'0, B=1'1, Y=$flatten\quire.\seg_adder_vff_in_13.$0$memwr$\arr$/teamspace/studios/this_studio/Melodica-Integration-into-Fife-Core/bsc/lib/Verilog/SizedFIFO.v:206$1469_EN[31:0]$1487 [0]
      New connections: $flatten\quire.\seg_adder_vff_in_13.$0$memwr$\arr$/teamspace/studios/this_studio/Melodica-Integration-into-Fife-Core/bsc/lib/Verilog/SizedFIFO.v:206$1469_EN[31:0]$1487 [31:1] = { $flatten\quire.\seg_adder_vff_in_13.$0$memwr$\arr$/teamspace/studios/this_studio/Melodica-Integration-into-Fife-Core/bsc/lib/Verilog/SizedFIFO.v:206$1469_EN[31:0]$1487 [0] $flatten\quire.\seg_adder_vff_in_13.$0$memwr$\arr$/teamspace/studios/this_studio/Melodica-Integration-into-Fife-Core/bsc/lib/Verilog/SizedFIFO.v:206$1469_EN[31:0]$1487 [0] $flatten\quire.\seg_adder_vff_in_13.$0$memwr$\arr$/teamspace/studios/this_studio/Melodica-Integration-into-Fife-Core/bsc/lib/Verilog/SizedFIFO.v:206$1469_EN[31:0]$1487 [0] $flatten\quire.\seg_adder_vff_in_13.$0$memwr$\arr$/teamspace/studios/this_studio/Melodica-Integration-into-Fife-Core/bsc/lib/Verilog/SizedFIFO.v:206$1469_EN[31:0]$1487 [0] $flatten\quire.\seg_adder_vff_in_13.$0$memwr$\arr$/teamspace/studios/this_studio/Melodica-Integration-into-Fife-Core/bsc/lib/Verilog/SizedFIFO.v:206$1469_EN[31:0]$1487 [0] $flatten\quire.\seg_adder_vff_in_13.$0$memwr$\arr$/teamspace/studios/this_studio/Melodica-Integration-into-Fife-Core/bsc/lib/Verilog/SizedFIFO.v:206$1469_EN[31:0]$1487 [0] $flatten\quire.\seg_adder_vff_in_13.$0$memwr$\arr$/teamspace/studios/this_studio/Melodica-Integration-into-Fife-Core/bsc/lib/Verilog/SizedFIFO.v:206$1469_EN[31:0]$1487 [0] $flatten\quire.\seg_adder_vff_in_13.$0$memwr$\arr$/teamspace/studios/this_studio/Melodica-Integration-into-Fife-Core/bsc/lib/Verilog/SizedFIFO.v:206$1469_EN[31:0]$1487 [0] $flatten\quire.\seg_adder_vff_in_13.$0$memwr$\arr$/teamspace/studios/this_studio/Melodica-Integration-into-Fife-Core/bsc/lib/Verilog/SizedFIFO.v:206$1469_EN[31:0]$1487 [0] $flatten\quire.\seg_adder_vff_in_13.$0$memwr$\arr$/teamspace/studios/this_studio/Melodica-Integration-into-Fife-Core/bsc/lib/Verilog/SizedFIFO.v:206$1469_EN[31:0]$1487 [0] $flatten\quire.\seg_adder_vff_in_13.$0$memwr$\arr$/teamspace/studios/this_studio/Melodica-Integration-into-Fife-Core/bsc/lib/Verilog/SizedFIFO.v:206$1469_EN[31:0]$1487 [0] $flatten\quire.\seg_adder_vff_in_13.$0$memwr$\arr$/teamspace/studios/this_studio/Melodica-Integration-into-Fife-Core/bsc/lib/Verilog/SizedFIFO.v:206$1469_EN[31:0]$1487 [0] $flatten\quire.\seg_adder_vff_in_13.$0$memwr$\arr$/teamspace/studios/this_studio/Melodica-Integration-into-Fife-Core/bsc/lib/Verilog/SizedFIFO.v:206$1469_EN[31:0]$1487 [0] $flatten\quire.\seg_adder_vff_in_13.$0$memwr$\arr$/teamspace/studios/this_studio/Melodica-Integration-into-Fife-Core/bsc/lib/Verilog/SizedFIFO.v:206$1469_EN[31:0]$1487 [0] $flatten\quire.\seg_adder_vff_in_13.$0$memwr$\arr$/teamspace/studios/this_studio/Melodica-Integration-into-Fife-Core/bsc/lib/Verilog/SizedFIFO.v:206$1469_EN[31:0]$1487 [0] $flatten\quire.\seg_adder_vff_in_13.$0$memwr$\arr$/teamspace/studios/this_studio/Melodica-Integration-into-Fife-Core/bsc/lib/Verilog/SizedFIFO.v:206$1469_EN[31:0]$1487 [0] $flatten\quire.\seg_adder_vff_in_13.$0$memwr$\arr$/teamspace/studios/this_studio/Melodica-Integration-into-Fife-Core/bsc/lib/Verilog/SizedFIFO.v:206$1469_EN[31:0]$1487 [0] $flatten\quire.\seg_adder_vff_in_13.$0$memwr$\arr$/teamspace/studios/this_studio/Melodica-Integration-into-Fife-Core/bsc/lib/Verilog/SizedFIFO.v:206$1469_EN[31:0]$1487 [0] $flatten\quire.\seg_adder_vff_in_13.$0$memwr$\arr$/teamspace/studios/this_studio/Melodica-Integration-into-Fife-Core/bsc/lib/Verilog/SizedFIFO.v:206$1469_EN[31:0]$1487 [0] $flatten\quire.\seg_adder_vff_in_13.$0$memwr$\arr$/teamspace/studios/this_studio/Melodica-Integration-into-Fife-Core/bsc/lib/Verilog/SizedFIFO.v:206$1469_EN[31:0]$1487 [0] $flatten\quire.\seg_adder_vff_in_13.$0$memwr$\arr$/teamspace/studios/this_studio/Melodica-Integration-into-Fife-Core/bsc/lib/Verilog/SizedFIFO.v:206$1469_EN[31:0]$1487 [0] $flatten\quire.\seg_adder_vff_in_13.$0$memwr$\arr$/teamspace/studios/this_studio/Melodica-Integration-into-Fife-Core/bsc/lib/Verilog/SizedFIFO.v:206$1469_EN[31:0]$1487 [0] $flatten\quire.\seg_adder_vff_in_13.$0$memwr$\arr$/teamspace/studios/this_studio/Melodica-Integration-into-Fife-Core/bsc/lib/Verilog/SizedFIFO.v:206$1469_EN[31:0]$1487 [0] $flatten\quire.\seg_adder_vff_in_13.$0$memwr$\arr$/teamspace/studios/this_studio/Melodica-Integration-into-Fife-Core/bsc/lib/Verilog/SizedFIFO.v:206$1469_EN[31:0]$1487 [0] $flatten\quire.\seg_adder_vff_in_13.$0$memwr$\arr$/teamspace/studios/this_studio/Melodica-Integration-into-Fife-Core/bsc/lib/Verilog/SizedFIFO.v:206$1469_EN[31:0]$1487 [0] $flatten\quire.\seg_adder_vff_in_13.$0$memwr$\arr$/teamspace/studios/this_studio/Melodica-Integration-into-Fife-Core/bsc/lib/Verilog/SizedFIFO.v:206$1469_EN[31:0]$1487 [0] $flatten\quire.\seg_adder_vff_in_13.$0$memwr$\arr$/teamspace/studios/this_studio/Melodica-Integration-into-Fife-Core/bsc/lib/Verilog/SizedFIFO.v:206$1469_EN[31:0]$1487 [0] $flatten\quire.\seg_adder_vff_in_13.$0$memwr$\arr$/teamspace/studios/this_studio/Melodica-Integration-into-Fife-Core/bsc/lib/Verilog/SizedFIFO.v:206$1469_EN[31:0]$1487 [0] $flatten\quire.\seg_adder_vff_in_13.$0$memwr$\arr$/teamspace/studios/this_studio/Melodica-Integration-into-Fife-Core/bsc/lib/Verilog/SizedFIFO.v:206$1469_EN[31:0]$1487 [0] $flatten\quire.\seg_adder_vff_in_13.$0$memwr$\arr$/teamspace/studios/this_studio/Melodica-Integration-into-Fife-Core/bsc/lib/Verilog/SizedFIFO.v:206$1469_EN[31:0]$1487 [0] $flatten\quire.\seg_adder_vff_in_13.$0$memwr$\arr$/teamspace/studios/this_studio/Melodica-Integration-into-Fife-Core/bsc/lib/Verilog/SizedFIFO.v:206$1469_EN[31:0]$1487 [0] }
    New ctrl vector for $pmux cell $flatten\quire.\seg_adder_vff_in_13.$procmux$1854: { $auto$opt_reduce.cc:134:opt_pmux$2643 $auto$opt_reduce.cc:134:opt_pmux$2641 }
    New ctrl vector for $pmux cell $flatten\quire.\seg_adder_vff_in_13.$procmux$1878: $auto$opt_reduce.cc:134:opt_pmux$2645
    Consolidated identical input bits for $mux cell $flatten\quire.\seg_adder_vff_in_14.$procmux$1846:
      Old ports: A=0, B=32'11111111111111111111111111111111, Y=$flatten\quire.\seg_adder_vff_in_14.$0$memwr$\arr$/teamspace/studios/this_studio/Melodica-Integration-into-Fife-Core/bsc/lib/Verilog/SizedFIFO.v:206$1469_EN[31:0]$1487
      New ports: A=1'0, B=1'1, Y=$flatten\quire.\seg_adder_vff_in_14.$0$memwr$\arr$/teamspace/studios/this_studio/Melodica-Integration-into-Fife-Core/bsc/lib/Verilog/SizedFIFO.v:206$1469_EN[31:0]$1487 [0]
      New connections: $flatten\quire.\seg_adder_vff_in_14.$0$memwr$\arr$/teamspace/studios/this_studio/Melodica-Integration-into-Fife-Core/bsc/lib/Verilog/SizedFIFO.v:206$1469_EN[31:0]$1487 [31:1] = { $flatten\quire.\seg_adder_vff_in_14.$0$memwr$\arr$/teamspace/studios/this_studio/Melodica-Integration-into-Fife-Core/bsc/lib/Verilog/SizedFIFO.v:206$1469_EN[31:0]$1487 [0] $flatten\quire.\seg_adder_vff_in_14.$0$memwr$\arr$/teamspace/studios/this_studio/Melodica-Integration-into-Fife-Core/bsc/lib/Verilog/SizedFIFO.v:206$1469_EN[31:0]$1487 [0] $flatten\quire.\seg_adder_vff_in_14.$0$memwr$\arr$/teamspace/studios/this_studio/Melodica-Integration-into-Fife-Core/bsc/lib/Verilog/SizedFIFO.v:206$1469_EN[31:0]$1487 [0] $flatten\quire.\seg_adder_vff_in_14.$0$memwr$\arr$/teamspace/studios/this_studio/Melodica-Integration-into-Fife-Core/bsc/lib/Verilog/SizedFIFO.v:206$1469_EN[31:0]$1487 [0] $flatten\quire.\seg_adder_vff_in_14.$0$memwr$\arr$/teamspace/studios/this_studio/Melodica-Integration-into-Fife-Core/bsc/lib/Verilog/SizedFIFO.v:206$1469_EN[31:0]$1487 [0] $flatten\quire.\seg_adder_vff_in_14.$0$memwr$\arr$/teamspace/studios/this_studio/Melodica-Integration-into-Fife-Core/bsc/lib/Verilog/SizedFIFO.v:206$1469_EN[31:0]$1487 [0] $flatten\quire.\seg_adder_vff_in_14.$0$memwr$\arr$/teamspace/studios/this_studio/Melodica-Integration-into-Fife-Core/bsc/lib/Verilog/SizedFIFO.v:206$1469_EN[31:0]$1487 [0] $flatten\quire.\seg_adder_vff_in_14.$0$memwr$\arr$/teamspace/studios/this_studio/Melodica-Integration-into-Fife-Core/bsc/lib/Verilog/SizedFIFO.v:206$1469_EN[31:0]$1487 [0] $flatten\quire.\seg_adder_vff_in_14.$0$memwr$\arr$/teamspace/studios/this_studio/Melodica-Integration-into-Fife-Core/bsc/lib/Verilog/SizedFIFO.v:206$1469_EN[31:0]$1487 [0] $flatten\quire.\seg_adder_vff_in_14.$0$memwr$\arr$/teamspace/studios/this_studio/Melodica-Integration-into-Fife-Core/bsc/lib/Verilog/SizedFIFO.v:206$1469_EN[31:0]$1487 [0] $flatten\quire.\seg_adder_vff_in_14.$0$memwr$\arr$/teamspace/studios/this_studio/Melodica-Integration-into-Fife-Core/bsc/lib/Verilog/SizedFIFO.v:206$1469_EN[31:0]$1487 [0] $flatten\quire.\seg_adder_vff_in_14.$0$memwr$\arr$/teamspace/studios/this_studio/Melodica-Integration-into-Fife-Core/bsc/lib/Verilog/SizedFIFO.v:206$1469_EN[31:0]$1487 [0] $flatten\quire.\seg_adder_vff_in_14.$0$memwr$\arr$/teamspace/studios/this_studio/Melodica-Integration-into-Fife-Core/bsc/lib/Verilog/SizedFIFO.v:206$1469_EN[31:0]$1487 [0] $flatten\quire.\seg_adder_vff_in_14.$0$memwr$\arr$/teamspace/studios/this_studio/Melodica-Integration-into-Fife-Core/bsc/lib/Verilog/SizedFIFO.v:206$1469_EN[31:0]$1487 [0] $flatten\quire.\seg_adder_vff_in_14.$0$memwr$\arr$/teamspace/studios/this_studio/Melodica-Integration-into-Fife-Core/bsc/lib/Verilog/SizedFIFO.v:206$1469_EN[31:0]$1487 [0] $flatten\quire.\seg_adder_vff_in_14.$0$memwr$\arr$/teamspace/studios/this_studio/Melodica-Integration-into-Fife-Core/bsc/lib/Verilog/SizedFIFO.v:206$1469_EN[31:0]$1487 [0] $flatten\quire.\seg_adder_vff_in_14.$0$memwr$\arr$/teamspace/studios/this_studio/Melodica-Integration-into-Fife-Core/bsc/lib/Verilog/SizedFIFO.v:206$1469_EN[31:0]$1487 [0] $flatten\quire.\seg_adder_vff_in_14.$0$memwr$\arr$/teamspace/studios/this_studio/Melodica-Integration-into-Fife-Core/bsc/lib/Verilog/SizedFIFO.v:206$1469_EN[31:0]$1487 [0] $flatten\quire.\seg_adder_vff_in_14.$0$memwr$\arr$/teamspace/studios/this_studio/Melodica-Integration-into-Fife-Core/bsc/lib/Verilog/SizedFIFO.v:206$1469_EN[31:0]$1487 [0] $flatten\quire.\seg_adder_vff_in_14.$0$memwr$\arr$/teamspace/studios/this_studio/Melodica-Integration-into-Fife-Core/bsc/lib/Verilog/SizedFIFO.v:206$1469_EN[31:0]$1487 [0] $flatten\quire.\seg_adder_vff_in_14.$0$memwr$\arr$/teamspace/studios/this_studio/Melodica-Integration-into-Fife-Core/bsc/lib/Verilog/SizedFIFO.v:206$1469_EN[31:0]$1487 [0] $flatten\quire.\seg_adder_vff_in_14.$0$memwr$\arr$/teamspace/studios/this_studio/Melodica-Integration-into-Fife-Core/bsc/lib/Verilog/SizedFIFO.v:206$1469_EN[31:0]$1487 [0] $flatten\quire.\seg_adder_vff_in_14.$0$memwr$\arr$/teamspace/studios/this_studio/Melodica-Integration-into-Fife-Core/bsc/lib/Verilog/SizedFIFO.v:206$1469_EN[31:0]$1487 [0] $flatten\quire.\seg_adder_vff_in_14.$0$memwr$\arr$/teamspace/studios/this_studio/Melodica-Integration-into-Fife-Core/bsc/lib/Verilog/SizedFIFO.v:206$1469_EN[31:0]$1487 [0] $flatten\quire.\seg_adder_vff_in_14.$0$memwr$\arr$/teamspace/studios/this_studio/Melodica-Integration-into-Fife-Core/bsc/lib/Verilog/SizedFIFO.v:206$1469_EN[31:0]$1487 [0] $flatten\quire.\seg_adder_vff_in_14.$0$memwr$\arr$/teamspace/studios/this_studio/Melodica-Integration-into-Fife-Core/bsc/lib/Verilog/SizedFIFO.v:206$1469_EN[31:0]$1487 [0] $flatten\quire.\seg_adder_vff_in_14.$0$memwr$\arr$/teamspace/studios/this_studio/Melodica-Integration-into-Fife-Core/bsc/lib/Verilog/SizedFIFO.v:206$1469_EN[31:0]$1487 [0] $flatten\quire.\seg_adder_vff_in_14.$0$memwr$\arr$/teamspace/studios/this_studio/Melodica-Integration-into-Fife-Core/bsc/lib/Verilog/SizedFIFO.v:206$1469_EN[31:0]$1487 [0] $flatten\quire.\seg_adder_vff_in_14.$0$memwr$\arr$/teamspace/studios/this_studio/Melodica-Integration-into-Fife-Core/bsc/lib/Verilog/SizedFIFO.v:206$1469_EN[31:0]$1487 [0] $flatten\quire.\seg_adder_vff_in_14.$0$memwr$\arr$/teamspace/studios/this_studio/Melodica-Integration-into-Fife-Core/bsc/lib/Verilog/SizedFIFO.v:206$1469_EN[31:0]$1487 [0] $flatten\quire.\seg_adder_vff_in_14.$0$memwr$\arr$/teamspace/studios/this_studio/Melodica-Integration-into-Fife-Core/bsc/lib/Verilog/SizedFIFO.v:206$1469_EN[31:0]$1487 [0] }
    New ctrl vector for $pmux cell $flatten\quire.\seg_adder_vff_in_14.$procmux$1854: { $auto$opt_reduce.cc:134:opt_pmux$2649 $auto$opt_reduce.cc:134:opt_pmux$2647 }
    New ctrl vector for $pmux cell $flatten\quire.\seg_adder_vff_in_14.$procmux$1878: $auto$opt_reduce.cc:134:opt_pmux$2651
    Consolidated identical input bits for $mux cell $flatten\quire.\seg_adder_vff_in_15.$procmux$1846:
      Old ports: A=0, B=32'11111111111111111111111111111111, Y=$flatten\quire.\seg_adder_vff_in_15.$0$memwr$\arr$/teamspace/studios/this_studio/Melodica-Integration-into-Fife-Core/bsc/lib/Verilog/SizedFIFO.v:206$1469_EN[31:0]$1487
      New ports: A=1'0, B=1'1, Y=$flatten\quire.\seg_adder_vff_in_15.$0$memwr$\arr$/teamspace/studios/this_studio/Melodica-Integration-into-Fife-Core/bsc/lib/Verilog/SizedFIFO.v:206$1469_EN[31:0]$1487 [0]
      New connections: $flatten\quire.\seg_adder_vff_in_15.$0$memwr$\arr$/teamspace/studios/this_studio/Melodica-Integration-into-Fife-Core/bsc/lib/Verilog/SizedFIFO.v:206$1469_EN[31:0]$1487 [31:1] = { $flatten\quire.\seg_adder_vff_in_15.$0$memwr$\arr$/teamspace/studios/this_studio/Melodica-Integration-into-Fife-Core/bsc/lib/Verilog/SizedFIFO.v:206$1469_EN[31:0]$1487 [0] $flatten\quire.\seg_adder_vff_in_15.$0$memwr$\arr$/teamspace/studios/this_studio/Melodica-Integration-into-Fife-Core/bsc/lib/Verilog/SizedFIFO.v:206$1469_EN[31:0]$1487 [0] $flatten\quire.\seg_adder_vff_in_15.$0$memwr$\arr$/teamspace/studios/this_studio/Melodica-Integration-into-Fife-Core/bsc/lib/Verilog/SizedFIFO.v:206$1469_EN[31:0]$1487 [0] $flatten\quire.\seg_adder_vff_in_15.$0$memwr$\arr$/teamspace/studios/this_studio/Melodica-Integration-into-Fife-Core/bsc/lib/Verilog/SizedFIFO.v:206$1469_EN[31:0]$1487 [0] $flatten\quire.\seg_adder_vff_in_15.$0$memwr$\arr$/teamspace/studios/this_studio/Melodica-Integration-into-Fife-Core/bsc/lib/Verilog/SizedFIFO.v:206$1469_EN[31:0]$1487 [0] $flatten\quire.\seg_adder_vff_in_15.$0$memwr$\arr$/teamspace/studios/this_studio/Melodica-Integration-into-Fife-Core/bsc/lib/Verilog/SizedFIFO.v:206$1469_EN[31:0]$1487 [0] $flatten\quire.\seg_adder_vff_in_15.$0$memwr$\arr$/teamspace/studios/this_studio/Melodica-Integration-into-Fife-Core/bsc/lib/Verilog/SizedFIFO.v:206$1469_EN[31:0]$1487 [0] $flatten\quire.\seg_adder_vff_in_15.$0$memwr$\arr$/teamspace/studios/this_studio/Melodica-Integration-into-Fife-Core/bsc/lib/Verilog/SizedFIFO.v:206$1469_EN[31:0]$1487 [0] $flatten\quire.\seg_adder_vff_in_15.$0$memwr$\arr$/teamspace/studios/this_studio/Melodica-Integration-into-Fife-Core/bsc/lib/Verilog/SizedFIFO.v:206$1469_EN[31:0]$1487 [0] $flatten\quire.\seg_adder_vff_in_15.$0$memwr$\arr$/teamspace/studios/this_studio/Melodica-Integration-into-Fife-Core/bsc/lib/Verilog/SizedFIFO.v:206$1469_EN[31:0]$1487 [0] $flatten\quire.\seg_adder_vff_in_15.$0$memwr$\arr$/teamspace/studios/this_studio/Melodica-Integration-into-Fife-Core/bsc/lib/Verilog/SizedFIFO.v:206$1469_EN[31:0]$1487 [0] $flatten\quire.\seg_adder_vff_in_15.$0$memwr$\arr$/teamspace/studios/this_studio/Melodica-Integration-into-Fife-Core/bsc/lib/Verilog/SizedFIFO.v:206$1469_EN[31:0]$1487 [0] $flatten\quire.\seg_adder_vff_in_15.$0$memwr$\arr$/teamspace/studios/this_studio/Melodica-Integration-into-Fife-Core/bsc/lib/Verilog/SizedFIFO.v:206$1469_EN[31:0]$1487 [0] $flatten\quire.\seg_adder_vff_in_15.$0$memwr$\arr$/teamspace/studios/this_studio/Melodica-Integration-into-Fife-Core/bsc/lib/Verilog/SizedFIFO.v:206$1469_EN[31:0]$1487 [0] $flatten\quire.\seg_adder_vff_in_15.$0$memwr$\arr$/teamspace/studios/this_studio/Melodica-Integration-into-Fife-Core/bsc/lib/Verilog/SizedFIFO.v:206$1469_EN[31:0]$1487 [0] $flatten\quire.\seg_adder_vff_in_15.$0$memwr$\arr$/teamspace/studios/this_studio/Melodica-Integration-into-Fife-Core/bsc/lib/Verilog/SizedFIFO.v:206$1469_EN[31:0]$1487 [0] $flatten\quire.\seg_adder_vff_in_15.$0$memwr$\arr$/teamspace/studios/this_studio/Melodica-Integration-into-Fife-Core/bsc/lib/Verilog/SizedFIFO.v:206$1469_EN[31:0]$1487 [0] $flatten\quire.\seg_adder_vff_in_15.$0$memwr$\arr$/teamspace/studios/this_studio/Melodica-Integration-into-Fife-Core/bsc/lib/Verilog/SizedFIFO.v:206$1469_EN[31:0]$1487 [0] $flatten\quire.\seg_adder_vff_in_15.$0$memwr$\arr$/teamspace/studios/this_studio/Melodica-Integration-into-Fife-Core/bsc/lib/Verilog/SizedFIFO.v:206$1469_EN[31:0]$1487 [0] $flatten\quire.\seg_adder_vff_in_15.$0$memwr$\arr$/teamspace/studios/this_studio/Melodica-Integration-into-Fife-Core/bsc/lib/Verilog/SizedFIFO.v:206$1469_EN[31:0]$1487 [0] $flatten\quire.\seg_adder_vff_in_15.$0$memwr$\arr$/teamspace/studios/this_studio/Melodica-Integration-into-Fife-Core/bsc/lib/Verilog/SizedFIFO.v:206$1469_EN[31:0]$1487 [0] $flatten\quire.\seg_adder_vff_in_15.$0$memwr$\arr$/teamspace/studios/this_studio/Melodica-Integration-into-Fife-Core/bsc/lib/Verilog/SizedFIFO.v:206$1469_EN[31:0]$1487 [0] $flatten\quire.\seg_adder_vff_in_15.$0$memwr$\arr$/teamspace/studios/this_studio/Melodica-Integration-into-Fife-Core/bsc/lib/Verilog/SizedFIFO.v:206$1469_EN[31:0]$1487 [0] $flatten\quire.\seg_adder_vff_in_15.$0$memwr$\arr$/teamspace/studios/this_studio/Melodica-Integration-into-Fife-Core/bsc/lib/Verilog/SizedFIFO.v:206$1469_EN[31:0]$1487 [0] $flatten\quire.\seg_adder_vff_in_15.$0$memwr$\arr$/teamspace/studios/this_studio/Melodica-Integration-into-Fife-Core/bsc/lib/Verilog/SizedFIFO.v:206$1469_EN[31:0]$1487 [0] $flatten\quire.\seg_adder_vff_in_15.$0$memwr$\arr$/teamspace/studios/this_studio/Melodica-Integration-into-Fife-Core/bsc/lib/Verilog/SizedFIFO.v:206$1469_EN[31:0]$1487 [0] $flatten\quire.\seg_adder_vff_in_15.$0$memwr$\arr$/teamspace/studios/this_studio/Melodica-Integration-into-Fife-Core/bsc/lib/Verilog/SizedFIFO.v:206$1469_EN[31:0]$1487 [0] $flatten\quire.\seg_adder_vff_in_15.$0$memwr$\arr$/teamspace/studios/this_studio/Melodica-Integration-into-Fife-Core/bsc/lib/Verilog/SizedFIFO.v:206$1469_EN[31:0]$1487 [0] $flatten\quire.\seg_adder_vff_in_15.$0$memwr$\arr$/teamspace/studios/this_studio/Melodica-Integration-into-Fife-Core/bsc/lib/Verilog/SizedFIFO.v:206$1469_EN[31:0]$1487 [0] $flatten\quire.\seg_adder_vff_in_15.$0$memwr$\arr$/teamspace/studios/this_studio/Melodica-Integration-into-Fife-Core/bsc/lib/Verilog/SizedFIFO.v:206$1469_EN[31:0]$1487 [0] $flatten\quire.\seg_adder_vff_in_15.$0$memwr$\arr$/teamspace/studios/this_studio/Melodica-Integration-into-Fife-Core/bsc/lib/Verilog/SizedFIFO.v:206$1469_EN[31:0]$1487 [0] }
    New ctrl vector for $pmux cell $flatten\quire.\seg_adder_vff_in_15.$procmux$1854: { $auto$opt_reduce.cc:134:opt_pmux$2655 $auto$opt_reduce.cc:134:opt_pmux$2653 }
    New ctrl vector for $pmux cell $flatten\quire.\seg_adder_vff_in_15.$procmux$1878: $auto$opt_reduce.cc:134:opt_pmux$2657
    Consolidated identical input bits for $mux cell $flatten\quire.\seg_adder_vff_in_2.$procmux$1846:
      Old ports: A=0, B=32'11111111111111111111111111111111, Y=$flatten\quire.\seg_adder_vff_in_2.$0$memwr$\arr$/teamspace/studios/this_studio/Melodica-Integration-into-Fife-Core/bsc/lib/Verilog/SizedFIFO.v:206$1469_EN[31:0]$1487
      New ports: A=1'0, B=1'1, Y=$flatten\quire.\seg_adder_vff_in_2.$0$memwr$\arr$/teamspace/studios/this_studio/Melodica-Integration-into-Fife-Core/bsc/lib/Verilog/SizedFIFO.v:206$1469_EN[31:0]$1487 [0]
      New connections: $flatten\quire.\seg_adder_vff_in_2.$0$memwr$\arr$/teamspace/studios/this_studio/Melodica-Integration-into-Fife-Core/bsc/lib/Verilog/SizedFIFO.v:206$1469_EN[31:0]$1487 [31:1] = { $flatten\quire.\seg_adder_vff_in_2.$0$memwr$\arr$/teamspace/studios/this_studio/Melodica-Integration-into-Fife-Core/bsc/lib/Verilog/SizedFIFO.v:206$1469_EN[31:0]$1487 [0] $flatten\quire.\seg_adder_vff_in_2.$0$memwr$\arr$/teamspace/studios/this_studio/Melodica-Integration-into-Fife-Core/bsc/lib/Verilog/SizedFIFO.v:206$1469_EN[31:0]$1487 [0] $flatten\quire.\seg_adder_vff_in_2.$0$memwr$\arr$/teamspace/studios/this_studio/Melodica-Integration-into-Fife-Core/bsc/lib/Verilog/SizedFIFO.v:206$1469_EN[31:0]$1487 [0] $flatten\quire.\seg_adder_vff_in_2.$0$memwr$\arr$/teamspace/studios/this_studio/Melodica-Integration-into-Fife-Core/bsc/lib/Verilog/SizedFIFO.v:206$1469_EN[31:0]$1487 [0] $flatten\quire.\seg_adder_vff_in_2.$0$memwr$\arr$/teamspace/studios/this_studio/Melodica-Integration-into-Fife-Core/bsc/lib/Verilog/SizedFIFO.v:206$1469_EN[31:0]$1487 [0] $flatten\quire.\seg_adder_vff_in_2.$0$memwr$\arr$/teamspace/studios/this_studio/Melodica-Integration-into-Fife-Core/bsc/lib/Verilog/SizedFIFO.v:206$1469_EN[31:0]$1487 [0] $flatten\quire.\seg_adder_vff_in_2.$0$memwr$\arr$/teamspace/studios/this_studio/Melodica-Integration-into-Fife-Core/bsc/lib/Verilog/SizedFIFO.v:206$1469_EN[31:0]$1487 [0] $flatten\quire.\seg_adder_vff_in_2.$0$memwr$\arr$/teamspace/studios/this_studio/Melodica-Integration-into-Fife-Core/bsc/lib/Verilog/SizedFIFO.v:206$1469_EN[31:0]$1487 [0] $flatten\quire.\seg_adder_vff_in_2.$0$memwr$\arr$/teamspace/studios/this_studio/Melodica-Integration-into-Fife-Core/bsc/lib/Verilog/SizedFIFO.v:206$1469_EN[31:0]$1487 [0] $flatten\quire.\seg_adder_vff_in_2.$0$memwr$\arr$/teamspace/studios/this_studio/Melodica-Integration-into-Fife-Core/bsc/lib/Verilog/SizedFIFO.v:206$1469_EN[31:0]$1487 [0] $flatten\quire.\seg_adder_vff_in_2.$0$memwr$\arr$/teamspace/studios/this_studio/Melodica-Integration-into-Fife-Core/bsc/lib/Verilog/SizedFIFO.v:206$1469_EN[31:0]$1487 [0] $flatten\quire.\seg_adder_vff_in_2.$0$memwr$\arr$/teamspace/studios/this_studio/Melodica-Integration-into-Fife-Core/bsc/lib/Verilog/SizedFIFO.v:206$1469_EN[31:0]$1487 [0] $flatten\quire.\seg_adder_vff_in_2.$0$memwr$\arr$/teamspace/studios/this_studio/Melodica-Integration-into-Fife-Core/bsc/lib/Verilog/SizedFIFO.v:206$1469_EN[31:0]$1487 [0] $flatten\quire.\seg_adder_vff_in_2.$0$memwr$\arr$/teamspace/studios/this_studio/Melodica-Integration-into-Fife-Core/bsc/lib/Verilog/SizedFIFO.v:206$1469_EN[31:0]$1487 [0] $flatten\quire.\seg_adder_vff_in_2.$0$memwr$\arr$/teamspace/studios/this_studio/Melodica-Integration-into-Fife-Core/bsc/lib/Verilog/SizedFIFO.v:206$1469_EN[31:0]$1487 [0] $flatten\quire.\seg_adder_vff_in_2.$0$memwr$\arr$/teamspace/studios/this_studio/Melodica-Integration-into-Fife-Core/bsc/lib/Verilog/SizedFIFO.v:206$1469_EN[31:0]$1487 [0] $flatten\quire.\seg_adder_vff_in_2.$0$memwr$\arr$/teamspace/studios/this_studio/Melodica-Integration-into-Fife-Core/bsc/lib/Verilog/SizedFIFO.v:206$1469_EN[31:0]$1487 [0] $flatten\quire.\seg_adder_vff_in_2.$0$memwr$\arr$/teamspace/studios/this_studio/Melodica-Integration-into-Fife-Core/bsc/lib/Verilog/SizedFIFO.v:206$1469_EN[31:0]$1487 [0] $flatten\quire.\seg_adder_vff_in_2.$0$memwr$\arr$/teamspace/studios/this_studio/Melodica-Integration-into-Fife-Core/bsc/lib/Verilog/SizedFIFO.v:206$1469_EN[31:0]$1487 [0] $flatten\quire.\seg_adder_vff_in_2.$0$memwr$\arr$/teamspace/studios/this_studio/Melodica-Integration-into-Fife-Core/bsc/lib/Verilog/SizedFIFO.v:206$1469_EN[31:0]$1487 [0] $flatten\quire.\seg_adder_vff_in_2.$0$memwr$\arr$/teamspace/studios/this_studio/Melodica-Integration-into-Fife-Core/bsc/lib/Verilog/SizedFIFO.v:206$1469_EN[31:0]$1487 [0] $flatten\quire.\seg_adder_vff_in_2.$0$memwr$\arr$/teamspace/studios/this_studio/Melodica-Integration-into-Fife-Core/bsc/lib/Verilog/SizedFIFO.v:206$1469_EN[31:0]$1487 [0] $flatten\quire.\seg_adder_vff_in_2.$0$memwr$\arr$/teamspace/studios/this_studio/Melodica-Integration-into-Fife-Core/bsc/lib/Verilog/SizedFIFO.v:206$1469_EN[31:0]$1487 [0] $flatten\quire.\seg_adder_vff_in_2.$0$memwr$\arr$/teamspace/studios/this_studio/Melodica-Integration-into-Fife-Core/bsc/lib/Verilog/SizedFIFO.v:206$1469_EN[31:0]$1487 [0] $flatten\quire.\seg_adder_vff_in_2.$0$memwr$\arr$/teamspace/studios/this_studio/Melodica-Integration-into-Fife-Core/bsc/lib/Verilog/SizedFIFO.v:206$1469_EN[31:0]$1487 [0] $flatten\quire.\seg_adder_vff_in_2.$0$memwr$\arr$/teamspace/studios/this_studio/Melodica-Integration-into-Fife-Core/bsc/lib/Verilog/SizedFIFO.v:206$1469_EN[31:0]$1487 [0] $flatten\quire.\seg_adder_vff_in_2.$0$memwr$\arr$/teamspace/studios/this_studio/Melodica-Integration-into-Fife-Core/bsc/lib/Verilog/SizedFIFO.v:206$1469_EN[31:0]$1487 [0] $flatten\quire.\seg_adder_vff_in_2.$0$memwr$\arr$/teamspace/studios/this_studio/Melodica-Integration-into-Fife-Core/bsc/lib/Verilog/SizedFIFO.v:206$1469_EN[31:0]$1487 [0] $flatten\quire.\seg_adder_vff_in_2.$0$memwr$\arr$/teamspace/studios/this_studio/Melodica-Integration-into-Fife-Core/bsc/lib/Verilog/SizedFIFO.v:206$1469_EN[31:0]$1487 [0] $flatten\quire.\seg_adder_vff_in_2.$0$memwr$\arr$/teamspace/studios/this_studio/Melodica-Integration-into-Fife-Core/bsc/lib/Verilog/SizedFIFO.v:206$1469_EN[31:0]$1487 [0] $flatten\quire.\seg_adder_vff_in_2.$0$memwr$\arr$/teamspace/studios/this_studio/Melodica-Integration-into-Fife-Core/bsc/lib/Verilog/SizedFIFO.v:206$1469_EN[31:0]$1487 [0] }
    New ctrl vector for $pmux cell $flatten\quire.\seg_adder_vff_in_2.$procmux$1854: { $auto$opt_reduce.cc:134:opt_pmux$2661 $auto$opt_reduce.cc:134:opt_pmux$2659 }
    New ctrl vector for $pmux cell $flatten\quire.\seg_adder_vff_in_2.$procmux$1878: $auto$opt_reduce.cc:134:opt_pmux$2663
    Consolidated identical input bits for $mux cell $flatten\quire.\seg_adder_vff_in_3.$procmux$1846:
      Old ports: A=0, B=32'11111111111111111111111111111111, Y=$flatten\quire.\seg_adder_vff_in_3.$0$memwr$\arr$/teamspace/studios/this_studio/Melodica-Integration-into-Fife-Core/bsc/lib/Verilog/SizedFIFO.v:206$1469_EN[31:0]$1487
      New ports: A=1'0, B=1'1, Y=$flatten\quire.\seg_adder_vff_in_3.$0$memwr$\arr$/teamspace/studios/this_studio/Melodica-Integration-into-Fife-Core/bsc/lib/Verilog/SizedFIFO.v:206$1469_EN[31:0]$1487 [0]
      New connections: $flatten\quire.\seg_adder_vff_in_3.$0$memwr$\arr$/teamspace/studios/this_studio/Melodica-Integration-into-Fife-Core/bsc/lib/Verilog/SizedFIFO.v:206$1469_EN[31:0]$1487 [31:1] = { $flatten\quire.\seg_adder_vff_in_3.$0$memwr$\arr$/teamspace/studios/this_studio/Melodica-Integration-into-Fife-Core/bsc/lib/Verilog/SizedFIFO.v:206$1469_EN[31:0]$1487 [0] $flatten\quire.\seg_adder_vff_in_3.$0$memwr$\arr$/teamspace/studios/this_studio/Melodica-Integration-into-Fife-Core/bsc/lib/Verilog/SizedFIFO.v:206$1469_EN[31:0]$1487 [0] $flatten\quire.\seg_adder_vff_in_3.$0$memwr$\arr$/teamspace/studios/this_studio/Melodica-Integration-into-Fife-Core/bsc/lib/Verilog/SizedFIFO.v:206$1469_EN[31:0]$1487 [0] $flatten\quire.\seg_adder_vff_in_3.$0$memwr$\arr$/teamspace/studios/this_studio/Melodica-Integration-into-Fife-Core/bsc/lib/Verilog/SizedFIFO.v:206$1469_EN[31:0]$1487 [0] $flatten\quire.\seg_adder_vff_in_3.$0$memwr$\arr$/teamspace/studios/this_studio/Melodica-Integration-into-Fife-Core/bsc/lib/Verilog/SizedFIFO.v:206$1469_EN[31:0]$1487 [0] $flatten\quire.\seg_adder_vff_in_3.$0$memwr$\arr$/teamspace/studios/this_studio/Melodica-Integration-into-Fife-Core/bsc/lib/Verilog/SizedFIFO.v:206$1469_EN[31:0]$1487 [0] $flatten\quire.\seg_adder_vff_in_3.$0$memwr$\arr$/teamspace/studios/this_studio/Melodica-Integration-into-Fife-Core/bsc/lib/Verilog/SizedFIFO.v:206$1469_EN[31:0]$1487 [0] $flatten\quire.\seg_adder_vff_in_3.$0$memwr$\arr$/teamspace/studios/this_studio/Melodica-Integration-into-Fife-Core/bsc/lib/Verilog/SizedFIFO.v:206$1469_EN[31:0]$1487 [0] $flatten\quire.\seg_adder_vff_in_3.$0$memwr$\arr$/teamspace/studios/this_studio/Melodica-Integration-into-Fife-Core/bsc/lib/Verilog/SizedFIFO.v:206$1469_EN[31:0]$1487 [0] $flatten\quire.\seg_adder_vff_in_3.$0$memwr$\arr$/teamspace/studios/this_studio/Melodica-Integration-into-Fife-Core/bsc/lib/Verilog/SizedFIFO.v:206$1469_EN[31:0]$1487 [0] $flatten\quire.\seg_adder_vff_in_3.$0$memwr$\arr$/teamspace/studios/this_studio/Melodica-Integration-into-Fife-Core/bsc/lib/Verilog/SizedFIFO.v:206$1469_EN[31:0]$1487 [0] $flatten\quire.\seg_adder_vff_in_3.$0$memwr$\arr$/teamspace/studios/this_studio/Melodica-Integration-into-Fife-Core/bsc/lib/Verilog/SizedFIFO.v:206$1469_EN[31:0]$1487 [0] $flatten\quire.\seg_adder_vff_in_3.$0$memwr$\arr$/teamspace/studios/this_studio/Melodica-Integration-into-Fife-Core/bsc/lib/Verilog/SizedFIFO.v:206$1469_EN[31:0]$1487 [0] $flatten\quire.\seg_adder_vff_in_3.$0$memwr$\arr$/teamspace/studios/this_studio/Melodica-Integration-into-Fife-Core/bsc/lib/Verilog/SizedFIFO.v:206$1469_EN[31:0]$1487 [0] $flatten\quire.\seg_adder_vff_in_3.$0$memwr$\arr$/teamspace/studios/this_studio/Melodica-Integration-into-Fife-Core/bsc/lib/Verilog/SizedFIFO.v:206$1469_EN[31:0]$1487 [0] $flatten\quire.\seg_adder_vff_in_3.$0$memwr$\arr$/teamspace/studios/this_studio/Melodica-Integration-into-Fife-Core/bsc/lib/Verilog/SizedFIFO.v:206$1469_EN[31:0]$1487 [0] $flatten\quire.\seg_adder_vff_in_3.$0$memwr$\arr$/teamspace/studios/this_studio/Melodica-Integration-into-Fife-Core/bsc/lib/Verilog/SizedFIFO.v:206$1469_EN[31:0]$1487 [0] $flatten\quire.\seg_adder_vff_in_3.$0$memwr$\arr$/teamspace/studios/this_studio/Melodica-Integration-into-Fife-Core/bsc/lib/Verilog/SizedFIFO.v:206$1469_EN[31:0]$1487 [0] $flatten\quire.\seg_adder_vff_in_3.$0$memwr$\arr$/teamspace/studios/this_studio/Melodica-Integration-into-Fife-Core/bsc/lib/Verilog/SizedFIFO.v:206$1469_EN[31:0]$1487 [0] $flatten\quire.\seg_adder_vff_in_3.$0$memwr$\arr$/teamspace/studios/this_studio/Melodica-Integration-into-Fife-Core/bsc/lib/Verilog/SizedFIFO.v:206$1469_EN[31:0]$1487 [0] $flatten\quire.\seg_adder_vff_in_3.$0$memwr$\arr$/teamspace/studios/this_studio/Melodica-Integration-into-Fife-Core/bsc/lib/Verilog/SizedFIFO.v:206$1469_EN[31:0]$1487 [0] $flatten\quire.\seg_adder_vff_in_3.$0$memwr$\arr$/teamspace/studios/this_studio/Melodica-Integration-into-Fife-Core/bsc/lib/Verilog/SizedFIFO.v:206$1469_EN[31:0]$1487 [0] $flatten\quire.\seg_adder_vff_in_3.$0$memwr$\arr$/teamspace/studios/this_studio/Melodica-Integration-into-Fife-Core/bsc/lib/Verilog/SizedFIFO.v:206$1469_EN[31:0]$1487 [0] $flatten\quire.\seg_adder_vff_in_3.$0$memwr$\arr$/teamspace/studios/this_studio/Melodica-Integration-into-Fife-Core/bsc/lib/Verilog/SizedFIFO.v:206$1469_EN[31:0]$1487 [0] $flatten\quire.\seg_adder_vff_in_3.$0$memwr$\arr$/teamspace/studios/this_studio/Melodica-Integration-into-Fife-Core/bsc/lib/Verilog/SizedFIFO.v:206$1469_EN[31:0]$1487 [0] $flatten\quire.\seg_adder_vff_in_3.$0$memwr$\arr$/teamspace/studios/this_studio/Melodica-Integration-into-Fife-Core/bsc/lib/Verilog/SizedFIFO.v:206$1469_EN[31:0]$1487 [0] $flatten\quire.\seg_adder_vff_in_3.$0$memwr$\arr$/teamspace/studios/this_studio/Melodica-Integration-into-Fife-Core/bsc/lib/Verilog/SizedFIFO.v:206$1469_EN[31:0]$1487 [0] $flatten\quire.\seg_adder_vff_in_3.$0$memwr$\arr$/teamspace/studios/this_studio/Melodica-Integration-into-Fife-Core/bsc/lib/Verilog/SizedFIFO.v:206$1469_EN[31:0]$1487 [0] $flatten\quire.\seg_adder_vff_in_3.$0$memwr$\arr$/teamspace/studios/this_studio/Melodica-Integration-into-Fife-Core/bsc/lib/Verilog/SizedFIFO.v:206$1469_EN[31:0]$1487 [0] $flatten\quire.\seg_adder_vff_in_3.$0$memwr$\arr$/teamspace/studios/this_studio/Melodica-Integration-into-Fife-Core/bsc/lib/Verilog/SizedFIFO.v:206$1469_EN[31:0]$1487 [0] $flatten\quire.\seg_adder_vff_in_3.$0$memwr$\arr$/teamspace/studios/this_studio/Melodica-Integration-into-Fife-Core/bsc/lib/Verilog/SizedFIFO.v:206$1469_EN[31:0]$1487 [0] }
    New ctrl vector for $pmux cell $flatten\quire.\seg_adder_vff_in_3.$procmux$1854: { $auto$opt_reduce.cc:134:opt_pmux$2667 $auto$opt_reduce.cc:134:opt_pmux$2665 }
    New ctrl vector for $pmux cell $flatten\quire.\seg_adder_vff_in_3.$procmux$1878: $auto$opt_reduce.cc:134:opt_pmux$2669
    Consolidated identical input bits for $mux cell $flatten\quire.\seg_adder_vff_in_4.$procmux$1846:
      Old ports: A=0, B=32'11111111111111111111111111111111, Y=$flatten\quire.\seg_adder_vff_in_4.$0$memwr$\arr$/teamspace/studios/this_studio/Melodica-Integration-into-Fife-Core/bsc/lib/Verilog/SizedFIFO.v:206$1469_EN[31:0]$1487
      New ports: A=1'0, B=1'1, Y=$flatten\quire.\seg_adder_vff_in_4.$0$memwr$\arr$/teamspace/studios/this_studio/Melodica-Integration-into-Fife-Core/bsc/lib/Verilog/SizedFIFO.v:206$1469_EN[31:0]$1487 [0]
      New connections: $flatten\quire.\seg_adder_vff_in_4.$0$memwr$\arr$/teamspace/studios/this_studio/Melodica-Integration-into-Fife-Core/bsc/lib/Verilog/SizedFIFO.v:206$1469_EN[31:0]$1487 [31:1] = { $flatten\quire.\seg_adder_vff_in_4.$0$memwr$\arr$/teamspace/studios/this_studio/Melodica-Integration-into-Fife-Core/bsc/lib/Verilog/SizedFIFO.v:206$1469_EN[31:0]$1487 [0] $flatten\quire.\seg_adder_vff_in_4.$0$memwr$\arr$/teamspace/studios/this_studio/Melodica-Integration-into-Fife-Core/bsc/lib/Verilog/SizedFIFO.v:206$1469_EN[31:0]$1487 [0] $flatten\quire.\seg_adder_vff_in_4.$0$memwr$\arr$/teamspace/studios/this_studio/Melodica-Integration-into-Fife-Core/bsc/lib/Verilog/SizedFIFO.v:206$1469_EN[31:0]$1487 [0] $flatten\quire.\seg_adder_vff_in_4.$0$memwr$\arr$/teamspace/studios/this_studio/Melodica-Integration-into-Fife-Core/bsc/lib/Verilog/SizedFIFO.v:206$1469_EN[31:0]$1487 [0] $flatten\quire.\seg_adder_vff_in_4.$0$memwr$\arr$/teamspace/studios/this_studio/Melodica-Integration-into-Fife-Core/bsc/lib/Verilog/SizedFIFO.v:206$1469_EN[31:0]$1487 [0] $flatten\quire.\seg_adder_vff_in_4.$0$memwr$\arr$/teamspace/studios/this_studio/Melodica-Integration-into-Fife-Core/bsc/lib/Verilog/SizedFIFO.v:206$1469_EN[31:0]$1487 [0] $flatten\quire.\seg_adder_vff_in_4.$0$memwr$\arr$/teamspace/studios/this_studio/Melodica-Integration-into-Fife-Core/bsc/lib/Verilog/SizedFIFO.v:206$1469_EN[31:0]$1487 [0] $flatten\quire.\seg_adder_vff_in_4.$0$memwr$\arr$/teamspace/studios/this_studio/Melodica-Integration-into-Fife-Core/bsc/lib/Verilog/SizedFIFO.v:206$1469_EN[31:0]$1487 [0] $flatten\quire.\seg_adder_vff_in_4.$0$memwr$\arr$/teamspace/studios/this_studio/Melodica-Integration-into-Fife-Core/bsc/lib/Verilog/SizedFIFO.v:206$1469_EN[31:0]$1487 [0] $flatten\quire.\seg_adder_vff_in_4.$0$memwr$\arr$/teamspace/studios/this_studio/Melodica-Integration-into-Fife-Core/bsc/lib/Verilog/SizedFIFO.v:206$1469_EN[31:0]$1487 [0] $flatten\quire.\seg_adder_vff_in_4.$0$memwr$\arr$/teamspace/studios/this_studio/Melodica-Integration-into-Fife-Core/bsc/lib/Verilog/SizedFIFO.v:206$1469_EN[31:0]$1487 [0] $flatten\quire.\seg_adder_vff_in_4.$0$memwr$\arr$/teamspace/studios/this_studio/Melodica-Integration-into-Fife-Core/bsc/lib/Verilog/SizedFIFO.v:206$1469_EN[31:0]$1487 [0] $flatten\quire.\seg_adder_vff_in_4.$0$memwr$\arr$/teamspace/studios/this_studio/Melodica-Integration-into-Fife-Core/bsc/lib/Verilog/SizedFIFO.v:206$1469_EN[31:0]$1487 [0] $flatten\quire.\seg_adder_vff_in_4.$0$memwr$\arr$/teamspace/studios/this_studio/Melodica-Integration-into-Fife-Core/bsc/lib/Verilog/SizedFIFO.v:206$1469_EN[31:0]$1487 [0] $flatten\quire.\seg_adder_vff_in_4.$0$memwr$\arr$/teamspace/studios/this_studio/Melodica-Integration-into-Fife-Core/bsc/lib/Verilog/SizedFIFO.v:206$1469_EN[31:0]$1487 [0] $flatten\quire.\seg_adder_vff_in_4.$0$memwr$\arr$/teamspace/studios/this_studio/Melodica-Integration-into-Fife-Core/bsc/lib/Verilog/SizedFIFO.v:206$1469_EN[31:0]$1487 [0] $flatten\quire.\seg_adder_vff_in_4.$0$memwr$\arr$/teamspace/studios/this_studio/Melodica-Integration-into-Fife-Core/bsc/lib/Verilog/SizedFIFO.v:206$1469_EN[31:0]$1487 [0] $flatten\quire.\seg_adder_vff_in_4.$0$memwr$\arr$/teamspace/studios/this_studio/Melodica-Integration-into-Fife-Core/bsc/lib/Verilog/SizedFIFO.v:206$1469_EN[31:0]$1487 [0] $flatten\quire.\seg_adder_vff_in_4.$0$memwr$\arr$/teamspace/studios/this_studio/Melodica-Integration-into-Fife-Core/bsc/lib/Verilog/SizedFIFO.v:206$1469_EN[31:0]$1487 [0] $flatten\quire.\seg_adder_vff_in_4.$0$memwr$\arr$/teamspace/studios/this_studio/Melodica-Integration-into-Fife-Core/bsc/lib/Verilog/SizedFIFO.v:206$1469_EN[31:0]$1487 [0] $flatten\quire.\seg_adder_vff_in_4.$0$memwr$\arr$/teamspace/studios/this_studio/Melodica-Integration-into-Fife-Core/bsc/lib/Verilog/SizedFIFO.v:206$1469_EN[31:0]$1487 [0] $flatten\quire.\seg_adder_vff_in_4.$0$memwr$\arr$/teamspace/studios/this_studio/Melodica-Integration-into-Fife-Core/bsc/lib/Verilog/SizedFIFO.v:206$1469_EN[31:0]$1487 [0] $flatten\quire.\seg_adder_vff_in_4.$0$memwr$\arr$/teamspace/studios/this_studio/Melodica-Integration-into-Fife-Core/bsc/lib/Verilog/SizedFIFO.v:206$1469_EN[31:0]$1487 [0] $flatten\quire.\seg_adder_vff_in_4.$0$memwr$\arr$/teamspace/studios/this_studio/Melodica-Integration-into-Fife-Core/bsc/lib/Verilog/SizedFIFO.v:206$1469_EN[31:0]$1487 [0] $flatten\quire.\seg_adder_vff_in_4.$0$memwr$\arr$/teamspace/studios/this_studio/Melodica-Integration-into-Fife-Core/bsc/lib/Verilog/SizedFIFO.v:206$1469_EN[31:0]$1487 [0] $flatten\quire.\seg_adder_vff_in_4.$0$memwr$\arr$/teamspace/studios/this_studio/Melodica-Integration-into-Fife-Core/bsc/lib/Verilog/SizedFIFO.v:206$1469_EN[31:0]$1487 [0] $flatten\quire.\seg_adder_vff_in_4.$0$memwr$\arr$/teamspace/studios/this_studio/Melodica-Integration-into-Fife-Core/bsc/lib/Verilog/SizedFIFO.v:206$1469_EN[31:0]$1487 [0] $flatten\quire.\seg_adder_vff_in_4.$0$memwr$\arr$/teamspace/studios/this_studio/Melodica-Integration-into-Fife-Core/bsc/lib/Verilog/SizedFIFO.v:206$1469_EN[31:0]$1487 [0] $flatten\quire.\seg_adder_vff_in_4.$0$memwr$\arr$/teamspace/studios/this_studio/Melodica-Integration-into-Fife-Core/bsc/lib/Verilog/SizedFIFO.v:206$1469_EN[31:0]$1487 [0] $flatten\quire.\seg_adder_vff_in_4.$0$memwr$\arr$/teamspace/studios/this_studio/Melodica-Integration-into-Fife-Core/bsc/lib/Verilog/SizedFIFO.v:206$1469_EN[31:0]$1487 [0] $flatten\quire.\seg_adder_vff_in_4.$0$memwr$\arr$/teamspace/studios/this_studio/Melodica-Integration-into-Fife-Core/bsc/lib/Verilog/SizedFIFO.v:206$1469_EN[31:0]$1487 [0] }
    New ctrl vector for $pmux cell $flatten\quire.\seg_adder_vff_in_4.$procmux$1854: { $auto$opt_reduce.cc:134:opt_pmux$2673 $auto$opt_reduce.cc:134:opt_pmux$2671 }
    New ctrl vector for $pmux cell $flatten\quire.\seg_adder_vff_in_4.$procmux$1878: $auto$opt_reduce.cc:134:opt_pmux$2675
    Consolidated identical input bits for $mux cell $flatten\quire.\seg_adder_vff_in_5.$procmux$1846:
      Old ports: A=0, B=32'11111111111111111111111111111111, Y=$flatten\quire.\seg_adder_vff_in_5.$0$memwr$\arr$/teamspace/studios/this_studio/Melodica-Integration-into-Fife-Core/bsc/lib/Verilog/SizedFIFO.v:206$1469_EN[31:0]$1487
      New ports: A=1'0, B=1'1, Y=$flatten\quire.\seg_adder_vff_in_5.$0$memwr$\arr$/teamspace/studios/this_studio/Melodica-Integration-into-Fife-Core/bsc/lib/Verilog/SizedFIFO.v:206$1469_EN[31:0]$1487 [0]
      New connections: $flatten\quire.\seg_adder_vff_in_5.$0$memwr$\arr$/teamspace/studios/this_studio/Melodica-Integration-into-Fife-Core/bsc/lib/Verilog/SizedFIFO.v:206$1469_EN[31:0]$1487 [31:1] = { $flatten\quire.\seg_adder_vff_in_5.$0$memwr$\arr$/teamspace/studios/this_studio/Melodica-Integration-into-Fife-Core/bsc/lib/Verilog/SizedFIFO.v:206$1469_EN[31:0]$1487 [0] $flatten\quire.\seg_adder_vff_in_5.$0$memwr$\arr$/teamspace/studios/this_studio/Melodica-Integration-into-Fife-Core/bsc/lib/Verilog/SizedFIFO.v:206$1469_EN[31:0]$1487 [0] $flatten\quire.\seg_adder_vff_in_5.$0$memwr$\arr$/teamspace/studios/this_studio/Melodica-Integration-into-Fife-Core/bsc/lib/Verilog/SizedFIFO.v:206$1469_EN[31:0]$1487 [0] $flatten\quire.\seg_adder_vff_in_5.$0$memwr$\arr$/teamspace/studios/this_studio/Melodica-Integration-into-Fife-Core/bsc/lib/Verilog/SizedFIFO.v:206$1469_EN[31:0]$1487 [0] $flatten\quire.\seg_adder_vff_in_5.$0$memwr$\arr$/teamspace/studios/this_studio/Melodica-Integration-into-Fife-Core/bsc/lib/Verilog/SizedFIFO.v:206$1469_EN[31:0]$1487 [0] $flatten\quire.\seg_adder_vff_in_5.$0$memwr$\arr$/teamspace/studios/this_studio/Melodica-Integration-into-Fife-Core/bsc/lib/Verilog/SizedFIFO.v:206$1469_EN[31:0]$1487 [0] $flatten\quire.\seg_adder_vff_in_5.$0$memwr$\arr$/teamspace/studios/this_studio/Melodica-Integration-into-Fife-Core/bsc/lib/Verilog/SizedFIFO.v:206$1469_EN[31:0]$1487 [0] $flatten\quire.\seg_adder_vff_in_5.$0$memwr$\arr$/teamspace/studios/this_studio/Melodica-Integration-into-Fife-Core/bsc/lib/Verilog/SizedFIFO.v:206$1469_EN[31:0]$1487 [0] $flatten\quire.\seg_adder_vff_in_5.$0$memwr$\arr$/teamspace/studios/this_studio/Melodica-Integration-into-Fife-Core/bsc/lib/Verilog/SizedFIFO.v:206$1469_EN[31:0]$1487 [0] $flatten\quire.\seg_adder_vff_in_5.$0$memwr$\arr$/teamspace/studios/this_studio/Melodica-Integration-into-Fife-Core/bsc/lib/Verilog/SizedFIFO.v:206$1469_EN[31:0]$1487 [0] $flatten\quire.\seg_adder_vff_in_5.$0$memwr$\arr$/teamspace/studios/this_studio/Melodica-Integration-into-Fife-Core/bsc/lib/Verilog/SizedFIFO.v:206$1469_EN[31:0]$1487 [0] $flatten\quire.\seg_adder_vff_in_5.$0$memwr$\arr$/teamspace/studios/this_studio/Melodica-Integration-into-Fife-Core/bsc/lib/Verilog/SizedFIFO.v:206$1469_EN[31:0]$1487 [0] $flatten\quire.\seg_adder_vff_in_5.$0$memwr$\arr$/teamspace/studios/this_studio/Melodica-Integration-into-Fife-Core/bsc/lib/Verilog/SizedFIFO.v:206$1469_EN[31:0]$1487 [0] $flatten\quire.\seg_adder_vff_in_5.$0$memwr$\arr$/teamspace/studios/this_studio/Melodica-Integration-into-Fife-Core/bsc/lib/Verilog/SizedFIFO.v:206$1469_EN[31:0]$1487 [0] $flatten\quire.\seg_adder_vff_in_5.$0$memwr$\arr$/teamspace/studios/this_studio/Melodica-Integration-into-Fife-Core/bsc/lib/Verilog/SizedFIFO.v:206$1469_EN[31:0]$1487 [0] $flatten\quire.\seg_adder_vff_in_5.$0$memwr$\arr$/teamspace/studios/this_studio/Melodica-Integration-into-Fife-Core/bsc/lib/Verilog/SizedFIFO.v:206$1469_EN[31:0]$1487 [0] $flatten\quire.\seg_adder_vff_in_5.$0$memwr$\arr$/teamspace/studios/this_studio/Melodica-Integration-into-Fife-Core/bsc/lib/Verilog/SizedFIFO.v:206$1469_EN[31:0]$1487 [0] $flatten\quire.\seg_adder_vff_in_5.$0$memwr$\arr$/teamspace/studios/this_studio/Melodica-Integration-into-Fife-Core/bsc/lib/Verilog/SizedFIFO.v:206$1469_EN[31:0]$1487 [0] $flatten\quire.\seg_adder_vff_in_5.$0$memwr$\arr$/teamspace/studios/this_studio/Melodica-Integration-into-Fife-Core/bsc/lib/Verilog/SizedFIFO.v:206$1469_EN[31:0]$1487 [0] $flatten\quire.\seg_adder_vff_in_5.$0$memwr$\arr$/teamspace/studios/this_studio/Melodica-Integration-into-Fife-Core/bsc/lib/Verilog/SizedFIFO.v:206$1469_EN[31:0]$1487 [0] $flatten\quire.\seg_adder_vff_in_5.$0$memwr$\arr$/teamspace/studios/this_studio/Melodica-Integration-into-Fife-Core/bsc/lib/Verilog/SizedFIFO.v:206$1469_EN[31:0]$1487 [0] $flatten\quire.\seg_adder_vff_in_5.$0$memwr$\arr$/teamspace/studios/this_studio/Melodica-Integration-into-Fife-Core/bsc/lib/Verilog/SizedFIFO.v:206$1469_EN[31:0]$1487 [0] $flatten\quire.\seg_adder_vff_in_5.$0$memwr$\arr$/teamspace/studios/this_studio/Melodica-Integration-into-Fife-Core/bsc/lib/Verilog/SizedFIFO.v:206$1469_EN[31:0]$1487 [0] $flatten\quire.\seg_adder_vff_in_5.$0$memwr$\arr$/teamspace/studios/this_studio/Melodica-Integration-into-Fife-Core/bsc/lib/Verilog/SizedFIFO.v:206$1469_EN[31:0]$1487 [0] $flatten\quire.\seg_adder_vff_in_5.$0$memwr$\arr$/teamspace/studios/this_studio/Melodica-Integration-into-Fife-Core/bsc/lib/Verilog/SizedFIFO.v:206$1469_EN[31:0]$1487 [0] $flatten\quire.\seg_adder_vff_in_5.$0$memwr$\arr$/teamspace/studios/this_studio/Melodica-Integration-into-Fife-Core/bsc/lib/Verilog/SizedFIFO.v:206$1469_EN[31:0]$1487 [0] $flatten\quire.\seg_adder_vff_in_5.$0$memwr$\arr$/teamspace/studios/this_studio/Melodica-Integration-into-Fife-Core/bsc/lib/Verilog/SizedFIFO.v:206$1469_EN[31:0]$1487 [0] $flatten\quire.\seg_adder_vff_in_5.$0$memwr$\arr$/teamspace/studios/this_studio/Melodica-Integration-into-Fife-Core/bsc/lib/Verilog/SizedFIFO.v:206$1469_EN[31:0]$1487 [0] $flatten\quire.\seg_adder_vff_in_5.$0$memwr$\arr$/teamspace/studios/this_studio/Melodica-Integration-into-Fife-Core/bsc/lib/Verilog/SizedFIFO.v:206$1469_EN[31:0]$1487 [0] $flatten\quire.\seg_adder_vff_in_5.$0$memwr$\arr$/teamspace/studios/this_studio/Melodica-Integration-into-Fife-Core/bsc/lib/Verilog/SizedFIFO.v:206$1469_EN[31:0]$1487 [0] $flatten\quire.\seg_adder_vff_in_5.$0$memwr$\arr$/teamspace/studios/this_studio/Melodica-Integration-into-Fife-Core/bsc/lib/Verilog/SizedFIFO.v:206$1469_EN[31:0]$1487 [0] }
    New ctrl vector for $pmux cell $flatten\quire.\seg_adder_vff_in_5.$procmux$1854: { $auto$opt_reduce.cc:134:opt_pmux$2679 $auto$opt_reduce.cc:134:opt_pmux$2677 }
    New ctrl vector for $pmux cell $flatten\quire.\seg_adder_vff_in_5.$procmux$1878: $auto$opt_reduce.cc:134:opt_pmux$2681
    Consolidated identical input bits for $mux cell $flatten\quire.\seg_adder_vff_in_6.$procmux$1846:
      Old ports: A=0, B=32'11111111111111111111111111111111, Y=$flatten\quire.\seg_adder_vff_in_6.$0$memwr$\arr$/teamspace/studios/this_studio/Melodica-Integration-into-Fife-Core/bsc/lib/Verilog/SizedFIFO.v:206$1469_EN[31:0]$1487
      New ports: A=1'0, B=1'1, Y=$flatten\quire.\seg_adder_vff_in_6.$0$memwr$\arr$/teamspace/studios/this_studio/Melodica-Integration-into-Fife-Core/bsc/lib/Verilog/SizedFIFO.v:206$1469_EN[31:0]$1487 [0]
      New connections: $flatten\quire.\seg_adder_vff_in_6.$0$memwr$\arr$/teamspace/studios/this_studio/Melodica-Integration-into-Fife-Core/bsc/lib/Verilog/SizedFIFO.v:206$1469_EN[31:0]$1487 [31:1] = { $flatten\quire.\seg_adder_vff_in_6.$0$memwr$\arr$/teamspace/studios/this_studio/Melodica-Integration-into-Fife-Core/bsc/lib/Verilog/SizedFIFO.v:206$1469_EN[31:0]$1487 [0] $flatten\quire.\seg_adder_vff_in_6.$0$memwr$\arr$/teamspace/studios/this_studio/Melodica-Integration-into-Fife-Core/bsc/lib/Verilog/SizedFIFO.v:206$1469_EN[31:0]$1487 [0] $flatten\quire.\seg_adder_vff_in_6.$0$memwr$\arr$/teamspace/studios/this_studio/Melodica-Integration-into-Fife-Core/bsc/lib/Verilog/SizedFIFO.v:206$1469_EN[31:0]$1487 [0] $flatten\quire.\seg_adder_vff_in_6.$0$memwr$\arr$/teamspace/studios/this_studio/Melodica-Integration-into-Fife-Core/bsc/lib/Verilog/SizedFIFO.v:206$1469_EN[31:0]$1487 [0] $flatten\quire.\seg_adder_vff_in_6.$0$memwr$\arr$/teamspace/studios/this_studio/Melodica-Integration-into-Fife-Core/bsc/lib/Verilog/SizedFIFO.v:206$1469_EN[31:0]$1487 [0] $flatten\quire.\seg_adder_vff_in_6.$0$memwr$\arr$/teamspace/studios/this_studio/Melodica-Integration-into-Fife-Core/bsc/lib/Verilog/SizedFIFO.v:206$1469_EN[31:0]$1487 [0] $flatten\quire.\seg_adder_vff_in_6.$0$memwr$\arr$/teamspace/studios/this_studio/Melodica-Integration-into-Fife-Core/bsc/lib/Verilog/SizedFIFO.v:206$1469_EN[31:0]$1487 [0] $flatten\quire.\seg_adder_vff_in_6.$0$memwr$\arr$/teamspace/studios/this_studio/Melodica-Integration-into-Fife-Core/bsc/lib/Verilog/SizedFIFO.v:206$1469_EN[31:0]$1487 [0] $flatten\quire.\seg_adder_vff_in_6.$0$memwr$\arr$/teamspace/studios/this_studio/Melodica-Integration-into-Fife-Core/bsc/lib/Verilog/SizedFIFO.v:206$1469_EN[31:0]$1487 [0] $flatten\quire.\seg_adder_vff_in_6.$0$memwr$\arr$/teamspace/studios/this_studio/Melodica-Integration-into-Fife-Core/bsc/lib/Verilog/SizedFIFO.v:206$1469_EN[31:0]$1487 [0] $flatten\quire.\seg_adder_vff_in_6.$0$memwr$\arr$/teamspace/studios/this_studio/Melodica-Integration-into-Fife-Core/bsc/lib/Verilog/SizedFIFO.v:206$1469_EN[31:0]$1487 [0] $flatten\quire.\seg_adder_vff_in_6.$0$memwr$\arr$/teamspace/studios/this_studio/Melodica-Integration-into-Fife-Core/bsc/lib/Verilog/SizedFIFO.v:206$1469_EN[31:0]$1487 [0] $flatten\quire.\seg_adder_vff_in_6.$0$memwr$\arr$/teamspace/studios/this_studio/Melodica-Integration-into-Fife-Core/bsc/lib/Verilog/SizedFIFO.v:206$1469_EN[31:0]$1487 [0] $flatten\quire.\seg_adder_vff_in_6.$0$memwr$\arr$/teamspace/studios/this_studio/Melodica-Integration-into-Fife-Core/bsc/lib/Verilog/SizedFIFO.v:206$1469_EN[31:0]$1487 [0] $flatten\quire.\seg_adder_vff_in_6.$0$memwr$\arr$/teamspace/studios/this_studio/Melodica-Integration-into-Fife-Core/bsc/lib/Verilog/SizedFIFO.v:206$1469_EN[31:0]$1487 [0] $flatten\quire.\seg_adder_vff_in_6.$0$memwr$\arr$/teamspace/studios/this_studio/Melodica-Integration-into-Fife-Core/bsc/lib/Verilog/SizedFIFO.v:206$1469_EN[31:0]$1487 [0] $flatten\quire.\seg_adder_vff_in_6.$0$memwr$\arr$/teamspace/studios/this_studio/Melodica-Integration-into-Fife-Core/bsc/lib/Verilog/SizedFIFO.v:206$1469_EN[31:0]$1487 [0] $flatten\quire.\seg_adder_vff_in_6.$0$memwr$\arr$/teamspace/studios/this_studio/Melodica-Integration-into-Fife-Core/bsc/lib/Verilog/SizedFIFO.v:206$1469_EN[31:0]$1487 [0] $flatten\quire.\seg_adder_vff_in_6.$0$memwr$\arr$/teamspace/studios/this_studio/Melodica-Integration-into-Fife-Core/bsc/lib/Verilog/SizedFIFO.v:206$1469_EN[31:0]$1487 [0] $flatten\quire.\seg_adder_vff_in_6.$0$memwr$\arr$/teamspace/studios/this_studio/Melodica-Integration-into-Fife-Core/bsc/lib/Verilog/SizedFIFO.v:206$1469_EN[31:0]$1487 [0] $flatten\quire.\seg_adder_vff_in_6.$0$memwr$\arr$/teamspace/studios/this_studio/Melodica-Integration-into-Fife-Core/bsc/lib/Verilog/SizedFIFO.v:206$1469_EN[31:0]$1487 [0] $flatten\quire.\seg_adder_vff_in_6.$0$memwr$\arr$/teamspace/studios/this_studio/Melodica-Integration-into-Fife-Core/bsc/lib/Verilog/SizedFIFO.v:206$1469_EN[31:0]$1487 [0] $flatten\quire.\seg_adder_vff_in_6.$0$memwr$\arr$/teamspace/studios/this_studio/Melodica-Integration-into-Fife-Core/bsc/lib/Verilog/SizedFIFO.v:206$1469_EN[31:0]$1487 [0] $flatten\quire.\seg_adder_vff_in_6.$0$memwr$\arr$/teamspace/studios/this_studio/Melodica-Integration-into-Fife-Core/bsc/lib/Verilog/SizedFIFO.v:206$1469_EN[31:0]$1487 [0] $flatten\quire.\seg_adder_vff_in_6.$0$memwr$\arr$/teamspace/studios/this_studio/Melodica-Integration-into-Fife-Core/bsc/lib/Verilog/SizedFIFO.v:206$1469_EN[31:0]$1487 [0] $flatten\quire.\seg_adder_vff_in_6.$0$memwr$\arr$/teamspace/studios/this_studio/Melodica-Integration-into-Fife-Core/bsc/lib/Verilog/SizedFIFO.v:206$1469_EN[31:0]$1487 [0] $flatten\quire.\seg_adder_vff_in_6.$0$memwr$\arr$/teamspace/studios/this_studio/Melodica-Integration-into-Fife-Core/bsc/lib/Verilog/SizedFIFO.v:206$1469_EN[31:0]$1487 [0] $flatten\quire.\seg_adder_vff_in_6.$0$memwr$\arr$/teamspace/studios/this_studio/Melodica-Integration-into-Fife-Core/bsc/lib/Verilog/SizedFIFO.v:206$1469_EN[31:0]$1487 [0] $flatten\quire.\seg_adder_vff_in_6.$0$memwr$\arr$/teamspace/studios/this_studio/Melodica-Integration-into-Fife-Core/bsc/lib/Verilog/SizedFIFO.v:206$1469_EN[31:0]$1487 [0] $flatten\quire.\seg_adder_vff_in_6.$0$memwr$\arr$/teamspace/studios/this_studio/Melodica-Integration-into-Fife-Core/bsc/lib/Verilog/SizedFIFO.v:206$1469_EN[31:0]$1487 [0] $flatten\quire.\seg_adder_vff_in_6.$0$memwr$\arr$/teamspace/studios/this_studio/Melodica-Integration-into-Fife-Core/bsc/lib/Verilog/SizedFIFO.v:206$1469_EN[31:0]$1487 [0] }
    New ctrl vector for $pmux cell $flatten\quire.\seg_adder_vff_in_6.$procmux$1854: { $auto$opt_reduce.cc:134:opt_pmux$2685 $auto$opt_reduce.cc:134:opt_pmux$2683 }
    New ctrl vector for $pmux cell $flatten\quire.\seg_adder_vff_in_6.$procmux$1878: $auto$opt_reduce.cc:134:opt_pmux$2687
    Consolidated identical input bits for $mux cell $flatten\quire.\seg_adder_vff_in_7.$procmux$1846:
      Old ports: A=0, B=32'11111111111111111111111111111111, Y=$flatten\quire.\seg_adder_vff_in_7.$0$memwr$\arr$/teamspace/studios/this_studio/Melodica-Integration-into-Fife-Core/bsc/lib/Verilog/SizedFIFO.v:206$1469_EN[31:0]$1487
      New ports: A=1'0, B=1'1, Y=$flatten\quire.\seg_adder_vff_in_7.$0$memwr$\arr$/teamspace/studios/this_studio/Melodica-Integration-into-Fife-Core/bsc/lib/Verilog/SizedFIFO.v:206$1469_EN[31:0]$1487 [0]
      New connections: $flatten\quire.\seg_adder_vff_in_7.$0$memwr$\arr$/teamspace/studios/this_studio/Melodica-Integration-into-Fife-Core/bsc/lib/Verilog/SizedFIFO.v:206$1469_EN[31:0]$1487 [31:1] = { $flatten\quire.\seg_adder_vff_in_7.$0$memwr$\arr$/teamspace/studios/this_studio/Melodica-Integration-into-Fife-Core/bsc/lib/Verilog/SizedFIFO.v:206$1469_EN[31:0]$1487 [0] $flatten\quire.\seg_adder_vff_in_7.$0$memwr$\arr$/teamspace/studios/this_studio/Melodica-Integration-into-Fife-Core/bsc/lib/Verilog/SizedFIFO.v:206$1469_EN[31:0]$1487 [0] $flatten\quire.\seg_adder_vff_in_7.$0$memwr$\arr$/teamspace/studios/this_studio/Melodica-Integration-into-Fife-Core/bsc/lib/Verilog/SizedFIFO.v:206$1469_EN[31:0]$1487 [0] $flatten\quire.\seg_adder_vff_in_7.$0$memwr$\arr$/teamspace/studios/this_studio/Melodica-Integration-into-Fife-Core/bsc/lib/Verilog/SizedFIFO.v:206$1469_EN[31:0]$1487 [0] $flatten\quire.\seg_adder_vff_in_7.$0$memwr$\arr$/teamspace/studios/this_studio/Melodica-Integration-into-Fife-Core/bsc/lib/Verilog/SizedFIFO.v:206$1469_EN[31:0]$1487 [0] $flatten\quire.\seg_adder_vff_in_7.$0$memwr$\arr$/teamspace/studios/this_studio/Melodica-Integration-into-Fife-Core/bsc/lib/Verilog/SizedFIFO.v:206$1469_EN[31:0]$1487 [0] $flatten\quire.\seg_adder_vff_in_7.$0$memwr$\arr$/teamspace/studios/this_studio/Melodica-Integration-into-Fife-Core/bsc/lib/Verilog/SizedFIFO.v:206$1469_EN[31:0]$1487 [0] $flatten\quire.\seg_adder_vff_in_7.$0$memwr$\arr$/teamspace/studios/this_studio/Melodica-Integration-into-Fife-Core/bsc/lib/Verilog/SizedFIFO.v:206$1469_EN[31:0]$1487 [0] $flatten\quire.\seg_adder_vff_in_7.$0$memwr$\arr$/teamspace/studios/this_studio/Melodica-Integration-into-Fife-Core/bsc/lib/Verilog/SizedFIFO.v:206$1469_EN[31:0]$1487 [0] $flatten\quire.\seg_adder_vff_in_7.$0$memwr$\arr$/teamspace/studios/this_studio/Melodica-Integration-into-Fife-Core/bsc/lib/Verilog/SizedFIFO.v:206$1469_EN[31:0]$1487 [0] $flatten\quire.\seg_adder_vff_in_7.$0$memwr$\arr$/teamspace/studios/this_studio/Melodica-Integration-into-Fife-Core/bsc/lib/Verilog/SizedFIFO.v:206$1469_EN[31:0]$1487 [0] $flatten\quire.\seg_adder_vff_in_7.$0$memwr$\arr$/teamspace/studios/this_studio/Melodica-Integration-into-Fife-Core/bsc/lib/Verilog/SizedFIFO.v:206$1469_EN[31:0]$1487 [0] $flatten\quire.\seg_adder_vff_in_7.$0$memwr$\arr$/teamspace/studios/this_studio/Melodica-Integration-into-Fife-Core/bsc/lib/Verilog/SizedFIFO.v:206$1469_EN[31:0]$1487 [0] $flatten\quire.\seg_adder_vff_in_7.$0$memwr$\arr$/teamspace/studios/this_studio/Melodica-Integration-into-Fife-Core/bsc/lib/Verilog/SizedFIFO.v:206$1469_EN[31:0]$1487 [0] $flatten\quire.\seg_adder_vff_in_7.$0$memwr$\arr$/teamspace/studios/this_studio/Melodica-Integration-into-Fife-Core/bsc/lib/Verilog/SizedFIFO.v:206$1469_EN[31:0]$1487 [0] $flatten\quire.\seg_adder_vff_in_7.$0$memwr$\arr$/teamspace/studios/this_studio/Melodica-Integration-into-Fife-Core/bsc/lib/Verilog/SizedFIFO.v:206$1469_EN[31:0]$1487 [0] $flatten\quire.\seg_adder_vff_in_7.$0$memwr$\arr$/teamspace/studios/this_studio/Melodica-Integration-into-Fife-Core/bsc/lib/Verilog/SizedFIFO.v:206$1469_EN[31:0]$1487 [0] $flatten\quire.\seg_adder_vff_in_7.$0$memwr$\arr$/teamspace/studios/this_studio/Melodica-Integration-into-Fife-Core/bsc/lib/Verilog/SizedFIFO.v:206$1469_EN[31:0]$1487 [0] $flatten\quire.\seg_adder_vff_in_7.$0$memwr$\arr$/teamspace/studios/this_studio/Melodica-Integration-into-Fife-Core/bsc/lib/Verilog/SizedFIFO.v:206$1469_EN[31:0]$1487 [0] $flatten\quire.\seg_adder_vff_in_7.$0$memwr$\arr$/teamspace/studios/this_studio/Melodica-Integration-into-Fife-Core/bsc/lib/Verilog/SizedFIFO.v:206$1469_EN[31:0]$1487 [0] $flatten\quire.\seg_adder_vff_in_7.$0$memwr$\arr$/teamspace/studios/this_studio/Melodica-Integration-into-Fife-Core/bsc/lib/Verilog/SizedFIFO.v:206$1469_EN[31:0]$1487 [0] $flatten\quire.\seg_adder_vff_in_7.$0$memwr$\arr$/teamspace/studios/this_studio/Melodica-Integration-into-Fife-Core/bsc/lib/Verilog/SizedFIFO.v:206$1469_EN[31:0]$1487 [0] $flatten\quire.\seg_adder_vff_in_7.$0$memwr$\arr$/teamspace/studios/this_studio/Melodica-Integration-into-Fife-Core/bsc/lib/Verilog/SizedFIFO.v:206$1469_EN[31:0]$1487 [0] $flatten\quire.\seg_adder_vff_in_7.$0$memwr$\arr$/teamspace/studios/this_studio/Melodica-Integration-into-Fife-Core/bsc/lib/Verilog/SizedFIFO.v:206$1469_EN[31:0]$1487 [0] $flatten\quire.\seg_adder_vff_in_7.$0$memwr$\arr$/teamspace/studios/this_studio/Melodica-Integration-into-Fife-Core/bsc/lib/Verilog/SizedFIFO.v:206$1469_EN[31:0]$1487 [0] $flatten\quire.\seg_adder_vff_in_7.$0$memwr$\arr$/teamspace/studios/this_studio/Melodica-Integration-into-Fife-Core/bsc/lib/Verilog/SizedFIFO.v:206$1469_EN[31:0]$1487 [0] $flatten\quire.\seg_adder_vff_in_7.$0$memwr$\arr$/teamspace/studios/this_studio/Melodica-Integration-into-Fife-Core/bsc/lib/Verilog/SizedFIFO.v:206$1469_EN[31:0]$1487 [0] $flatten\quire.\seg_adder_vff_in_7.$0$memwr$\arr$/teamspace/studios/this_studio/Melodica-Integration-into-Fife-Core/bsc/lib/Verilog/SizedFIFO.v:206$1469_EN[31:0]$1487 [0] $flatten\quire.\seg_adder_vff_in_7.$0$memwr$\arr$/teamspace/studios/this_studio/Melodica-Integration-into-Fife-Core/bsc/lib/Verilog/SizedFIFO.v:206$1469_EN[31:0]$1487 [0] $flatten\quire.\seg_adder_vff_in_7.$0$memwr$\arr$/teamspace/studios/this_studio/Melodica-Integration-into-Fife-Core/bsc/lib/Verilog/SizedFIFO.v:206$1469_EN[31:0]$1487 [0] $flatten\quire.\seg_adder_vff_in_7.$0$memwr$\arr$/teamspace/studios/this_studio/Melodica-Integration-into-Fife-Core/bsc/lib/Verilog/SizedFIFO.v:206$1469_EN[31:0]$1487 [0] }
    New ctrl vector for $pmux cell $flatten\quire.\seg_adder_vff_in_7.$procmux$1854: { $auto$opt_reduce.cc:134:opt_pmux$2691 $auto$opt_reduce.cc:134:opt_pmux$2689 }
    New ctrl vector for $pmux cell $flatten\quire.\seg_adder_vff_in_7.$procmux$1878: $auto$opt_reduce.cc:134:opt_pmux$2693
    Consolidated identical input bits for $mux cell $flatten\quire.\seg_adder_vff_in_8.$procmux$1846:
      Old ports: A=0, B=32'11111111111111111111111111111111, Y=$flatten\quire.\seg_adder_vff_in_8.$0$memwr$\arr$/teamspace/studios/this_studio/Melodica-Integration-into-Fife-Core/bsc/lib/Verilog/SizedFIFO.v:206$1469_EN[31:0]$1487
      New ports: A=1'0, B=1'1, Y=$flatten\quire.\seg_adder_vff_in_8.$0$memwr$\arr$/teamspace/studios/this_studio/Melodica-Integration-into-Fife-Core/bsc/lib/Verilog/SizedFIFO.v:206$1469_EN[31:0]$1487 [0]
      New connections: $flatten\quire.\seg_adder_vff_in_8.$0$memwr$\arr$/teamspace/studios/this_studio/Melodica-Integration-into-Fife-Core/bsc/lib/Verilog/SizedFIFO.v:206$1469_EN[31:0]$1487 [31:1] = { $flatten\quire.\seg_adder_vff_in_8.$0$memwr$\arr$/teamspace/studios/this_studio/Melodica-Integration-into-Fife-Core/bsc/lib/Verilog/SizedFIFO.v:206$1469_EN[31:0]$1487 [0] $flatten\quire.\seg_adder_vff_in_8.$0$memwr$\arr$/teamspace/studios/this_studio/Melodica-Integration-into-Fife-Core/bsc/lib/Verilog/SizedFIFO.v:206$1469_EN[31:0]$1487 [0] $flatten\quire.\seg_adder_vff_in_8.$0$memwr$\arr$/teamspace/studios/this_studio/Melodica-Integration-into-Fife-Core/bsc/lib/Verilog/SizedFIFO.v:206$1469_EN[31:0]$1487 [0] $flatten\quire.\seg_adder_vff_in_8.$0$memwr$\arr$/teamspace/studios/this_studio/Melodica-Integration-into-Fife-Core/bsc/lib/Verilog/SizedFIFO.v:206$1469_EN[31:0]$1487 [0] $flatten\quire.\seg_adder_vff_in_8.$0$memwr$\arr$/teamspace/studios/this_studio/Melodica-Integration-into-Fife-Core/bsc/lib/Verilog/SizedFIFO.v:206$1469_EN[31:0]$1487 [0] $flatten\quire.\seg_adder_vff_in_8.$0$memwr$\arr$/teamspace/studios/this_studio/Melodica-Integration-into-Fife-Core/bsc/lib/Verilog/SizedFIFO.v:206$1469_EN[31:0]$1487 [0] $flatten\quire.\seg_adder_vff_in_8.$0$memwr$\arr$/teamspace/studios/this_studio/Melodica-Integration-into-Fife-Core/bsc/lib/Verilog/SizedFIFO.v:206$1469_EN[31:0]$1487 [0] $flatten\quire.\seg_adder_vff_in_8.$0$memwr$\arr$/teamspace/studios/this_studio/Melodica-Integration-into-Fife-Core/bsc/lib/Verilog/SizedFIFO.v:206$1469_EN[31:0]$1487 [0] $flatten\quire.\seg_adder_vff_in_8.$0$memwr$\arr$/teamspace/studios/this_studio/Melodica-Integration-into-Fife-Core/bsc/lib/Verilog/SizedFIFO.v:206$1469_EN[31:0]$1487 [0] $flatten\quire.\seg_adder_vff_in_8.$0$memwr$\arr$/teamspace/studios/this_studio/Melodica-Integration-into-Fife-Core/bsc/lib/Verilog/SizedFIFO.v:206$1469_EN[31:0]$1487 [0] $flatten\quire.\seg_adder_vff_in_8.$0$memwr$\arr$/teamspace/studios/this_studio/Melodica-Integration-into-Fife-Core/bsc/lib/Verilog/SizedFIFO.v:206$1469_EN[31:0]$1487 [0] $flatten\quire.\seg_adder_vff_in_8.$0$memwr$\arr$/teamspace/studios/this_studio/Melodica-Integration-into-Fife-Core/bsc/lib/Verilog/SizedFIFO.v:206$1469_EN[31:0]$1487 [0] $flatten\quire.\seg_adder_vff_in_8.$0$memwr$\arr$/teamspace/studios/this_studio/Melodica-Integration-into-Fife-Core/bsc/lib/Verilog/SizedFIFO.v:206$1469_EN[31:0]$1487 [0] $flatten\quire.\seg_adder_vff_in_8.$0$memwr$\arr$/teamspace/studios/this_studio/Melodica-Integration-into-Fife-Core/bsc/lib/Verilog/SizedFIFO.v:206$1469_EN[31:0]$1487 [0] $flatten\quire.\seg_adder_vff_in_8.$0$memwr$\arr$/teamspace/studios/this_studio/Melodica-Integration-into-Fife-Core/bsc/lib/Verilog/SizedFIFO.v:206$1469_EN[31:0]$1487 [0] $flatten\quire.\seg_adder_vff_in_8.$0$memwr$\arr$/teamspace/studios/this_studio/Melodica-Integration-into-Fife-Core/bsc/lib/Verilog/SizedFIFO.v:206$1469_EN[31:0]$1487 [0] $flatten\quire.\seg_adder_vff_in_8.$0$memwr$\arr$/teamspace/studios/this_studio/Melodica-Integration-into-Fife-Core/bsc/lib/Verilog/SizedFIFO.v:206$1469_EN[31:0]$1487 [0] $flatten\quire.\seg_adder_vff_in_8.$0$memwr$\arr$/teamspace/studios/this_studio/Melodica-Integration-into-Fife-Core/bsc/lib/Verilog/SizedFIFO.v:206$1469_EN[31:0]$1487 [0] $flatten\quire.\seg_adder_vff_in_8.$0$memwr$\arr$/teamspace/studios/this_studio/Melodica-Integration-into-Fife-Core/bsc/lib/Verilog/SizedFIFO.v:206$1469_EN[31:0]$1487 [0] $flatten\quire.\seg_adder_vff_in_8.$0$memwr$\arr$/teamspace/studios/this_studio/Melodica-Integration-into-Fife-Core/bsc/lib/Verilog/SizedFIFO.v:206$1469_EN[31:0]$1487 [0] $flatten\quire.\seg_adder_vff_in_8.$0$memwr$\arr$/teamspace/studios/this_studio/Melodica-Integration-into-Fife-Core/bsc/lib/Verilog/SizedFIFO.v:206$1469_EN[31:0]$1487 [0] $flatten\quire.\seg_adder_vff_in_8.$0$memwr$\arr$/teamspace/studios/this_studio/Melodica-Integration-into-Fife-Core/bsc/lib/Verilog/SizedFIFO.v:206$1469_EN[31:0]$1487 [0] $flatten\quire.\seg_adder_vff_in_8.$0$memwr$\arr$/teamspace/studios/this_studio/Melodica-Integration-into-Fife-Core/bsc/lib/Verilog/SizedFIFO.v:206$1469_EN[31:0]$1487 [0] $flatten\quire.\seg_adder_vff_in_8.$0$memwr$\arr$/teamspace/studios/this_studio/Melodica-Integration-into-Fife-Core/bsc/lib/Verilog/SizedFIFO.v:206$1469_EN[31:0]$1487 [0] $flatten\quire.\seg_adder_vff_in_8.$0$memwr$\arr$/teamspace/studios/this_studio/Melodica-Integration-into-Fife-Core/bsc/lib/Verilog/SizedFIFO.v:206$1469_EN[31:0]$1487 [0] $flatten\quire.\seg_adder_vff_in_8.$0$memwr$\arr$/teamspace/studios/this_studio/Melodica-Integration-into-Fife-Core/bsc/lib/Verilog/SizedFIFO.v:206$1469_EN[31:0]$1487 [0] $flatten\quire.\seg_adder_vff_in_8.$0$memwr$\arr$/teamspace/studios/this_studio/Melodica-Integration-into-Fife-Core/bsc/lib/Verilog/SizedFIFO.v:206$1469_EN[31:0]$1487 [0] $flatten\quire.\seg_adder_vff_in_8.$0$memwr$\arr$/teamspace/studios/this_studio/Melodica-Integration-into-Fife-Core/bsc/lib/Verilog/SizedFIFO.v:206$1469_EN[31:0]$1487 [0] $flatten\quire.\seg_adder_vff_in_8.$0$memwr$\arr$/teamspace/studios/this_studio/Melodica-Integration-into-Fife-Core/bsc/lib/Verilog/SizedFIFO.v:206$1469_EN[31:0]$1487 [0] $flatten\quire.\seg_adder_vff_in_8.$0$memwr$\arr$/teamspace/studios/this_studio/Melodica-Integration-into-Fife-Core/bsc/lib/Verilog/SizedFIFO.v:206$1469_EN[31:0]$1487 [0] $flatten\quire.\seg_adder_vff_in_8.$0$memwr$\arr$/teamspace/studios/this_studio/Melodica-Integration-into-Fife-Core/bsc/lib/Verilog/SizedFIFO.v:206$1469_EN[31:0]$1487 [0] }
    New ctrl vector for $pmux cell $flatten\quire.\seg_adder_vff_in_8.$procmux$1854: { $auto$opt_reduce.cc:134:opt_pmux$2697 $auto$opt_reduce.cc:134:opt_pmux$2695 }
    New ctrl vector for $pmux cell $flatten\quire.\seg_adder_vff_in_8.$procmux$1878: $auto$opt_reduce.cc:134:opt_pmux$2699
    Consolidated identical input bits for $mux cell $flatten\quire.\seg_adder_vff_in_9.$procmux$1846:
      Old ports: A=0, B=32'11111111111111111111111111111111, Y=$flatten\quire.\seg_adder_vff_in_9.$0$memwr$\arr$/teamspace/studios/this_studio/Melodica-Integration-into-Fife-Core/bsc/lib/Verilog/SizedFIFO.v:206$1469_EN[31:0]$1487
      New ports: A=1'0, B=1'1, Y=$flatten\quire.\seg_adder_vff_in_9.$0$memwr$\arr$/teamspace/studios/this_studio/Melodica-Integration-into-Fife-Core/bsc/lib/Verilog/SizedFIFO.v:206$1469_EN[31:0]$1487 [0]
      New connections: $flatten\quire.\seg_adder_vff_in_9.$0$memwr$\arr$/teamspace/studios/this_studio/Melodica-Integration-into-Fife-Core/bsc/lib/Verilog/SizedFIFO.v:206$1469_EN[31:0]$1487 [31:1] = { $flatten\quire.\seg_adder_vff_in_9.$0$memwr$\arr$/teamspace/studios/this_studio/Melodica-Integration-into-Fife-Core/bsc/lib/Verilog/SizedFIFO.v:206$1469_EN[31:0]$1487 [0] $flatten\quire.\seg_adder_vff_in_9.$0$memwr$\arr$/teamspace/studios/this_studio/Melodica-Integration-into-Fife-Core/bsc/lib/Verilog/SizedFIFO.v:206$1469_EN[31:0]$1487 [0] $flatten\quire.\seg_adder_vff_in_9.$0$memwr$\arr$/teamspace/studios/this_studio/Melodica-Integration-into-Fife-Core/bsc/lib/Verilog/SizedFIFO.v:206$1469_EN[31:0]$1487 [0] $flatten\quire.\seg_adder_vff_in_9.$0$memwr$\arr$/teamspace/studios/this_studio/Melodica-Integration-into-Fife-Core/bsc/lib/Verilog/SizedFIFO.v:206$1469_EN[31:0]$1487 [0] $flatten\quire.\seg_adder_vff_in_9.$0$memwr$\arr$/teamspace/studios/this_studio/Melodica-Integration-into-Fife-Core/bsc/lib/Verilog/SizedFIFO.v:206$1469_EN[31:0]$1487 [0] $flatten\quire.\seg_adder_vff_in_9.$0$memwr$\arr$/teamspace/studios/this_studio/Melodica-Integration-into-Fife-Core/bsc/lib/Verilog/SizedFIFO.v:206$1469_EN[31:0]$1487 [0] $flatten\quire.\seg_adder_vff_in_9.$0$memwr$\arr$/teamspace/studios/this_studio/Melodica-Integration-into-Fife-Core/bsc/lib/Verilog/SizedFIFO.v:206$1469_EN[31:0]$1487 [0] $flatten\quire.\seg_adder_vff_in_9.$0$memwr$\arr$/teamspace/studios/this_studio/Melodica-Integration-into-Fife-Core/bsc/lib/Verilog/SizedFIFO.v:206$1469_EN[31:0]$1487 [0] $flatten\quire.\seg_adder_vff_in_9.$0$memwr$\arr$/teamspace/studios/this_studio/Melodica-Integration-into-Fife-Core/bsc/lib/Verilog/SizedFIFO.v:206$1469_EN[31:0]$1487 [0] $flatten\quire.\seg_adder_vff_in_9.$0$memwr$\arr$/teamspace/studios/this_studio/Melodica-Integration-into-Fife-Core/bsc/lib/Verilog/SizedFIFO.v:206$1469_EN[31:0]$1487 [0] $flatten\quire.\seg_adder_vff_in_9.$0$memwr$\arr$/teamspace/studios/this_studio/Melodica-Integration-into-Fife-Core/bsc/lib/Verilog/SizedFIFO.v:206$1469_EN[31:0]$1487 [0] $flatten\quire.\seg_adder_vff_in_9.$0$memwr$\arr$/teamspace/studios/this_studio/Melodica-Integration-into-Fife-Core/bsc/lib/Verilog/SizedFIFO.v:206$1469_EN[31:0]$1487 [0] $flatten\quire.\seg_adder_vff_in_9.$0$memwr$\arr$/teamspace/studios/this_studio/Melodica-Integration-into-Fife-Core/bsc/lib/Verilog/SizedFIFO.v:206$1469_EN[31:0]$1487 [0] $flatten\quire.\seg_adder_vff_in_9.$0$memwr$\arr$/teamspace/studios/this_studio/Melodica-Integration-into-Fife-Core/bsc/lib/Verilog/SizedFIFO.v:206$1469_EN[31:0]$1487 [0] $flatten\quire.\seg_adder_vff_in_9.$0$memwr$\arr$/teamspace/studios/this_studio/Melodica-Integration-into-Fife-Core/bsc/lib/Verilog/SizedFIFO.v:206$1469_EN[31:0]$1487 [0] $flatten\quire.\seg_adder_vff_in_9.$0$memwr$\arr$/teamspace/studios/this_studio/Melodica-Integration-into-Fife-Core/bsc/lib/Verilog/SizedFIFO.v:206$1469_EN[31:0]$1487 [0] $flatten\quire.\seg_adder_vff_in_9.$0$memwr$\arr$/teamspace/studios/this_studio/Melodica-Integration-into-Fife-Core/bsc/lib/Verilog/SizedFIFO.v:206$1469_EN[31:0]$1487 [0] $flatten\quire.\seg_adder_vff_in_9.$0$memwr$\arr$/teamspace/studios/this_studio/Melodica-Integration-into-Fife-Core/bsc/lib/Verilog/SizedFIFO.v:206$1469_EN[31:0]$1487 [0] $flatten\quire.\seg_adder_vff_in_9.$0$memwr$\arr$/teamspace/studios/this_studio/Melodica-Integration-into-Fife-Core/bsc/lib/Verilog/SizedFIFO.v:206$1469_EN[31:0]$1487 [0] $flatten\quire.\seg_adder_vff_in_9.$0$memwr$\arr$/teamspace/studios/this_studio/Melodica-Integration-into-Fife-Core/bsc/lib/Verilog/SizedFIFO.v:206$1469_EN[31:0]$1487 [0] $flatten\quire.\seg_adder_vff_in_9.$0$memwr$\arr$/teamspace/studios/this_studio/Melodica-Integration-into-Fife-Core/bsc/lib/Verilog/SizedFIFO.v:206$1469_EN[31:0]$1487 [0] $flatten\quire.\seg_adder_vff_in_9.$0$memwr$\arr$/teamspace/studios/this_studio/Melodica-Integration-into-Fife-Core/bsc/lib/Verilog/SizedFIFO.v:206$1469_EN[31:0]$1487 [0] $flatten\quire.\seg_adder_vff_in_9.$0$memwr$\arr$/teamspace/studios/this_studio/Melodica-Integration-into-Fife-Core/bsc/lib/Verilog/SizedFIFO.v:206$1469_EN[31:0]$1487 [0] $flatten\quire.\seg_adder_vff_in_9.$0$memwr$\arr$/teamspace/studios/this_studio/Melodica-Integration-into-Fife-Core/bsc/lib/Verilog/SizedFIFO.v:206$1469_EN[31:0]$1487 [0] $flatten\quire.\seg_adder_vff_in_9.$0$memwr$\arr$/teamspace/studios/this_studio/Melodica-Integration-into-Fife-Core/bsc/lib/Verilog/SizedFIFO.v:206$1469_EN[31:0]$1487 [0] $flatten\quire.\seg_adder_vff_in_9.$0$memwr$\arr$/teamspace/studios/this_studio/Melodica-Integration-into-Fife-Core/bsc/lib/Verilog/SizedFIFO.v:206$1469_EN[31:0]$1487 [0] $flatten\quire.\seg_adder_vff_in_9.$0$memwr$\arr$/teamspace/studios/this_studio/Melodica-Integration-into-Fife-Core/bsc/lib/Verilog/SizedFIFO.v:206$1469_EN[31:0]$1487 [0] $flatten\quire.\seg_adder_vff_in_9.$0$memwr$\arr$/teamspace/studios/this_studio/Melodica-Integration-into-Fife-Core/bsc/lib/Verilog/SizedFIFO.v:206$1469_EN[31:0]$1487 [0] $flatten\quire.\seg_adder_vff_in_9.$0$memwr$\arr$/teamspace/studios/this_studio/Melodica-Integration-into-Fife-Core/bsc/lib/Verilog/SizedFIFO.v:206$1469_EN[31:0]$1487 [0] $flatten\quire.\seg_adder_vff_in_9.$0$memwr$\arr$/teamspace/studios/this_studio/Melodica-Integration-into-Fife-Core/bsc/lib/Verilog/SizedFIFO.v:206$1469_EN[31:0]$1487 [0] $flatten\quire.\seg_adder_vff_in_9.$0$memwr$\arr$/teamspace/studios/this_studio/Melodica-Integration-into-Fife-Core/bsc/lib/Verilog/SizedFIFO.v:206$1469_EN[31:0]$1487 [0] }
    New ctrl vector for $pmux cell $flatten\quire.\seg_adder_vff_in_9.$procmux$1854: { $auto$opt_reduce.cc:134:opt_pmux$2703 $auto$opt_reduce.cc:134:opt_pmux$2701 }
    New ctrl vector for $pmux cell $flatten\quire.\seg_adder_vff_in_9.$procmux$1878: $auto$opt_reduce.cc:134:opt_pmux$2705
  Optimizing cells in module \mkPositCore.
Performed a total of 78 changes.

14.7.5. Executing OPT_MERGE pass (detect identical cells).
Finding identical cells in module `\mkPositCore'.
<suppressed ~93 debug messages>
Removed a total of 31 cells.

14.7.6. Executing OPT_DFF pass (perform DFF optimizations).

14.7.7. Executing OPT_CLEAN pass (remove unused cells and wires).
Finding unused cells or wires in module \mkPositCore..
Removed 0 unused cells and 785 unused wires.
<suppressed ~1 debug messages>

14.7.8. Executing OPT_EXPR pass (perform const folding).
Optimizing module mkPositCore.

14.7.9. Rerunning OPT passes. (Maybe there is more to do..)

14.7.10. Executing OPT_MUXTREE pass (detect dead branches in mux trees).
Running muxtree optimizer on module \mkPositCore..
  Creating internal representation of mux trees.
  Evaluating internal representation of mux trees.
  Analyzing evaluation results.
Removed 0 multiplexer ports.
<suppressed ~461 debug messages>

14.7.11. Executing OPT_REDUCE pass (consolidate $*mux and $reduce_* inputs).
  Optimizing cells in module \mkPositCore.
Performed a total of 0 changes.

14.7.12. Executing OPT_MERGE pass (detect identical cells).
Finding identical cells in module `\mkPositCore'.
Removed a total of 0 cells.

14.7.13. Executing OPT_DFF pass (perform DFF optimizations).

14.7.14. Executing OPT_CLEAN pass (remove unused cells and wires).
Finding unused cells or wires in module \mkPositCore..

14.7.15. Executing OPT_EXPR pass (perform const folding).
Optimizing module mkPositCore.

14.7.16. Finished OPT passes. (There is nothing left to do.)

14.8. Executing FSM pass (extract and optimize FSM).

14.8.1. Executing FSM_DETECT pass (finding FSMs in design).
Not marking mkPositCore.quire.zero_counter_rg_numZeroSegs as FSM state register:
    Users of register don't seem to benefit from recoding.

14.8.2. Executing FSM_EXTRACT pass (extracting FSM from design).

14.8.3. Executing FSM_OPT pass (simple optimizations of FSMs).

14.8.4. Executing OPT_CLEAN pass (remove unused cells and wires).
Finding unused cells or wires in module \mkPositCore..

14.8.5. Executing FSM_OPT pass (simple optimizations of FSMs).

14.8.6. Executing FSM_RECODE pass (re-assigning FSM state encoding).

14.8.7. Executing FSM_INFO pass (dumping all available information on FSM cells).

14.8.8. Executing FSM_MAP pass (mapping FSMs to basic logic).

14.9. Executing OPT pass (performing simple optimizations).

14.9.1. Executing OPT_EXPR pass (perform const folding).
Optimizing module mkPositCore.

14.9.2. Executing OPT_MERGE pass (detect identical cells).
Finding identical cells in module `\mkPositCore'.
Removed a total of 0 cells.

14.9.3. Executing OPT_MUXTREE pass (detect dead branches in mux trees).
Running muxtree optimizer on module \mkPositCore..
  Creating internal representation of mux trees.
  Evaluating internal representation of mux trees.
  Analyzing evaluation results.
Removed 0 multiplexer ports.
<suppressed ~461 debug messages>

14.9.4. Executing OPT_REDUCE pass (consolidate $*mux and $reduce_* inputs).
  Optimizing cells in module \mkPositCore.
Performed a total of 0 changes.

14.9.5. Executing OPT_MERGE pass (detect identical cells).
Finding identical cells in module `\mkPositCore'.
Removed a total of 0 cells.

14.9.6. Executing OPT_DFF pass (perform DFF optimizations).
Adding SRST signal on $procdff$2445 ($dff) from module mkPositCore (D = $procmux$1903_Y, Q = \rg_inflight, rval = 8'00000000).
Adding EN signal on $auto$ff.cc:266:slice$2706 ($sdff) from module mkPositCore (D = \rg_inflight$D_IN, Q = \rg_inflight).
Adding SRST signal on $flatten\quire.\seg_adder_vff_in_9.$procdff$2444 ($dff) from module mkPositCore (D = $flatten\quire.\seg_adder_vff_in_9.$procmux$1860_Y, Q = \quire.seg_adder_vff_in_9.hasodata, rval = 1'0).
Adding EN signal on $auto$ff.cc:266:slice$2708 ($sdff) from module mkPositCore (D = $flatten\quire.\seg_adder_vff_in_9.$procmux$1860_Y, Q = \quire.seg_adder_vff_in_9.hasodata).
Adding SRST signal on $flatten\quire.\seg_adder_vff_in_9.$procdff$2443 ($dff) from module mkPositCore (D = $flatten\quire.\seg_adder_vff_in_9.$procmux$1869_Y, Q = \quire.seg_adder_vff_in_9.tail, rval = 2'00).
Adding EN signal on $auto$ff.cc:266:slice$2712 ($sdff) from module mkPositCore (D = $flatten\quire.\seg_adder_vff_in_9.$procmux$1869_Y, Q = \quire.seg_adder_vff_in_9.tail).
Adding SRST signal on $flatten\quire.\seg_adder_vff_in_9.$procdff$2442 ($dff) from module mkPositCore (D = $flatten\quire.\seg_adder_vff_in_9.$procmux$1878_Y, Q = \quire.seg_adder_vff_in_9.head, rval = 2'00).
Adding EN signal on $auto$ff.cc:266:slice$2720 ($sdff) from module mkPositCore (D = \quire.seg_adder_vff_in_9.next_head, Q = \quire.seg_adder_vff_in_9.head).
Adding SRST signal on $flatten\quire.\seg_adder_vff_in_9.$procdff$2441 ($dff) from module mkPositCore (D = $flatten\quire.\seg_adder_vff_in_9.$procmux$1887_Y, Q = \quire.seg_adder_vff_in_9.ring_empty, rval = 1'1).
Adding EN signal on $auto$ff.cc:266:slice$2722 ($sdff) from module mkPositCore (D = $flatten\quire.\seg_adder_vff_in_9.$procmux$1887_Y, Q = \quire.seg_adder_vff_in_9.ring_empty).
Adding SRST signal on $flatten\quire.\seg_adder_vff_in_9.$procdff$2440 ($dff) from module mkPositCore (D = $flatten\quire.\seg_adder_vff_in_9.$procmux$1896_Y, Q = \quire.seg_adder_vff_in_9.not_ring_full, rval = 1'1).
Adding EN signal on $auto$ff.cc:266:slice$2730 ($sdff) from module mkPositCore (D = $flatten\quire.\seg_adder_vff_in_9.$procmux$1896_Y, Q = \quire.seg_adder_vff_in_9.not_ring_full).
Adding EN signal on $flatten\quire.\seg_adder_vff_in_9.$procdff$2439 ($dff) from module mkPositCore (D = $flatten\quire.\seg_adder_vff_in_9.$0\D_OUT[31:0], Q = \quire.seg_adder_vff_in_9.D_OUT).
Adding SRST signal on $flatten\quire.\seg_adder_vff_in_8.$procdff$2444 ($dff) from module mkPositCore (D = $flatten\quire.\seg_adder_vff_in_8.$procmux$1860_Y, Q = \quire.seg_adder_vff_in_8.hasodata, rval = 1'0).
Adding EN signal on $auto$ff.cc:266:slice$2737 ($sdff) from module mkPositCore (D = $flatten\quire.\seg_adder_vff_in_8.$procmux$1860_Y, Q = \quire.seg_adder_vff_in_8.hasodata).
Adding SRST signal on $flatten\quire.\seg_adder_vff_in_8.$procdff$2443 ($dff) from module mkPositCore (D = $flatten\quire.\seg_adder_vff_in_8.$procmux$1869_Y, Q = \quire.seg_adder_vff_in_8.tail, rval = 2'00).
Adding EN signal on $auto$ff.cc:266:slice$2741 ($sdff) from module mkPositCore (D = $flatten\quire.\seg_adder_vff_in_8.$procmux$1869_Y, Q = \quire.seg_adder_vff_in_8.tail).
Adding SRST signal on $flatten\quire.\seg_adder_vff_in_8.$procdff$2442 ($dff) from module mkPositCore (D = $flatten\quire.\seg_adder_vff_in_8.$procmux$1878_Y, Q = \quire.seg_adder_vff_in_8.head, rval = 2'00).
Adding EN signal on $auto$ff.cc:266:slice$2749 ($sdff) from module mkPositCore (D = \quire.seg_adder_vff_in_8.next_head, Q = \quire.seg_adder_vff_in_8.head).
Adding SRST signal on $flatten\quire.\seg_adder_vff_in_8.$procdff$2441 ($dff) from module mkPositCore (D = $flatten\quire.\seg_adder_vff_in_8.$procmux$1887_Y, Q = \quire.seg_adder_vff_in_8.ring_empty, rval = 1'1).
Adding EN signal on $auto$ff.cc:266:slice$2751 ($sdff) from module mkPositCore (D = $flatten\quire.\seg_adder_vff_in_8.$procmux$1887_Y, Q = \quire.seg_adder_vff_in_8.ring_empty).
Adding SRST signal on $flatten\quire.\seg_adder_vff_in_8.$procdff$2440 ($dff) from module mkPositCore (D = $flatten\quire.\seg_adder_vff_in_8.$procmux$1896_Y, Q = \quire.seg_adder_vff_in_8.not_ring_full, rval = 1'1).
Adding EN signal on $auto$ff.cc:266:slice$2759 ($sdff) from module mkPositCore (D = $flatten\quire.\seg_adder_vff_in_8.$procmux$1896_Y, Q = \quire.seg_adder_vff_in_8.not_ring_full).
Adding EN signal on $flatten\quire.\seg_adder_vff_in_8.$procdff$2439 ($dff) from module mkPositCore (D = $flatten\quire.\seg_adder_vff_in_8.$0\D_OUT[31:0], Q = \quire.seg_adder_vff_in_8.D_OUT).
Adding SRST signal on $flatten\quire.\seg_adder_vff_in_7.$procdff$2444 ($dff) from module mkPositCore (D = $flatten\quire.\seg_adder_vff_in_7.$procmux$1860_Y, Q = \quire.seg_adder_vff_in_7.hasodata, rval = 1'0).
Adding EN signal on $auto$ff.cc:266:slice$2766 ($sdff) from module mkPositCore (D = $flatten\quire.\seg_adder_vff_in_7.$procmux$1860_Y, Q = \quire.seg_adder_vff_in_7.hasodata).
Adding SRST signal on $flatten\quire.\seg_adder_vff_in_7.$procdff$2443 ($dff) from module mkPositCore (D = $flatten\quire.\seg_adder_vff_in_7.$procmux$1869_Y, Q = \quire.seg_adder_vff_in_7.tail, rval = 2'00).
Adding EN signal on $auto$ff.cc:266:slice$2770 ($sdff) from module mkPositCore (D = $flatten\quire.\seg_adder_vff_in_7.$procmux$1869_Y, Q = \quire.seg_adder_vff_in_7.tail).
Adding SRST signal on $flatten\quire.\seg_adder_vff_in_7.$procdff$2442 ($dff) from module mkPositCore (D = $flatten\quire.\seg_adder_vff_in_7.$procmux$1878_Y, Q = \quire.seg_adder_vff_in_7.head, rval = 2'00).
Adding EN signal on $auto$ff.cc:266:slice$2778 ($sdff) from module mkPositCore (D = \quire.seg_adder_vff_in_7.next_head, Q = \quire.seg_adder_vff_in_7.head).
Adding SRST signal on $flatten\quire.\seg_adder_vff_in_7.$procdff$2441 ($dff) from module mkPositCore (D = $flatten\quire.\seg_adder_vff_in_7.$procmux$1887_Y, Q = \quire.seg_adder_vff_in_7.ring_empty, rval = 1'1).
Adding EN signal on $auto$ff.cc:266:slice$2780 ($sdff) from module mkPositCore (D = $flatten\quire.\seg_adder_vff_in_7.$procmux$1887_Y, Q = \quire.seg_adder_vff_in_7.ring_empty).
Adding SRST signal on $flatten\quire.\seg_adder_vff_in_7.$procdff$2440 ($dff) from module mkPositCore (D = $flatten\quire.\seg_adder_vff_in_7.$procmux$1896_Y, Q = \quire.seg_adder_vff_in_7.not_ring_full, rval = 1'1).
Adding EN signal on $auto$ff.cc:266:slice$2788 ($sdff) from module mkPositCore (D = $flatten\quire.\seg_adder_vff_in_7.$procmux$1896_Y, Q = \quire.seg_adder_vff_in_7.not_ring_full).
Adding EN signal on $flatten\quire.\seg_adder_vff_in_7.$procdff$2439 ($dff) from module mkPositCore (D = $flatten\quire.\seg_adder_vff_in_7.$0\D_OUT[31:0], Q = \quire.seg_adder_vff_in_7.D_OUT).
Adding SRST signal on $flatten\quire.\seg_adder_vff_in_6.$procdff$2444 ($dff) from module mkPositCore (D = $flatten\quire.\seg_adder_vff_in_6.$procmux$1860_Y, Q = \quire.seg_adder_vff_in_6.hasodata, rval = 1'0).
Adding EN signal on $auto$ff.cc:266:slice$2795 ($sdff) from module mkPositCore (D = $flatten\quire.\seg_adder_vff_in_6.$procmux$1860_Y, Q = \quire.seg_adder_vff_in_6.hasodata).
Adding SRST signal on $flatten\quire.\seg_adder_vff_in_6.$procdff$2443 ($dff) from module mkPositCore (D = $flatten\quire.\seg_adder_vff_in_6.$procmux$1869_Y, Q = \quire.seg_adder_vff_in_6.tail, rval = 2'00).
Adding EN signal on $auto$ff.cc:266:slice$2799 ($sdff) from module mkPositCore (D = $flatten\quire.\seg_adder_vff_in_6.$procmux$1869_Y, Q = \quire.seg_adder_vff_in_6.tail).
Adding SRST signal on $flatten\quire.\seg_adder_vff_in_6.$procdff$2442 ($dff) from module mkPositCore (D = $flatten\quire.\seg_adder_vff_in_6.$procmux$1878_Y, Q = \quire.seg_adder_vff_in_6.head, rval = 2'00).
Adding EN signal on $auto$ff.cc:266:slice$2807 ($sdff) from module mkPositCore (D = \quire.seg_adder_vff_in_6.next_head, Q = \quire.seg_adder_vff_in_6.head).
Adding SRST signal on $flatten\quire.\seg_adder_vff_in_6.$procdff$2441 ($dff) from module mkPositCore (D = $flatten\quire.\seg_adder_vff_in_6.$procmux$1887_Y, Q = \quire.seg_adder_vff_in_6.ring_empty, rval = 1'1).
Adding EN signal on $auto$ff.cc:266:slice$2809 ($sdff) from module mkPositCore (D = $flatten\quire.\seg_adder_vff_in_6.$procmux$1887_Y, Q = \quire.seg_adder_vff_in_6.ring_empty).
Adding SRST signal on $flatten\quire.\seg_adder_vff_in_6.$procdff$2440 ($dff) from module mkPositCore (D = $flatten\quire.\seg_adder_vff_in_6.$procmux$1896_Y, Q = \quire.seg_adder_vff_in_6.not_ring_full, rval = 1'1).
Adding EN signal on $auto$ff.cc:266:slice$2817 ($sdff) from module mkPositCore (D = $flatten\quire.\seg_adder_vff_in_6.$procmux$1896_Y, Q = \quire.seg_adder_vff_in_6.not_ring_full).
Adding EN signal on $flatten\quire.\seg_adder_vff_in_6.$procdff$2439 ($dff) from module mkPositCore (D = $flatten\quire.\seg_adder_vff_in_6.$0\D_OUT[31:0], Q = \quire.seg_adder_vff_in_6.D_OUT).
Adding SRST signal on $flatten\quire.\seg_adder_vff_in_5.$procdff$2444 ($dff) from module mkPositCore (D = $flatten\quire.\seg_adder_vff_in_5.$procmux$1860_Y, Q = \quire.seg_adder_vff_in_5.hasodata, rval = 1'0).
Adding EN signal on $auto$ff.cc:266:slice$2824 ($sdff) from module mkPositCore (D = $flatten\quire.\seg_adder_vff_in_5.$procmux$1860_Y, Q = \quire.seg_adder_vff_in_5.hasodata).
Adding SRST signal on $flatten\quire.\seg_adder_vff_in_5.$procdff$2443 ($dff) from module mkPositCore (D = $flatten\quire.\seg_adder_vff_in_5.$procmux$1869_Y, Q = \quire.seg_adder_vff_in_5.tail, rval = 2'00).
Adding EN signal on $auto$ff.cc:266:slice$2828 ($sdff) from module mkPositCore (D = $flatten\quire.\seg_adder_vff_in_5.$procmux$1869_Y, Q = \quire.seg_adder_vff_in_5.tail).
Adding SRST signal on $flatten\quire.\seg_adder_vff_in_5.$procdff$2442 ($dff) from module mkPositCore (D = $flatten\quire.\seg_adder_vff_in_5.$procmux$1878_Y, Q = \quire.seg_adder_vff_in_5.head, rval = 2'00).
Adding EN signal on $auto$ff.cc:266:slice$2836 ($sdff) from module mkPositCore (D = \quire.seg_adder_vff_in_5.next_head, Q = \quire.seg_adder_vff_in_5.head).
Adding SRST signal on $flatten\quire.\seg_adder_vff_in_5.$procdff$2441 ($dff) from module mkPositCore (D = $flatten\quire.\seg_adder_vff_in_5.$procmux$1887_Y, Q = \quire.seg_adder_vff_in_5.ring_empty, rval = 1'1).
Adding EN signal on $auto$ff.cc:266:slice$2838 ($sdff) from module mkPositCore (D = $flatten\quire.\seg_adder_vff_in_5.$procmux$1887_Y, Q = \quire.seg_adder_vff_in_5.ring_empty).
Adding SRST signal on $flatten\quire.\seg_adder_vff_in_5.$procdff$2440 ($dff) from module mkPositCore (D = $flatten\quire.\seg_adder_vff_in_5.$procmux$1896_Y, Q = \quire.seg_adder_vff_in_5.not_ring_full, rval = 1'1).
Adding EN signal on $auto$ff.cc:266:slice$2846 ($sdff) from module mkPositCore (D = $flatten\quire.\seg_adder_vff_in_5.$procmux$1896_Y, Q = \quire.seg_adder_vff_in_5.not_ring_full).
Adding EN signal on $flatten\quire.\seg_adder_vff_in_5.$procdff$2439 ($dff) from module mkPositCore (D = $flatten\quire.\seg_adder_vff_in_5.$0\D_OUT[31:0], Q = \quire.seg_adder_vff_in_5.D_OUT).
Adding SRST signal on $flatten\quire.\seg_adder_vff_in_4.$procdff$2444 ($dff) from module mkPositCore (D = $flatten\quire.\seg_adder_vff_in_4.$procmux$1860_Y, Q = \quire.seg_adder_vff_in_4.hasodata, rval = 1'0).
Adding EN signal on $auto$ff.cc:266:slice$2853 ($sdff) from module mkPositCore (D = $flatten\quire.\seg_adder_vff_in_4.$procmux$1860_Y, Q = \quire.seg_adder_vff_in_4.hasodata).
Adding SRST signal on $flatten\quire.\seg_adder_vff_in_4.$procdff$2443 ($dff) from module mkPositCore (D = $flatten\quire.\seg_adder_vff_in_4.$procmux$1869_Y, Q = \quire.seg_adder_vff_in_4.tail, rval = 2'00).
Adding EN signal on $auto$ff.cc:266:slice$2857 ($sdff) from module mkPositCore (D = $flatten\quire.\seg_adder_vff_in_4.$procmux$1869_Y, Q = \quire.seg_adder_vff_in_4.tail).
Adding SRST signal on $flatten\quire.\seg_adder_vff_in_4.$procdff$2442 ($dff) from module mkPositCore (D = $flatten\quire.\seg_adder_vff_in_4.$procmux$1878_Y, Q = \quire.seg_adder_vff_in_4.head, rval = 2'00).
Adding EN signal on $auto$ff.cc:266:slice$2865 ($sdff) from module mkPositCore (D = \quire.seg_adder_vff_in_4.next_head, Q = \quire.seg_adder_vff_in_4.head).
Adding SRST signal on $flatten\quire.\seg_adder_vff_in_4.$procdff$2441 ($dff) from module mkPositCore (D = $flatten\quire.\seg_adder_vff_in_4.$procmux$1887_Y, Q = \quire.seg_adder_vff_in_4.ring_empty, rval = 1'1).
Adding EN signal on $auto$ff.cc:266:slice$2867 ($sdff) from module mkPositCore (D = $flatten\quire.\seg_adder_vff_in_4.$procmux$1887_Y, Q = \quire.seg_adder_vff_in_4.ring_empty).
Adding SRST signal on $flatten\quire.\seg_adder_vff_in_4.$procdff$2440 ($dff) from module mkPositCore (D = $flatten\quire.\seg_adder_vff_in_4.$procmux$1896_Y, Q = \quire.seg_adder_vff_in_4.not_ring_full, rval = 1'1).
Adding EN signal on $auto$ff.cc:266:slice$2875 ($sdff) from module mkPositCore (D = $flatten\quire.\seg_adder_vff_in_4.$procmux$1896_Y, Q = \quire.seg_adder_vff_in_4.not_ring_full).
Adding EN signal on $flatten\quire.\seg_adder_vff_in_4.$procdff$2439 ($dff) from module mkPositCore (D = $flatten\quire.\seg_adder_vff_in_4.$0\D_OUT[31:0], Q = \quire.seg_adder_vff_in_4.D_OUT).
Adding SRST signal on $flatten\quire.\seg_adder_vff_in_3.$procdff$2444 ($dff) from module mkPositCore (D = $flatten\quire.\seg_adder_vff_in_3.$procmux$1860_Y, Q = \quire.seg_adder_vff_in_3.hasodata, rval = 1'0).
Adding EN signal on $auto$ff.cc:266:slice$2882 ($sdff) from module mkPositCore (D = $flatten\quire.\seg_adder_vff_in_3.$procmux$1860_Y, Q = \quire.seg_adder_vff_in_3.hasodata).
Adding SRST signal on $flatten\quire.\seg_adder_vff_in_3.$procdff$2443 ($dff) from module mkPositCore (D = $flatten\quire.\seg_adder_vff_in_3.$procmux$1869_Y, Q = \quire.seg_adder_vff_in_3.tail, rval = 2'00).
Adding EN signal on $auto$ff.cc:266:slice$2886 ($sdff) from module mkPositCore (D = $flatten\quire.\seg_adder_vff_in_3.$procmux$1869_Y, Q = \quire.seg_adder_vff_in_3.tail).
Adding SRST signal on $flatten\quire.\seg_adder_vff_in_3.$procdff$2442 ($dff) from module mkPositCore (D = $flatten\quire.\seg_adder_vff_in_3.$procmux$1878_Y, Q = \quire.seg_adder_vff_in_3.head, rval = 2'00).
Adding EN signal on $auto$ff.cc:266:slice$2894 ($sdff) from module mkPositCore (D = \quire.seg_adder_vff_in_3.next_head, Q = \quire.seg_adder_vff_in_3.head).
Adding SRST signal on $flatten\quire.\seg_adder_vff_in_3.$procdff$2441 ($dff) from module mkPositCore (D = $flatten\quire.\seg_adder_vff_in_3.$procmux$1887_Y, Q = \quire.seg_adder_vff_in_3.ring_empty, rval = 1'1).
Adding EN signal on $auto$ff.cc:266:slice$2896 ($sdff) from module mkPositCore (D = $flatten\quire.\seg_adder_vff_in_3.$procmux$1887_Y, Q = \quire.seg_adder_vff_in_3.ring_empty).
Adding SRST signal on $flatten\quire.\seg_adder_vff_in_3.$procdff$2440 ($dff) from module mkPositCore (D = $flatten\quire.\seg_adder_vff_in_3.$procmux$1896_Y, Q = \quire.seg_adder_vff_in_3.not_ring_full, rval = 1'1).
Adding EN signal on $auto$ff.cc:266:slice$2904 ($sdff) from module mkPositCore (D = $flatten\quire.\seg_adder_vff_in_3.$procmux$1896_Y, Q = \quire.seg_adder_vff_in_3.not_ring_full).
Adding EN signal on $flatten\quire.\seg_adder_vff_in_3.$procdff$2439 ($dff) from module mkPositCore (D = $flatten\quire.\seg_adder_vff_in_3.$0\D_OUT[31:0], Q = \quire.seg_adder_vff_in_3.D_OUT).
Adding SRST signal on $flatten\quire.\seg_adder_vff_in_2.$procdff$2444 ($dff) from module mkPositCore (D = $flatten\quire.\seg_adder_vff_in_2.$procmux$1860_Y, Q = \quire.seg_adder_vff_in_2.hasodata, rval = 1'0).
Adding EN signal on $auto$ff.cc:266:slice$2911 ($sdff) from module mkPositCore (D = $flatten\quire.\seg_adder_vff_in_2.$procmux$1860_Y, Q = \quire.seg_adder_vff_in_2.hasodata).
Adding SRST signal on $flatten\quire.\seg_adder_vff_in_2.$procdff$2443 ($dff) from module mkPositCore (D = $flatten\quire.\seg_adder_vff_in_2.$procmux$1869_Y, Q = \quire.seg_adder_vff_in_2.tail, rval = 2'00).
Adding EN signal on $auto$ff.cc:266:slice$2915 ($sdff) from module mkPositCore (D = $flatten\quire.\seg_adder_vff_in_2.$procmux$1869_Y, Q = \quire.seg_adder_vff_in_2.tail).
Adding SRST signal on $flatten\quire.\seg_adder_vff_in_2.$procdff$2442 ($dff) from module mkPositCore (D = $flatten\quire.\seg_adder_vff_in_2.$procmux$1878_Y, Q = \quire.seg_adder_vff_in_2.head, rval = 2'00).
Adding EN signal on $auto$ff.cc:266:slice$2923 ($sdff) from module mkPositCore (D = \quire.seg_adder_vff_in_2.next_head, Q = \quire.seg_adder_vff_in_2.head).
Adding SRST signal on $flatten\quire.\seg_adder_vff_in_2.$procdff$2441 ($dff) from module mkPositCore (D = $flatten\quire.\seg_adder_vff_in_2.$procmux$1887_Y, Q = \quire.seg_adder_vff_in_2.ring_empty, rval = 1'1).
Adding EN signal on $auto$ff.cc:266:slice$2925 ($sdff) from module mkPositCore (D = $flatten\quire.\seg_adder_vff_in_2.$procmux$1887_Y, Q = \quire.seg_adder_vff_in_2.ring_empty).
Adding SRST signal on $flatten\quire.\seg_adder_vff_in_2.$procdff$2440 ($dff) from module mkPositCore (D = $flatten\quire.\seg_adder_vff_in_2.$procmux$1896_Y, Q = \quire.seg_adder_vff_in_2.not_ring_full, rval = 1'1).
Adding EN signal on $auto$ff.cc:266:slice$2933 ($sdff) from module mkPositCore (D = $flatten\quire.\seg_adder_vff_in_2.$procmux$1896_Y, Q = \quire.seg_adder_vff_in_2.not_ring_full).
Adding EN signal on $flatten\quire.\seg_adder_vff_in_2.$procdff$2439 ($dff) from module mkPositCore (D = $flatten\quire.\seg_adder_vff_in_2.$0\D_OUT[31:0], Q = \quire.seg_adder_vff_in_2.D_OUT).
Adding SRST signal on $flatten\quire.\seg_adder_vff_in_15.$procdff$2444 ($dff) from module mkPositCore (D = $flatten\quire.\seg_adder_vff_in_15.$procmux$1860_Y, Q = \quire.seg_adder_vff_in_15.hasodata, rval = 1'0).
Adding EN signal on $auto$ff.cc:266:slice$2940 ($sdff) from module mkPositCore (D = $flatten\quire.\seg_adder_vff_in_15.$procmux$1860_Y, Q = \quire.seg_adder_vff_in_15.hasodata).
Adding SRST signal on $flatten\quire.\seg_adder_vff_in_15.$procdff$2443 ($dff) from module mkPositCore (D = $flatten\quire.\seg_adder_vff_in_15.$procmux$1869_Y, Q = \quire.seg_adder_vff_in_15.tail, rval = 2'00).
Adding EN signal on $auto$ff.cc:266:slice$2944 ($sdff) from module mkPositCore (D = $flatten\quire.\seg_adder_vff_in_15.$procmux$1869_Y, Q = \quire.seg_adder_vff_in_15.tail).
Adding SRST signal on $flatten\quire.\seg_adder_vff_in_15.$procdff$2442 ($dff) from module mkPositCore (D = $flatten\quire.\seg_adder_vff_in_15.$procmux$1878_Y, Q = \quire.seg_adder_vff_in_15.head, rval = 2'00).
Adding EN signal on $auto$ff.cc:266:slice$2952 ($sdff) from module mkPositCore (D = \quire.seg_adder_vff_in_15.next_head, Q = \quire.seg_adder_vff_in_15.head).
Adding SRST signal on $flatten\quire.\seg_adder_vff_in_15.$procdff$2441 ($dff) from module mkPositCore (D = $flatten\quire.\seg_adder_vff_in_15.$procmux$1887_Y, Q = \quire.seg_adder_vff_in_15.ring_empty, rval = 1'1).
Adding EN signal on $auto$ff.cc:266:slice$2954 ($sdff) from module mkPositCore (D = $flatten\quire.\seg_adder_vff_in_15.$procmux$1887_Y, Q = \quire.seg_adder_vff_in_15.ring_empty).
Adding SRST signal on $flatten\quire.\seg_adder_vff_in_15.$procdff$2440 ($dff) from module mkPositCore (D = $flatten\quire.\seg_adder_vff_in_15.$procmux$1896_Y, Q = \quire.seg_adder_vff_in_15.not_ring_full, rval = 1'1).
Adding EN signal on $auto$ff.cc:266:slice$2962 ($sdff) from module mkPositCore (D = $flatten\quire.\seg_adder_vff_in_15.$procmux$1896_Y, Q = \quire.seg_adder_vff_in_15.not_ring_full).
Adding EN signal on $flatten\quire.\seg_adder_vff_in_15.$procdff$2439 ($dff) from module mkPositCore (D = $flatten\quire.\seg_adder_vff_in_15.$0\D_OUT[31:0], Q = \quire.seg_adder_vff_in_15.D_OUT).
Adding SRST signal on $flatten\quire.\seg_adder_vff_in_14.$procdff$2444 ($dff) from module mkPositCore (D = $flatten\quire.\seg_adder_vff_in_14.$procmux$1860_Y, Q = \quire.seg_adder_vff_in_14.hasodata, rval = 1'0).
Adding EN signal on $auto$ff.cc:266:slice$2969 ($sdff) from module mkPositCore (D = $flatten\quire.\seg_adder_vff_in_14.$procmux$1860_Y, Q = \quire.seg_adder_vff_in_14.hasodata).
Adding SRST signal on $flatten\quire.\seg_adder_vff_in_14.$procdff$2443 ($dff) from module mkPositCore (D = $flatten\quire.\seg_adder_vff_in_14.$procmux$1869_Y, Q = \quire.seg_adder_vff_in_14.tail, rval = 2'00).
Adding EN signal on $auto$ff.cc:266:slice$2973 ($sdff) from module mkPositCore (D = $flatten\quire.\seg_adder_vff_in_14.$procmux$1869_Y, Q = \quire.seg_adder_vff_in_14.tail).
Adding SRST signal on $flatten\quire.\seg_adder_vff_in_14.$procdff$2442 ($dff) from module mkPositCore (D = $flatten\quire.\seg_adder_vff_in_14.$procmux$1878_Y, Q = \quire.seg_adder_vff_in_14.head, rval = 2'00).
Adding EN signal on $auto$ff.cc:266:slice$2981 ($sdff) from module mkPositCore (D = \quire.seg_adder_vff_in_14.next_head, Q = \quire.seg_adder_vff_in_14.head).
Adding SRST signal on $flatten\quire.\seg_adder_vff_in_14.$procdff$2441 ($dff) from module mkPositCore (D = $flatten\quire.\seg_adder_vff_in_14.$procmux$1887_Y, Q = \quire.seg_adder_vff_in_14.ring_empty, rval = 1'1).
Adding EN signal on $auto$ff.cc:266:slice$2983 ($sdff) from module mkPositCore (D = $flatten\quire.\seg_adder_vff_in_14.$procmux$1887_Y, Q = \quire.seg_adder_vff_in_14.ring_empty).
Adding SRST signal on $flatten\quire.\seg_adder_vff_in_14.$procdff$2440 ($dff) from module mkPositCore (D = $flatten\quire.\seg_adder_vff_in_14.$procmux$1896_Y, Q = \quire.seg_adder_vff_in_14.not_ring_full, rval = 1'1).
Adding EN signal on $auto$ff.cc:266:slice$2991 ($sdff) from module mkPositCore (D = $flatten\quire.\seg_adder_vff_in_14.$procmux$1896_Y, Q = \quire.seg_adder_vff_in_14.not_ring_full).
Adding EN signal on $flatten\quire.\seg_adder_vff_in_14.$procdff$2439 ($dff) from module mkPositCore (D = $flatten\quire.\seg_adder_vff_in_14.$0\D_OUT[31:0], Q = \quire.seg_adder_vff_in_14.D_OUT).
Adding SRST signal on $flatten\quire.\seg_adder_vff_in_13.$procdff$2444 ($dff) from module mkPositCore (D = $flatten\quire.\seg_adder_vff_in_13.$procmux$1860_Y, Q = \quire.seg_adder_vff_in_13.hasodata, rval = 1'0).
Adding EN signal on $auto$ff.cc:266:slice$2998 ($sdff) from module mkPositCore (D = $flatten\quire.\seg_adder_vff_in_13.$procmux$1860_Y, Q = \quire.seg_adder_vff_in_13.hasodata).
Adding SRST signal on $flatten\quire.\seg_adder_vff_in_13.$procdff$2443 ($dff) from module mkPositCore (D = $flatten\quire.\seg_adder_vff_in_13.$procmux$1869_Y, Q = \quire.seg_adder_vff_in_13.tail, rval = 2'00).
Adding EN signal on $auto$ff.cc:266:slice$3002 ($sdff) from module mkPositCore (D = $flatten\quire.\seg_adder_vff_in_13.$procmux$1869_Y, Q = \quire.seg_adder_vff_in_13.tail).
Adding SRST signal on $flatten\quire.\seg_adder_vff_in_13.$procdff$2442 ($dff) from module mkPositCore (D = $flatten\quire.\seg_adder_vff_in_13.$procmux$1878_Y, Q = \quire.seg_adder_vff_in_13.head, rval = 2'00).
Adding EN signal on $auto$ff.cc:266:slice$3010 ($sdff) from module mkPositCore (D = \quire.seg_adder_vff_in_13.next_head, Q = \quire.seg_adder_vff_in_13.head).
Adding SRST signal on $flatten\quire.\seg_adder_vff_in_13.$procdff$2441 ($dff) from module mkPositCore (D = $flatten\quire.\seg_adder_vff_in_13.$procmux$1887_Y, Q = \quire.seg_adder_vff_in_13.ring_empty, rval = 1'1).
Adding EN signal on $auto$ff.cc:266:slice$3012 ($sdff) from module mkPositCore (D = $flatten\quire.\seg_adder_vff_in_13.$procmux$1887_Y, Q = \quire.seg_adder_vff_in_13.ring_empty).
Adding SRST signal on $flatten\quire.\seg_adder_vff_in_13.$procdff$2440 ($dff) from module mkPositCore (D = $flatten\quire.\seg_adder_vff_in_13.$procmux$1896_Y, Q = \quire.seg_adder_vff_in_13.not_ring_full, rval = 1'1).
Adding EN signal on $auto$ff.cc:266:slice$3020 ($sdff) from module mkPositCore (D = $flatten\quire.\seg_adder_vff_in_13.$procmux$1896_Y, Q = \quire.seg_adder_vff_in_13.not_ring_full).
Adding EN signal on $flatten\quire.\seg_adder_vff_in_13.$procdff$2439 ($dff) from module mkPositCore (D = $flatten\quire.\seg_adder_vff_in_13.$0\D_OUT[31:0], Q = \quire.seg_adder_vff_in_13.D_OUT).
Adding SRST signal on $flatten\quire.\seg_adder_vff_in_12.$procdff$2444 ($dff) from module mkPositCore (D = $flatten\quire.\seg_adder_vff_in_12.$procmux$1860_Y, Q = \quire.seg_adder_vff_in_12.hasodata, rval = 1'0).
Adding EN signal on $auto$ff.cc:266:slice$3027 ($sdff) from module mkPositCore (D = $flatten\quire.\seg_adder_vff_in_12.$procmux$1860_Y, Q = \quire.seg_adder_vff_in_12.hasodata).
Adding SRST signal on $flatten\quire.\seg_adder_vff_in_12.$procdff$2443 ($dff) from module mkPositCore (D = $flatten\quire.\seg_adder_vff_in_12.$procmux$1869_Y, Q = \quire.seg_adder_vff_in_12.tail, rval = 2'00).
Adding EN signal on $auto$ff.cc:266:slice$3031 ($sdff) from module mkPositCore (D = $flatten\quire.\seg_adder_vff_in_12.$procmux$1869_Y, Q = \quire.seg_adder_vff_in_12.tail).
Adding SRST signal on $flatten\quire.\seg_adder_vff_in_12.$procdff$2442 ($dff) from module mkPositCore (D = $flatten\quire.\seg_adder_vff_in_12.$procmux$1878_Y, Q = \quire.seg_adder_vff_in_12.head, rval = 2'00).
Adding EN signal on $auto$ff.cc:266:slice$3039 ($sdff) from module mkPositCore (D = \quire.seg_adder_vff_in_12.next_head, Q = \quire.seg_adder_vff_in_12.head).
Adding SRST signal on $flatten\quire.\seg_adder_vff_in_12.$procdff$2441 ($dff) from module mkPositCore (D = $flatten\quire.\seg_adder_vff_in_12.$procmux$1887_Y, Q = \quire.seg_adder_vff_in_12.ring_empty, rval = 1'1).
Adding EN signal on $auto$ff.cc:266:slice$3041 ($sdff) from module mkPositCore (D = $flatten\quire.\seg_adder_vff_in_12.$procmux$1887_Y, Q = \quire.seg_adder_vff_in_12.ring_empty).
Adding SRST signal on $flatten\quire.\seg_adder_vff_in_12.$procdff$2440 ($dff) from module mkPositCore (D = $flatten\quire.\seg_adder_vff_in_12.$procmux$1896_Y, Q = \quire.seg_adder_vff_in_12.not_ring_full, rval = 1'1).
Adding EN signal on $auto$ff.cc:266:slice$3049 ($sdff) from module mkPositCore (D = $flatten\quire.\seg_adder_vff_in_12.$procmux$1896_Y, Q = \quire.seg_adder_vff_in_12.not_ring_full).
Adding EN signal on $flatten\quire.\seg_adder_vff_in_12.$procdff$2439 ($dff) from module mkPositCore (D = $flatten\quire.\seg_adder_vff_in_12.$0\D_OUT[31:0], Q = \quire.seg_adder_vff_in_12.D_OUT).
Adding SRST signal on $flatten\quire.\seg_adder_vff_in_11.$procdff$2444 ($dff) from module mkPositCore (D = $flatten\quire.\seg_adder_vff_in_11.$procmux$1860_Y, Q = \quire.seg_adder_vff_in_11.hasodata, rval = 1'0).
Adding EN signal on $auto$ff.cc:266:slice$3056 ($sdff) from module mkPositCore (D = $flatten\quire.\seg_adder_vff_in_11.$procmux$1860_Y, Q = \quire.seg_adder_vff_in_11.hasodata).
Adding SRST signal on $flatten\quire.\seg_adder_vff_in_11.$procdff$2443 ($dff) from module mkPositCore (D = $flatten\quire.\seg_adder_vff_in_11.$procmux$1869_Y, Q = \quire.seg_adder_vff_in_11.tail, rval = 2'00).
Adding EN signal on $auto$ff.cc:266:slice$3060 ($sdff) from module mkPositCore (D = $flatten\quire.\seg_adder_vff_in_11.$procmux$1869_Y, Q = \quire.seg_adder_vff_in_11.tail).
Adding SRST signal on $flatten\quire.\seg_adder_vff_in_11.$procdff$2442 ($dff) from module mkPositCore (D = $flatten\quire.\seg_adder_vff_in_11.$procmux$1878_Y, Q = \quire.seg_adder_vff_in_11.head, rval = 2'00).
Adding EN signal on $auto$ff.cc:266:slice$3068 ($sdff) from module mkPositCore (D = \quire.seg_adder_vff_in_11.next_head, Q = \quire.seg_adder_vff_in_11.head).
Adding SRST signal on $flatten\quire.\seg_adder_vff_in_11.$procdff$2441 ($dff) from module mkPositCore (D = $flatten\quire.\seg_adder_vff_in_11.$procmux$1887_Y, Q = \quire.seg_adder_vff_in_11.ring_empty, rval = 1'1).
Adding EN signal on $auto$ff.cc:266:slice$3070 ($sdff) from module mkPositCore (D = $flatten\quire.\seg_adder_vff_in_11.$procmux$1887_Y, Q = \quire.seg_adder_vff_in_11.ring_empty).
Adding SRST signal on $flatten\quire.\seg_adder_vff_in_11.$procdff$2440 ($dff) from module mkPositCore (D = $flatten\quire.\seg_adder_vff_in_11.$procmux$1896_Y, Q = \quire.seg_adder_vff_in_11.not_ring_full, rval = 1'1).
Adding EN signal on $auto$ff.cc:266:slice$3078 ($sdff) from module mkPositCore (D = $flatten\quire.\seg_adder_vff_in_11.$procmux$1896_Y, Q = \quire.seg_adder_vff_in_11.not_ring_full).
Adding EN signal on $flatten\quire.\seg_adder_vff_in_11.$procdff$2439 ($dff) from module mkPositCore (D = $flatten\quire.\seg_adder_vff_in_11.$0\D_OUT[31:0], Q = \quire.seg_adder_vff_in_11.D_OUT).
Adding SRST signal on $flatten\quire.\seg_adder_vff_in_10.$procdff$2444 ($dff) from module mkPositCore (D = $flatten\quire.\seg_adder_vff_in_10.$procmux$1860_Y, Q = \quire.seg_adder_vff_in_10.hasodata, rval = 1'0).
Adding EN signal on $auto$ff.cc:266:slice$3085 ($sdff) from module mkPositCore (D = $flatten\quire.\seg_adder_vff_in_10.$procmux$1860_Y, Q = \quire.seg_adder_vff_in_10.hasodata).
Adding SRST signal on $flatten\quire.\seg_adder_vff_in_10.$procdff$2443 ($dff) from module mkPositCore (D = $flatten\quire.\seg_adder_vff_in_10.$procmux$1869_Y, Q = \quire.seg_adder_vff_in_10.tail, rval = 2'00).
Adding EN signal on $auto$ff.cc:266:slice$3089 ($sdff) from module mkPositCore (D = $flatten\quire.\seg_adder_vff_in_10.$procmux$1869_Y, Q = \quire.seg_adder_vff_in_10.tail).
Adding SRST signal on $flatten\quire.\seg_adder_vff_in_10.$procdff$2442 ($dff) from module mkPositCore (D = $flatten\quire.\seg_adder_vff_in_10.$procmux$1878_Y, Q = \quire.seg_adder_vff_in_10.head, rval = 2'00).
Adding EN signal on $auto$ff.cc:266:slice$3097 ($sdff) from module mkPositCore (D = \quire.seg_adder_vff_in_10.next_head, Q = \quire.seg_adder_vff_in_10.head).
Adding SRST signal on $flatten\quire.\seg_adder_vff_in_10.$procdff$2441 ($dff) from module mkPositCore (D = $flatten\quire.\seg_adder_vff_in_10.$procmux$1887_Y, Q = \quire.seg_adder_vff_in_10.ring_empty, rval = 1'1).
Adding EN signal on $auto$ff.cc:266:slice$3099 ($sdff) from module mkPositCore (D = $flatten\quire.\seg_adder_vff_in_10.$procmux$1887_Y, Q = \quire.seg_adder_vff_in_10.ring_empty).
Adding SRST signal on $flatten\quire.\seg_adder_vff_in_10.$procdff$2440 ($dff) from module mkPositCore (D = $flatten\quire.\seg_adder_vff_in_10.$procmux$1896_Y, Q = \quire.seg_adder_vff_in_10.not_ring_full, rval = 1'1).
Adding EN signal on $auto$ff.cc:266:slice$3107 ($sdff) from module mkPositCore (D = $flatten\quire.\seg_adder_vff_in_10.$procmux$1896_Y, Q = \quire.seg_adder_vff_in_10.not_ring_full).
Adding EN signal on $flatten\quire.\seg_adder_vff_in_10.$procdff$2439 ($dff) from module mkPositCore (D = $flatten\quire.\seg_adder_vff_in_10.$0\D_OUT[31:0], Q = \quire.seg_adder_vff_in_10.D_OUT).
Adding SRST signal on $flatten\quire.\seg_adder_vff_in_1.$procdff$2444 ($dff) from module mkPositCore (D = $flatten\quire.\seg_adder_vff_in_1.$procmux$1860_Y, Q = \quire.seg_adder_vff_in_1.hasodata, rval = 1'0).
Adding EN signal on $auto$ff.cc:266:slice$3114 ($sdff) from module mkPositCore (D = $flatten\quire.\seg_adder_vff_in_1.$procmux$1860_Y, Q = \quire.seg_adder_vff_in_1.hasodata).
Adding SRST signal on $flatten\quire.\seg_adder_vff_in_1.$procdff$2443 ($dff) from module mkPositCore (D = $flatten\quire.\seg_adder_vff_in_1.$procmux$1869_Y, Q = \quire.seg_adder_vff_in_1.tail, rval = 2'00).
Adding EN signal on $auto$ff.cc:266:slice$3118 ($sdff) from module mkPositCore (D = $flatten\quire.\seg_adder_vff_in_1.$procmux$1869_Y, Q = \quire.seg_adder_vff_in_1.tail).
Adding SRST signal on $flatten\quire.\seg_adder_vff_in_1.$procdff$2442 ($dff) from module mkPositCore (D = $flatten\quire.\seg_adder_vff_in_1.$procmux$1878_Y, Q = \quire.seg_adder_vff_in_1.head, rval = 2'00).
Adding EN signal on $auto$ff.cc:266:slice$3126 ($sdff) from module mkPositCore (D = \quire.seg_adder_vff_in_1.next_head, Q = \quire.seg_adder_vff_in_1.head).
Adding SRST signal on $flatten\quire.\seg_adder_vff_in_1.$procdff$2441 ($dff) from module mkPositCore (D = $flatten\quire.\seg_adder_vff_in_1.$procmux$1887_Y, Q = \quire.seg_adder_vff_in_1.ring_empty, rval = 1'1).
Adding EN signal on $auto$ff.cc:266:slice$3128 ($sdff) from module mkPositCore (D = $flatten\quire.\seg_adder_vff_in_1.$procmux$1887_Y, Q = \quire.seg_adder_vff_in_1.ring_empty).
Adding SRST signal on $flatten\quire.\seg_adder_vff_in_1.$procdff$2440 ($dff) from module mkPositCore (D = $flatten\quire.\seg_adder_vff_in_1.$procmux$1896_Y, Q = \quire.seg_adder_vff_in_1.not_ring_full, rval = 1'1).
Adding EN signal on $auto$ff.cc:266:slice$3136 ($sdff) from module mkPositCore (D = $flatten\quire.\seg_adder_vff_in_1.$procmux$1896_Y, Q = \quire.seg_adder_vff_in_1.not_ring_full).
Adding EN signal on $flatten\quire.\seg_adder_vff_in_1.$procdff$2439 ($dff) from module mkPositCore (D = $flatten\quire.\seg_adder_vff_in_1.$0\D_OUT[31:0], Q = \quire.seg_adder_vff_in_1.D_OUT).
Adding SRST signal on $flatten\quire.\seg_adder_vff_in_0.$procdff$2444 ($dff) from module mkPositCore (D = $flatten\quire.\seg_adder_vff_in_0.$procmux$1860_Y, Q = \quire.seg_adder_vff_in_0.hasodata, rval = 1'0).
Adding EN signal on $auto$ff.cc:266:slice$3143 ($sdff) from module mkPositCore (D = $flatten\quire.\seg_adder_vff_in_0.$procmux$1860_Y, Q = \quire.seg_adder_vff_in_0.hasodata).
Adding SRST signal on $flatten\quire.\seg_adder_vff_in_0.$procdff$2443 ($dff) from module mkPositCore (D = $flatten\quire.\seg_adder_vff_in_0.$procmux$1869_Y, Q = \quire.seg_adder_vff_in_0.tail, rval = 2'00).
Adding EN signal on $auto$ff.cc:266:slice$3147 ($sdff) from module mkPositCore (D = $flatten\quire.\seg_adder_vff_in_0.$procmux$1869_Y, Q = \quire.seg_adder_vff_in_0.tail).
Adding SRST signal on $flatten\quire.\seg_adder_vff_in_0.$procdff$2442 ($dff) from module mkPositCore (D = $flatten\quire.\seg_adder_vff_in_0.$procmux$1878_Y, Q = \quire.seg_adder_vff_in_0.head, rval = 2'00).
Adding EN signal on $auto$ff.cc:266:slice$3155 ($sdff) from module mkPositCore (D = \quire.seg_adder_vff_in_0.next_head, Q = \quire.seg_adder_vff_in_0.head).
Adding SRST signal on $flatten\quire.\seg_adder_vff_in_0.$procdff$2441 ($dff) from module mkPositCore (D = $flatten\quire.\seg_adder_vff_in_0.$procmux$1887_Y, Q = \quire.seg_adder_vff_in_0.ring_empty, rval = 1'1).
Adding EN signal on $auto$ff.cc:266:slice$3157 ($sdff) from module mkPositCore (D = $flatten\quire.\seg_adder_vff_in_0.$procmux$1887_Y, Q = \quire.seg_adder_vff_in_0.ring_empty).
Adding SRST signal on $flatten\quire.\seg_adder_vff_in_0.$procdff$2440 ($dff) from module mkPositCore (D = $flatten\quire.\seg_adder_vff_in_0.$procmux$1896_Y, Q = \quire.seg_adder_vff_in_0.not_ring_full, rval = 1'1).
Adding EN signal on $auto$ff.cc:266:slice$3165 ($sdff) from module mkPositCore (D = $flatten\quire.\seg_adder_vff_in_0.$procmux$1896_Y, Q = \quire.seg_adder_vff_in_0.not_ring_full).
Adding EN signal on $flatten\quire.\seg_adder_vff_in_0.$procdff$2439 ($dff) from module mkPositCore (D = $flatten\quire.\seg_adder_vff_in_0.$0\D_OUT[31:0], Q = \quire.seg_adder_vff_in_0.D_OUT).
Adding SRST signal on $flatten\quire.\seg_adder_vff_carry_9.$procdff$2435 ($dff) from module mkPositCore (D = $flatten\quire.\seg_adder_vff_carry_9.$procmux$1802_Y, Q = \quire.seg_adder_vff_carry_9.hasodata, rval = 1'0).
Adding EN signal on $auto$ff.cc:266:slice$3172 ($sdff) from module mkPositCore (D = $flatten\quire.\seg_adder_vff_carry_9.$procmux$1802_Y, Q = \quire.seg_adder_vff_carry_9.hasodata).
Adding SRST signal on $flatten\quire.\seg_adder_vff_carry_9.$procdff$2434 ($dff) from module mkPositCore (D = $flatten\quire.\seg_adder_vff_carry_9.$procmux$1811_Y, Q = \quire.seg_adder_vff_carry_9.tail, rval = 2'00).
Adding EN signal on $auto$ff.cc:266:slice$3176 ($sdff) from module mkPositCore (D = $flatten\quire.\seg_adder_vff_carry_9.$procmux$1811_Y, Q = \quire.seg_adder_vff_carry_9.tail).
Adding SRST signal on $flatten\quire.\seg_adder_vff_carry_9.$procdff$2433 ($dff) from module mkPositCore (D = $flatten\quire.\seg_adder_vff_carry_9.$procmux$1820_Y, Q = \quire.seg_adder_vff_carry_9.head, rval = 2'00).
Adding EN signal on $auto$ff.cc:266:slice$3184 ($sdff) from module mkPositCore (D = \quire.seg_adder_vff_carry_9.next_head, Q = \quire.seg_adder_vff_carry_9.head).
Adding SRST signal on $flatten\quire.\seg_adder_vff_carry_9.$procdff$2432 ($dff) from module mkPositCore (D = $flatten\quire.\seg_adder_vff_carry_9.$procmux$1829_Y, Q = \quire.seg_adder_vff_carry_9.ring_empty, rval = 1'1).
Adding EN signal on $auto$ff.cc:266:slice$3186 ($sdff) from module mkPositCore (D = $flatten\quire.\seg_adder_vff_carry_9.$procmux$1829_Y, Q = \quire.seg_adder_vff_carry_9.ring_empty).
Adding SRST signal on $flatten\quire.\seg_adder_vff_carry_9.$procdff$2431 ($dff) from module mkPositCore (D = $flatten\quire.\seg_adder_vff_carry_9.$procmux$1838_Y, Q = \quire.seg_adder_vff_carry_9.not_ring_full, rval = 1'1).
Adding EN signal on $auto$ff.cc:266:slice$3194 ($sdff) from module mkPositCore (D = $flatten\quire.\seg_adder_vff_carry_9.$procmux$1838_Y, Q = \quire.seg_adder_vff_carry_9.not_ring_full).
Adding EN signal on $flatten\quire.\seg_adder_vff_carry_9.$procdff$2430 ($dff) from module mkPositCore (D = $flatten\quire.\seg_adder_vff_carry_9.$0\D_OUT[0:0], Q = \quire.seg_adder_vff_carry_9.D_OUT).
Adding SRST signal on $flatten\quire.\seg_adder_vff_carry_8.$procdff$2435 ($dff) from module mkPositCore (D = $flatten\quire.\seg_adder_vff_carry_8.$procmux$1802_Y, Q = \quire.seg_adder_vff_carry_8.hasodata, rval = 1'0).
Adding EN signal on $auto$ff.cc:266:slice$3201 ($sdff) from module mkPositCore (D = $flatten\quire.\seg_adder_vff_carry_8.$procmux$1802_Y, Q = \quire.seg_adder_vff_carry_8.hasodata).
Adding SRST signal on $flatten\quire.\seg_adder_vff_carry_8.$procdff$2434 ($dff) from module mkPositCore (D = $flatten\quire.\seg_adder_vff_carry_8.$procmux$1811_Y, Q = \quire.seg_adder_vff_carry_8.tail, rval = 2'00).
Adding EN signal on $auto$ff.cc:266:slice$3205 ($sdff) from module mkPositCore (D = $flatten\quire.\seg_adder_vff_carry_8.$procmux$1811_Y, Q = \quire.seg_adder_vff_carry_8.tail).
Adding SRST signal on $flatten\quire.\seg_adder_vff_carry_8.$procdff$2433 ($dff) from module mkPositCore (D = $flatten\quire.\seg_adder_vff_carry_8.$procmux$1820_Y, Q = \quire.seg_adder_vff_carry_8.head, rval = 2'00).
Adding EN signal on $auto$ff.cc:266:slice$3213 ($sdff) from module mkPositCore (D = \quire.seg_adder_vff_carry_8.next_head, Q = \quire.seg_adder_vff_carry_8.head).
Adding SRST signal on $flatten\quire.\seg_adder_vff_carry_8.$procdff$2432 ($dff) from module mkPositCore (D = $flatten\quire.\seg_adder_vff_carry_8.$procmux$1829_Y, Q = \quire.seg_adder_vff_carry_8.ring_empty, rval = 1'1).
Adding EN signal on $auto$ff.cc:266:slice$3215 ($sdff) from module mkPositCore (D = $flatten\quire.\seg_adder_vff_carry_8.$procmux$1829_Y, Q = \quire.seg_adder_vff_carry_8.ring_empty).
Adding SRST signal on $flatten\quire.\seg_adder_vff_carry_8.$procdff$2431 ($dff) from module mkPositCore (D = $flatten\quire.\seg_adder_vff_carry_8.$procmux$1838_Y, Q = \quire.seg_adder_vff_carry_8.not_ring_full, rval = 1'1).
Adding EN signal on $auto$ff.cc:266:slice$3223 ($sdff) from module mkPositCore (D = $flatten\quire.\seg_adder_vff_carry_8.$procmux$1838_Y, Q = \quire.seg_adder_vff_carry_8.not_ring_full).
Adding EN signal on $flatten\quire.\seg_adder_vff_carry_8.$procdff$2430 ($dff) from module mkPositCore (D = $flatten\quire.\seg_adder_vff_carry_8.$0\D_OUT[0:0], Q = \quire.seg_adder_vff_carry_8.D_OUT).
Adding SRST signal on $flatten\quire.\seg_adder_vff_carry_7.$procdff$2435 ($dff) from module mkPositCore (D = $flatten\quire.\seg_adder_vff_carry_7.$procmux$1802_Y, Q = \quire.seg_adder_vff_carry_7.hasodata, rval = 1'0).
Adding EN signal on $auto$ff.cc:266:slice$3230 ($sdff) from module mkPositCore (D = $flatten\quire.\seg_adder_vff_carry_7.$procmux$1802_Y, Q = \quire.seg_adder_vff_carry_7.hasodata).
Adding SRST signal on $flatten\quire.\seg_adder_vff_carry_7.$procdff$2434 ($dff) from module mkPositCore (D = $flatten\quire.\seg_adder_vff_carry_7.$procmux$1811_Y, Q = \quire.seg_adder_vff_carry_7.tail, rval = 2'00).
Adding EN signal on $auto$ff.cc:266:slice$3234 ($sdff) from module mkPositCore (D = $flatten\quire.\seg_adder_vff_carry_7.$procmux$1811_Y, Q = \quire.seg_adder_vff_carry_7.tail).
Adding SRST signal on $flatten\quire.\seg_adder_vff_carry_7.$procdff$2433 ($dff) from module mkPositCore (D = $flatten\quire.\seg_adder_vff_carry_7.$procmux$1820_Y, Q = \quire.seg_adder_vff_carry_7.head, rval = 2'00).
Adding EN signal on $auto$ff.cc:266:slice$3242 ($sdff) from module mkPositCore (D = \quire.seg_adder_vff_carry_7.next_head, Q = \quire.seg_adder_vff_carry_7.head).
Adding SRST signal on $flatten\quire.\seg_adder_vff_carry_7.$procdff$2432 ($dff) from module mkPositCore (D = $flatten\quire.\seg_adder_vff_carry_7.$procmux$1829_Y, Q = \quire.seg_adder_vff_carry_7.ring_empty, rval = 1'1).
Adding EN signal on $auto$ff.cc:266:slice$3244 ($sdff) from module mkPositCore (D = $flatten\quire.\seg_adder_vff_carry_7.$procmux$1829_Y, Q = \quire.seg_adder_vff_carry_7.ring_empty).
Adding SRST signal on $flatten\quire.\seg_adder_vff_carry_7.$procdff$2431 ($dff) from module mkPositCore (D = $flatten\quire.\seg_adder_vff_carry_7.$procmux$1838_Y, Q = \quire.seg_adder_vff_carry_7.not_ring_full, rval = 1'1).
Adding EN signal on $auto$ff.cc:266:slice$3252 ($sdff) from module mkPositCore (D = $flatten\quire.\seg_adder_vff_carry_7.$procmux$1838_Y, Q = \quire.seg_adder_vff_carry_7.not_ring_full).
Adding EN signal on $flatten\quire.\seg_adder_vff_carry_7.$procdff$2430 ($dff) from module mkPositCore (D = $flatten\quire.\seg_adder_vff_carry_7.$0\D_OUT[0:0], Q = \quire.seg_adder_vff_carry_7.D_OUT).
Adding SRST signal on $flatten\quire.\seg_adder_vff_carry_6.$procdff$2435 ($dff) from module mkPositCore (D = $flatten\quire.\seg_adder_vff_carry_6.$procmux$1802_Y, Q = \quire.seg_adder_vff_carry_6.hasodata, rval = 1'0).
Adding EN signal on $auto$ff.cc:266:slice$3259 ($sdff) from module mkPositCore (D = $flatten\quire.\seg_adder_vff_carry_6.$procmux$1802_Y, Q = \quire.seg_adder_vff_carry_6.hasodata).
Adding SRST signal on $flatten\quire.\seg_adder_vff_carry_6.$procdff$2434 ($dff) from module mkPositCore (D = $flatten\quire.\seg_adder_vff_carry_6.$procmux$1811_Y, Q = \quire.seg_adder_vff_carry_6.tail, rval = 2'00).
Adding EN signal on $auto$ff.cc:266:slice$3263 ($sdff) from module mkPositCore (D = $flatten\quire.\seg_adder_vff_carry_6.$procmux$1811_Y, Q = \quire.seg_adder_vff_carry_6.tail).
Adding SRST signal on $flatten\quire.\seg_adder_vff_carry_6.$procdff$2433 ($dff) from module mkPositCore (D = $flatten\quire.\seg_adder_vff_carry_6.$procmux$1820_Y, Q = \quire.seg_adder_vff_carry_6.head, rval = 2'00).
Adding EN signal on $auto$ff.cc:266:slice$3271 ($sdff) from module mkPositCore (D = \quire.seg_adder_vff_carry_6.next_head, Q = \quire.seg_adder_vff_carry_6.head).
Adding SRST signal on $flatten\quire.\seg_adder_vff_carry_6.$procdff$2432 ($dff) from module mkPositCore (D = $flatten\quire.\seg_adder_vff_carry_6.$procmux$1829_Y, Q = \quire.seg_adder_vff_carry_6.ring_empty, rval = 1'1).
Adding EN signal on $auto$ff.cc:266:slice$3273 ($sdff) from module mkPositCore (D = $flatten\quire.\seg_adder_vff_carry_6.$procmux$1829_Y, Q = \quire.seg_adder_vff_carry_6.ring_empty).
Adding SRST signal on $flatten\quire.\seg_adder_vff_carry_6.$procdff$2431 ($dff) from module mkPositCore (D = $flatten\quire.\seg_adder_vff_carry_6.$procmux$1838_Y, Q = \quire.seg_adder_vff_carry_6.not_ring_full, rval = 1'1).
Adding EN signal on $auto$ff.cc:266:slice$3281 ($sdff) from module mkPositCore (D = $flatten\quire.\seg_adder_vff_carry_6.$procmux$1838_Y, Q = \quire.seg_adder_vff_carry_6.not_ring_full).
Adding EN signal on $flatten\quire.\seg_adder_vff_carry_6.$procdff$2430 ($dff) from module mkPositCore (D = $flatten\quire.\seg_adder_vff_carry_6.$0\D_OUT[0:0], Q = \quire.seg_adder_vff_carry_6.D_OUT).
Adding SRST signal on $flatten\quire.\seg_adder_vff_carry_5.$procdff$2435 ($dff) from module mkPositCore (D = $flatten\quire.\seg_adder_vff_carry_5.$procmux$1802_Y, Q = \quire.seg_adder_vff_carry_5.hasodata, rval = 1'0).
Adding EN signal on $auto$ff.cc:266:slice$3288 ($sdff) from module mkPositCore (D = $flatten\quire.\seg_adder_vff_carry_5.$procmux$1802_Y, Q = \quire.seg_adder_vff_carry_5.hasodata).
Adding SRST signal on $flatten\quire.\seg_adder_vff_carry_5.$procdff$2434 ($dff) from module mkPositCore (D = $flatten\quire.\seg_adder_vff_carry_5.$procmux$1811_Y, Q = \quire.seg_adder_vff_carry_5.tail, rval = 2'00).
Adding EN signal on $auto$ff.cc:266:slice$3292 ($sdff) from module mkPositCore (D = $flatten\quire.\seg_adder_vff_carry_5.$procmux$1811_Y, Q = \quire.seg_adder_vff_carry_5.tail).
Adding SRST signal on $flatten\quire.\seg_adder_vff_carry_5.$procdff$2433 ($dff) from module mkPositCore (D = $flatten\quire.\seg_adder_vff_carry_5.$procmux$1820_Y, Q = \quire.seg_adder_vff_carry_5.head, rval = 2'00).
Adding EN signal on $auto$ff.cc:266:slice$3300 ($sdff) from module mkPositCore (D = \quire.seg_adder_vff_carry_5.next_head, Q = \quire.seg_adder_vff_carry_5.head).
Adding SRST signal on $flatten\quire.\seg_adder_vff_carry_5.$procdff$2432 ($dff) from module mkPositCore (D = $flatten\quire.\seg_adder_vff_carry_5.$procmux$1829_Y, Q = \quire.seg_adder_vff_carry_5.ring_empty, rval = 1'1).
Adding EN signal on $auto$ff.cc:266:slice$3302 ($sdff) from module mkPositCore (D = $flatten\quire.\seg_adder_vff_carry_5.$procmux$1829_Y, Q = \quire.seg_adder_vff_carry_5.ring_empty).
Adding SRST signal on $flatten\quire.\seg_adder_vff_carry_5.$procdff$2431 ($dff) from module mkPositCore (D = $flatten\quire.\seg_adder_vff_carry_5.$procmux$1838_Y, Q = \quire.seg_adder_vff_carry_5.not_ring_full, rval = 1'1).
Adding EN signal on $auto$ff.cc:266:slice$3310 ($sdff) from module mkPositCore (D = $flatten\quire.\seg_adder_vff_carry_5.$procmux$1838_Y, Q = \quire.seg_adder_vff_carry_5.not_ring_full).
Adding EN signal on $flatten\quire.\seg_adder_vff_carry_5.$procdff$2430 ($dff) from module mkPositCore (D = $flatten\quire.\seg_adder_vff_carry_5.$0\D_OUT[0:0], Q = \quire.seg_adder_vff_carry_5.D_OUT).
Adding SRST signal on $flatten\quire.\seg_adder_vff_carry_4.$procdff$2435 ($dff) from module mkPositCore (D = $flatten\quire.\seg_adder_vff_carry_4.$procmux$1802_Y, Q = \quire.seg_adder_vff_carry_4.hasodata, rval = 1'0).
Adding EN signal on $auto$ff.cc:266:slice$3317 ($sdff) from module mkPositCore (D = $flatten\quire.\seg_adder_vff_carry_4.$procmux$1802_Y, Q = \quire.seg_adder_vff_carry_4.hasodata).
Adding SRST signal on $flatten\quire.\seg_adder_vff_carry_4.$procdff$2434 ($dff) from module mkPositCore (D = $flatten\quire.\seg_adder_vff_carry_4.$procmux$1811_Y, Q = \quire.seg_adder_vff_carry_4.tail, rval = 2'00).
Adding EN signal on $auto$ff.cc:266:slice$3321 ($sdff) from module mkPositCore (D = $flatten\quire.\seg_adder_vff_carry_4.$procmux$1811_Y, Q = \quire.seg_adder_vff_carry_4.tail).
Adding SRST signal on $flatten\quire.\seg_adder_vff_carry_4.$procdff$2433 ($dff) from module mkPositCore (D = $flatten\quire.\seg_adder_vff_carry_4.$procmux$1820_Y, Q = \quire.seg_adder_vff_carry_4.head, rval = 2'00).
Adding EN signal on $auto$ff.cc:266:slice$3329 ($sdff) from module mkPositCore (D = \quire.seg_adder_vff_carry_4.next_head, Q = \quire.seg_adder_vff_carry_4.head).
Adding SRST signal on $flatten\quire.\seg_adder_vff_carry_4.$procdff$2432 ($dff) from module mkPositCore (D = $flatten\quire.\seg_adder_vff_carry_4.$procmux$1829_Y, Q = \quire.seg_adder_vff_carry_4.ring_empty, rval = 1'1).
Adding EN signal on $auto$ff.cc:266:slice$3331 ($sdff) from module mkPositCore (D = $flatten\quire.\seg_adder_vff_carry_4.$procmux$1829_Y, Q = \quire.seg_adder_vff_carry_4.ring_empty).
Adding SRST signal on $flatten\quire.\seg_adder_vff_carry_4.$procdff$2431 ($dff) from module mkPositCore (D = $flatten\quire.\seg_adder_vff_carry_4.$procmux$1838_Y, Q = \quire.seg_adder_vff_carry_4.not_ring_full, rval = 1'1).
Adding EN signal on $auto$ff.cc:266:slice$3339 ($sdff) from module mkPositCore (D = $flatten\quire.\seg_adder_vff_carry_4.$procmux$1838_Y, Q = \quire.seg_adder_vff_carry_4.not_ring_full).
Adding EN signal on $flatten\quire.\seg_adder_vff_carry_4.$procdff$2430 ($dff) from module mkPositCore (D = $flatten\quire.\seg_adder_vff_carry_4.$0\D_OUT[0:0], Q = \quire.seg_adder_vff_carry_4.D_OUT).
Adding SRST signal on $flatten\quire.\seg_adder_vff_carry_3.$procdff$2435 ($dff) from module mkPositCore (D = $flatten\quire.\seg_adder_vff_carry_3.$procmux$1802_Y, Q = \quire.seg_adder_vff_carry_3.hasodata, rval = 1'0).
Adding EN signal on $auto$ff.cc:266:slice$3346 ($sdff) from module mkPositCore (D = $flatten\quire.\seg_adder_vff_carry_3.$procmux$1802_Y, Q = \quire.seg_adder_vff_carry_3.hasodata).
Adding SRST signal on $flatten\quire.\seg_adder_vff_carry_3.$procdff$2434 ($dff) from module mkPositCore (D = $flatten\quire.\seg_adder_vff_carry_3.$procmux$1811_Y, Q = \quire.seg_adder_vff_carry_3.tail, rval = 2'00).
Adding EN signal on $auto$ff.cc:266:slice$3350 ($sdff) from module mkPositCore (D = $flatten\quire.\seg_adder_vff_carry_3.$procmux$1811_Y, Q = \quire.seg_adder_vff_carry_3.tail).
Adding SRST signal on $flatten\quire.\seg_adder_vff_carry_3.$procdff$2433 ($dff) from module mkPositCore (D = $flatten\quire.\seg_adder_vff_carry_3.$procmux$1820_Y, Q = \quire.seg_adder_vff_carry_3.head, rval = 2'00).
Adding EN signal on $auto$ff.cc:266:slice$3358 ($sdff) from module mkPositCore (D = \quire.seg_adder_vff_carry_3.next_head, Q = \quire.seg_adder_vff_carry_3.head).
Adding SRST signal on $flatten\quire.\seg_adder_vff_carry_3.$procdff$2432 ($dff) from module mkPositCore (D = $flatten\quire.\seg_adder_vff_carry_3.$procmux$1829_Y, Q = \quire.seg_adder_vff_carry_3.ring_empty, rval = 1'1).
Adding EN signal on $auto$ff.cc:266:slice$3360 ($sdff) from module mkPositCore (D = $flatten\quire.\seg_adder_vff_carry_3.$procmux$1829_Y, Q = \quire.seg_adder_vff_carry_3.ring_empty).
Adding SRST signal on $flatten\quire.\seg_adder_vff_carry_3.$procdff$2431 ($dff) from module mkPositCore (D = $flatten\quire.\seg_adder_vff_carry_3.$procmux$1838_Y, Q = \quire.seg_adder_vff_carry_3.not_ring_full, rval = 1'1).
Adding EN signal on $auto$ff.cc:266:slice$3368 ($sdff) from module mkPositCore (D = $flatten\quire.\seg_adder_vff_carry_3.$procmux$1838_Y, Q = \quire.seg_adder_vff_carry_3.not_ring_full).
Adding EN signal on $flatten\quire.\seg_adder_vff_carry_3.$procdff$2430 ($dff) from module mkPositCore (D = $flatten\quire.\seg_adder_vff_carry_3.$0\D_OUT[0:0], Q = \quire.seg_adder_vff_carry_3.D_OUT).
Adding SRST signal on $flatten\quire.\seg_adder_vff_carry_2.$procdff$2435 ($dff) from module mkPositCore (D = $flatten\quire.\seg_adder_vff_carry_2.$procmux$1802_Y, Q = \quire.seg_adder_vff_carry_2.hasodata, rval = 1'0).
Adding EN signal on $auto$ff.cc:266:slice$3375 ($sdff) from module mkPositCore (D = $flatten\quire.\seg_adder_vff_carry_2.$procmux$1802_Y, Q = \quire.seg_adder_vff_carry_2.hasodata).
Adding SRST signal on $flatten\quire.\seg_adder_vff_carry_2.$procdff$2434 ($dff) from module mkPositCore (D = $flatten\quire.\seg_adder_vff_carry_2.$procmux$1811_Y, Q = \quire.seg_adder_vff_carry_2.tail, rval = 2'00).
Adding EN signal on $auto$ff.cc:266:slice$3379 ($sdff) from module mkPositCore (D = $flatten\quire.\seg_adder_vff_carry_2.$procmux$1811_Y, Q = \quire.seg_adder_vff_carry_2.tail).
Adding SRST signal on $flatten\quire.\seg_adder_vff_carry_2.$procdff$2433 ($dff) from module mkPositCore (D = $flatten\quire.\seg_adder_vff_carry_2.$procmux$1820_Y, Q = \quire.seg_adder_vff_carry_2.head, rval = 2'00).
Adding EN signal on $auto$ff.cc:266:slice$3387 ($sdff) from module mkPositCore (D = \quire.seg_adder_vff_carry_2.next_head, Q = \quire.seg_adder_vff_carry_2.head).
Adding SRST signal on $flatten\quire.\seg_adder_vff_carry_2.$procdff$2432 ($dff) from module mkPositCore (D = $flatten\quire.\seg_adder_vff_carry_2.$procmux$1829_Y, Q = \quire.seg_adder_vff_carry_2.ring_empty, rval = 1'1).
Adding EN signal on $auto$ff.cc:266:slice$3389 ($sdff) from module mkPositCore (D = $flatten\quire.\seg_adder_vff_carry_2.$procmux$1829_Y, Q = \quire.seg_adder_vff_carry_2.ring_empty).
Adding SRST signal on $flatten\quire.\seg_adder_vff_carry_2.$procdff$2431 ($dff) from module mkPositCore (D = $flatten\quire.\seg_adder_vff_carry_2.$procmux$1838_Y, Q = \quire.seg_adder_vff_carry_2.not_ring_full, rval = 1'1).
Adding EN signal on $auto$ff.cc:266:slice$3397 ($sdff) from module mkPositCore (D = $flatten\quire.\seg_adder_vff_carry_2.$procmux$1838_Y, Q = \quire.seg_adder_vff_carry_2.not_ring_full).
Adding EN signal on $flatten\quire.\seg_adder_vff_carry_2.$procdff$2430 ($dff) from module mkPositCore (D = $flatten\quire.\seg_adder_vff_carry_2.$0\D_OUT[0:0], Q = \quire.seg_adder_vff_carry_2.D_OUT).
Adding SRST signal on $flatten\quire.\seg_adder_vff_carry_14.$procdff$2435 ($dff) from module mkPositCore (D = $flatten\quire.\seg_adder_vff_carry_14.$procmux$1802_Y, Q = \quire.seg_adder_vff_carry_14.hasodata, rval = 1'0).
Adding EN signal on $auto$ff.cc:266:slice$3404 ($sdff) from module mkPositCore (D = $flatten\quire.\seg_adder_vff_carry_14.$procmux$1802_Y, Q = \quire.seg_adder_vff_carry_14.hasodata).
Adding SRST signal on $flatten\quire.\seg_adder_vff_carry_14.$procdff$2434 ($dff) from module mkPositCore (D = $flatten\quire.\seg_adder_vff_carry_14.$procmux$1811_Y, Q = \quire.seg_adder_vff_carry_14.tail, rval = 2'00).
Adding EN signal on $auto$ff.cc:266:slice$3408 ($sdff) from module mkPositCore (D = $flatten\quire.\seg_adder_vff_carry_14.$procmux$1811_Y, Q = \quire.seg_adder_vff_carry_14.tail).
Adding SRST signal on $flatten\quire.\seg_adder_vff_carry_14.$procdff$2433 ($dff) from module mkPositCore (D = $flatten\quire.\seg_adder_vff_carry_14.$procmux$1820_Y, Q = \quire.seg_adder_vff_carry_14.head, rval = 2'00).
Adding EN signal on $auto$ff.cc:266:slice$3416 ($sdff) from module mkPositCore (D = \quire.seg_adder_vff_carry_14.next_head, Q = \quire.seg_adder_vff_carry_14.head).
Adding SRST signal on $flatten\quire.\seg_adder_vff_carry_14.$procdff$2432 ($dff) from module mkPositCore (D = $flatten\quire.\seg_adder_vff_carry_14.$procmux$1829_Y, Q = \quire.seg_adder_vff_carry_14.ring_empty, rval = 1'1).
Adding EN signal on $auto$ff.cc:266:slice$3418 ($sdff) from module mkPositCore (D = $flatten\quire.\seg_adder_vff_carry_14.$procmux$1829_Y, Q = \quire.seg_adder_vff_carry_14.ring_empty).
Adding SRST signal on $flatten\quire.\seg_adder_vff_carry_14.$procdff$2431 ($dff) from module mkPositCore (D = $flatten\quire.\seg_adder_vff_carry_14.$procmux$1838_Y, Q = \quire.seg_adder_vff_carry_14.not_ring_full, rval = 1'1).
Adding EN signal on $auto$ff.cc:266:slice$3426 ($sdff) from module mkPositCore (D = $flatten\quire.\seg_adder_vff_carry_14.$procmux$1838_Y, Q = \quire.seg_adder_vff_carry_14.not_ring_full).
Adding EN signal on $flatten\quire.\seg_adder_vff_carry_14.$procdff$2430 ($dff) from module mkPositCore (D = $flatten\quire.\seg_adder_vff_carry_14.$0\D_OUT[0:0], Q = \quire.seg_adder_vff_carry_14.D_OUT).
Adding SRST signal on $flatten\quire.\seg_adder_vff_carry_13.$procdff$2435 ($dff) from module mkPositCore (D = $flatten\quire.\seg_adder_vff_carry_13.$procmux$1802_Y, Q = \quire.seg_adder_vff_carry_13.hasodata, rval = 1'0).
Adding EN signal on $auto$ff.cc:266:slice$3433 ($sdff) from module mkPositCore (D = $flatten\quire.\seg_adder_vff_carry_13.$procmux$1802_Y, Q = \quire.seg_adder_vff_carry_13.hasodata).
Adding SRST signal on $flatten\quire.\seg_adder_vff_carry_13.$procdff$2434 ($dff) from module mkPositCore (D = $flatten\quire.\seg_adder_vff_carry_13.$procmux$1811_Y, Q = \quire.seg_adder_vff_carry_13.tail, rval = 2'00).
Adding EN signal on $auto$ff.cc:266:slice$3437 ($sdff) from module mkPositCore (D = $flatten\quire.\seg_adder_vff_carry_13.$procmux$1811_Y, Q = \quire.seg_adder_vff_carry_13.tail).
Adding SRST signal on $flatten\quire.\seg_adder_vff_carry_13.$procdff$2433 ($dff) from module mkPositCore (D = $flatten\quire.\seg_adder_vff_carry_13.$procmux$1820_Y, Q = \quire.seg_adder_vff_carry_13.head, rval = 2'00).
Adding EN signal on $auto$ff.cc:266:slice$3445 ($sdff) from module mkPositCore (D = \quire.seg_adder_vff_carry_13.next_head, Q = \quire.seg_adder_vff_carry_13.head).
Adding SRST signal on $flatten\quire.\seg_adder_vff_carry_13.$procdff$2432 ($dff) from module mkPositCore (D = $flatten\quire.\seg_adder_vff_carry_13.$procmux$1829_Y, Q = \quire.seg_adder_vff_carry_13.ring_empty, rval = 1'1).
Adding EN signal on $auto$ff.cc:266:slice$3447 ($sdff) from module mkPositCore (D = $flatten\quire.\seg_adder_vff_carry_13.$procmux$1829_Y, Q = \quire.seg_adder_vff_carry_13.ring_empty).
Adding SRST signal on $flatten\quire.\seg_adder_vff_carry_13.$procdff$2431 ($dff) from module mkPositCore (D = $flatten\quire.\seg_adder_vff_carry_13.$procmux$1838_Y, Q = \quire.seg_adder_vff_carry_13.not_ring_full, rval = 1'1).
Adding EN signal on $auto$ff.cc:266:slice$3455 ($sdff) from module mkPositCore (D = $flatten\quire.\seg_adder_vff_carry_13.$procmux$1838_Y, Q = \quire.seg_adder_vff_carry_13.not_ring_full).
Adding EN signal on $flatten\quire.\seg_adder_vff_carry_13.$procdff$2430 ($dff) from module mkPositCore (D = $flatten\quire.\seg_adder_vff_carry_13.$0\D_OUT[0:0], Q = \quire.seg_adder_vff_carry_13.D_OUT).
Adding SRST signal on $flatten\quire.\seg_adder_vff_carry_12.$procdff$2435 ($dff) from module mkPositCore (D = $flatten\quire.\seg_adder_vff_carry_12.$procmux$1802_Y, Q = \quire.seg_adder_vff_carry_12.hasodata, rval = 1'0).
Adding EN signal on $auto$ff.cc:266:slice$3462 ($sdff) from module mkPositCore (D = $flatten\quire.\seg_adder_vff_carry_12.$procmux$1802_Y, Q = \quire.seg_adder_vff_carry_12.hasodata).
Adding SRST signal on $flatten\quire.\seg_adder_vff_carry_12.$procdff$2434 ($dff) from module mkPositCore (D = $flatten\quire.\seg_adder_vff_carry_12.$procmux$1811_Y, Q = \quire.seg_adder_vff_carry_12.tail, rval = 2'00).
Adding EN signal on $auto$ff.cc:266:slice$3466 ($sdff) from module mkPositCore (D = $flatten\quire.\seg_adder_vff_carry_12.$procmux$1811_Y, Q = \quire.seg_adder_vff_carry_12.tail).
Adding SRST signal on $flatten\quire.\seg_adder_vff_carry_12.$procdff$2433 ($dff) from module mkPositCore (D = $flatten\quire.\seg_adder_vff_carry_12.$procmux$1820_Y, Q = \quire.seg_adder_vff_carry_12.head, rval = 2'00).
Adding EN signal on $auto$ff.cc:266:slice$3474 ($sdff) from module mkPositCore (D = \quire.seg_adder_vff_carry_12.next_head, Q = \quire.seg_adder_vff_carry_12.head).
Adding SRST signal on $flatten\quire.\seg_adder_vff_carry_12.$procdff$2432 ($dff) from module mkPositCore (D = $flatten\quire.\seg_adder_vff_carry_12.$procmux$1829_Y, Q = \quire.seg_adder_vff_carry_12.ring_empty, rval = 1'1).
Adding EN signal on $auto$ff.cc:266:slice$3476 ($sdff) from module mkPositCore (D = $flatten\quire.\seg_adder_vff_carry_12.$procmux$1829_Y, Q = \quire.seg_adder_vff_carry_12.ring_empty).
Adding SRST signal on $flatten\quire.\seg_adder_vff_carry_12.$procdff$2431 ($dff) from module mkPositCore (D = $flatten\quire.\seg_adder_vff_carry_12.$procmux$1838_Y, Q = \quire.seg_adder_vff_carry_12.not_ring_full, rval = 1'1).
Adding EN signal on $auto$ff.cc:266:slice$3484 ($sdff) from module mkPositCore (D = $flatten\quire.\seg_adder_vff_carry_12.$procmux$1838_Y, Q = \quire.seg_adder_vff_carry_12.not_ring_full).
Adding EN signal on $flatten\quire.\seg_adder_vff_carry_12.$procdff$2430 ($dff) from module mkPositCore (D = $flatten\quire.\seg_adder_vff_carry_12.$0\D_OUT[0:0], Q = \quire.seg_adder_vff_carry_12.D_OUT).
Adding SRST signal on $flatten\quire.\seg_adder_vff_carry_11.$procdff$2435 ($dff) from module mkPositCore (D = $flatten\quire.\seg_adder_vff_carry_11.$procmux$1802_Y, Q = \quire.seg_adder_vff_carry_11.hasodata, rval = 1'0).
Adding EN signal on $auto$ff.cc:266:slice$3491 ($sdff) from module mkPositCore (D = $flatten\quire.\seg_adder_vff_carry_11.$procmux$1802_Y, Q = \quire.seg_adder_vff_carry_11.hasodata).
Adding SRST signal on $flatten\quire.\seg_adder_vff_carry_11.$procdff$2434 ($dff) from module mkPositCore (D = $flatten\quire.\seg_adder_vff_carry_11.$procmux$1811_Y, Q = \quire.seg_adder_vff_carry_11.tail, rval = 2'00).
Adding EN signal on $auto$ff.cc:266:slice$3495 ($sdff) from module mkPositCore (D = $flatten\quire.\seg_adder_vff_carry_11.$procmux$1811_Y, Q = \quire.seg_adder_vff_carry_11.tail).
Adding SRST signal on $flatten\quire.\seg_adder_vff_carry_11.$procdff$2433 ($dff) from module mkPositCore (D = $flatten\quire.\seg_adder_vff_carry_11.$procmux$1820_Y, Q = \quire.seg_adder_vff_carry_11.head, rval = 2'00).
Adding EN signal on $auto$ff.cc:266:slice$3503 ($sdff) from module mkPositCore (D = \quire.seg_adder_vff_carry_11.next_head, Q = \quire.seg_adder_vff_carry_11.head).
Adding SRST signal on $flatten\quire.\seg_adder_vff_carry_11.$procdff$2432 ($dff) from module mkPositCore (D = $flatten\quire.\seg_adder_vff_carry_11.$procmux$1829_Y, Q = \quire.seg_adder_vff_carry_11.ring_empty, rval = 1'1).
Adding EN signal on $auto$ff.cc:266:slice$3505 ($sdff) from module mkPositCore (D = $flatten\quire.\seg_adder_vff_carry_11.$procmux$1829_Y, Q = \quire.seg_adder_vff_carry_11.ring_empty).
Adding SRST signal on $flatten\quire.\seg_adder_vff_carry_11.$procdff$2431 ($dff) from module mkPositCore (D = $flatten\quire.\seg_adder_vff_carry_11.$procmux$1838_Y, Q = \quire.seg_adder_vff_carry_11.not_ring_full, rval = 1'1).
Adding EN signal on $auto$ff.cc:266:slice$3513 ($sdff) from module mkPositCore (D = $flatten\quire.\seg_adder_vff_carry_11.$procmux$1838_Y, Q = \quire.seg_adder_vff_carry_11.not_ring_full).
Adding EN signal on $flatten\quire.\seg_adder_vff_carry_11.$procdff$2430 ($dff) from module mkPositCore (D = $flatten\quire.\seg_adder_vff_carry_11.$0\D_OUT[0:0], Q = \quire.seg_adder_vff_carry_11.D_OUT).
Adding SRST signal on $flatten\quire.\seg_adder_vff_carry_10.$procdff$2435 ($dff) from module mkPositCore (D = $flatten\quire.\seg_adder_vff_carry_10.$procmux$1802_Y, Q = \quire.seg_adder_vff_carry_10.hasodata, rval = 1'0).
Adding EN signal on $auto$ff.cc:266:slice$3520 ($sdff) from module mkPositCore (D = $flatten\quire.\seg_adder_vff_carry_10.$procmux$1802_Y, Q = \quire.seg_adder_vff_carry_10.hasodata).
Adding SRST signal on $flatten\quire.\seg_adder_vff_carry_10.$procdff$2434 ($dff) from module mkPositCore (D = $flatten\quire.\seg_adder_vff_carry_10.$procmux$1811_Y, Q = \quire.seg_adder_vff_carry_10.tail, rval = 2'00).
Adding EN signal on $auto$ff.cc:266:slice$3524 ($sdff) from module mkPositCore (D = $flatten\quire.\seg_adder_vff_carry_10.$procmux$1811_Y, Q = \quire.seg_adder_vff_carry_10.tail).
Adding SRST signal on $flatten\quire.\seg_adder_vff_carry_10.$procdff$2433 ($dff) from module mkPositCore (D = $flatten\quire.\seg_adder_vff_carry_10.$procmux$1820_Y, Q = \quire.seg_adder_vff_carry_10.head, rval = 2'00).
Adding EN signal on $auto$ff.cc:266:slice$3532 ($sdff) from module mkPositCore (D = \quire.seg_adder_vff_carry_10.next_head, Q = \quire.seg_adder_vff_carry_10.head).
Adding SRST signal on $flatten\quire.\seg_adder_vff_carry_10.$procdff$2432 ($dff) from module mkPositCore (D = $flatten\quire.\seg_adder_vff_carry_10.$procmux$1829_Y, Q = \quire.seg_adder_vff_carry_10.ring_empty, rval = 1'1).
Adding EN signal on $auto$ff.cc:266:slice$3534 ($sdff) from module mkPositCore (D = $flatten\quire.\seg_adder_vff_carry_10.$procmux$1829_Y, Q = \quire.seg_adder_vff_carry_10.ring_empty).
Adding SRST signal on $flatten\quire.\seg_adder_vff_carry_10.$procdff$2431 ($dff) from module mkPositCore (D = $flatten\quire.\seg_adder_vff_carry_10.$procmux$1838_Y, Q = \quire.seg_adder_vff_carry_10.not_ring_full, rval = 1'1).
Adding EN signal on $auto$ff.cc:266:slice$3542 ($sdff) from module mkPositCore (D = $flatten\quire.\seg_adder_vff_carry_10.$procmux$1838_Y, Q = \quire.seg_adder_vff_carry_10.not_ring_full).
Adding EN signal on $flatten\quire.\seg_adder_vff_carry_10.$procdff$2430 ($dff) from module mkPositCore (D = $flatten\quire.\seg_adder_vff_carry_10.$0\D_OUT[0:0], Q = \quire.seg_adder_vff_carry_10.D_OUT).
Adding SRST signal on $flatten\quire.\seg_adder_vff_carry_1.$procdff$2435 ($dff) from module mkPositCore (D = $flatten\quire.\seg_adder_vff_carry_1.$procmux$1802_Y, Q = \quire.seg_adder_vff_carry_1.hasodata, rval = 1'0).
Adding EN signal on $auto$ff.cc:266:slice$3549 ($sdff) from module mkPositCore (D = $flatten\quire.\seg_adder_vff_carry_1.$procmux$1802_Y, Q = \quire.seg_adder_vff_carry_1.hasodata).
Adding SRST signal on $flatten\quire.\seg_adder_vff_carry_1.$procdff$2434 ($dff) from module mkPositCore (D = $flatten\quire.\seg_adder_vff_carry_1.$procmux$1811_Y, Q = \quire.seg_adder_vff_carry_1.tail, rval = 2'00).
Adding EN signal on $auto$ff.cc:266:slice$3553 ($sdff) from module mkPositCore (D = $flatten\quire.\seg_adder_vff_carry_1.$procmux$1811_Y, Q = \quire.seg_adder_vff_carry_1.tail).
Adding SRST signal on $flatten\quire.\seg_adder_vff_carry_1.$procdff$2433 ($dff) from module mkPositCore (D = $flatten\quire.\seg_adder_vff_carry_1.$procmux$1820_Y, Q = \quire.seg_adder_vff_carry_1.head, rval = 2'00).
Adding EN signal on $auto$ff.cc:266:slice$3561 ($sdff) from module mkPositCore (D = \quire.seg_adder_vff_carry_1.next_head, Q = \quire.seg_adder_vff_carry_1.head).
Adding SRST signal on $flatten\quire.\seg_adder_vff_carry_1.$procdff$2432 ($dff) from module mkPositCore (D = $flatten\quire.\seg_adder_vff_carry_1.$procmux$1829_Y, Q = \quire.seg_adder_vff_carry_1.ring_empty, rval = 1'1).
Adding EN signal on $auto$ff.cc:266:slice$3563 ($sdff) from module mkPositCore (D = $flatten\quire.\seg_adder_vff_carry_1.$procmux$1829_Y, Q = \quire.seg_adder_vff_carry_1.ring_empty).
Adding SRST signal on $flatten\quire.\seg_adder_vff_carry_1.$procdff$2431 ($dff) from module mkPositCore (D = $flatten\quire.\seg_adder_vff_carry_1.$procmux$1838_Y, Q = \quire.seg_adder_vff_carry_1.not_ring_full, rval = 1'1).
Adding EN signal on $auto$ff.cc:266:slice$3571 ($sdff) from module mkPositCore (D = $flatten\quire.\seg_adder_vff_carry_1.$procmux$1838_Y, Q = \quire.seg_adder_vff_carry_1.not_ring_full).
Adding EN signal on $flatten\quire.\seg_adder_vff_carry_1.$procdff$2430 ($dff) from module mkPositCore (D = $flatten\quire.\seg_adder_vff_carry_1.$0\D_OUT[0:0], Q = \quire.seg_adder_vff_carry_1.D_OUT).
Adding SRST signal on $flatten\quire.\seg_adder_vff_carry_0.$procdff$2435 ($dff) from module mkPositCore (D = $flatten\quire.\seg_adder_vff_carry_0.$procmux$1802_Y, Q = \quire.seg_adder_vff_carry_0.hasodata, rval = 1'0).
Adding EN signal on $auto$ff.cc:266:slice$3578 ($sdff) from module mkPositCore (D = $flatten\quire.\seg_adder_vff_carry_0.$procmux$1802_Y, Q = \quire.seg_adder_vff_carry_0.hasodata).
Adding SRST signal on $flatten\quire.\seg_adder_vff_carry_0.$procdff$2434 ($dff) from module mkPositCore (D = $flatten\quire.\seg_adder_vff_carry_0.$procmux$1811_Y, Q = \quire.seg_adder_vff_carry_0.tail, rval = 2'00).
Adding EN signal on $auto$ff.cc:266:slice$3582 ($sdff) from module mkPositCore (D = $flatten\quire.\seg_adder_vff_carry_0.$procmux$1811_Y, Q = \quire.seg_adder_vff_carry_0.tail).
Adding SRST signal on $flatten\quire.\seg_adder_vff_carry_0.$procdff$2433 ($dff) from module mkPositCore (D = $flatten\quire.\seg_adder_vff_carry_0.$procmux$1820_Y, Q = \quire.seg_adder_vff_carry_0.head, rval = 2'00).
Adding EN signal on $auto$ff.cc:266:slice$3590 ($sdff) from module mkPositCore (D = \quire.seg_adder_vff_carry_0.next_head, Q = \quire.seg_adder_vff_carry_0.head).
Adding SRST signal on $flatten\quire.\seg_adder_vff_carry_0.$procdff$2432 ($dff) from module mkPositCore (D = $flatten\quire.\seg_adder_vff_carry_0.$procmux$1829_Y, Q = \quire.seg_adder_vff_carry_0.ring_empty, rval = 1'1).
Adding EN signal on $auto$ff.cc:266:slice$3592 ($sdff) from module mkPositCore (D = $flatten\quire.\seg_adder_vff_carry_0.$procmux$1829_Y, Q = \quire.seg_adder_vff_carry_0.ring_empty).
Adding SRST signal on $flatten\quire.\seg_adder_vff_carry_0.$procdff$2431 ($dff) from module mkPositCore (D = $flatten\quire.\seg_adder_vff_carry_0.$procmux$1838_Y, Q = \quire.seg_adder_vff_carry_0.not_ring_full, rval = 1'1).
Adding EN signal on $auto$ff.cc:266:slice$3600 ($sdff) from module mkPositCore (D = $flatten\quire.\seg_adder_vff_carry_0.$procmux$1838_Y, Q = \quire.seg_adder_vff_carry_0.not_ring_full).
Adding EN signal on $flatten\quire.\seg_adder_vff_carry_0.$procdff$2430 ($dff) from module mkPositCore (D = $flatten\quire.\seg_adder_vff_carry_0.$0\D_OUT[0:0], Q = \quire.seg_adder_vff_carry_0.D_OUT).
Adding SRST signal on $flatten\quire.\posit_rsp_f.$procdff$2426 ($dff) from module mkPositCore (D = $flatten\quire.\posit_rsp_f.$procmux$1779_Y, Q = \quire.posit_rsp_f.empty_reg, rval = 1'0).
Adding EN signal on $auto$ff.cc:266:slice$3607 ($sdff) from module mkPositCore (D = $flatten\quire.\posit_rsp_f.$procmux$1779_Y, Q = \quire.posit_rsp_f.empty_reg).
Adding EN signal on $flatten\quire.\posit_rsp_f.$procdff$2425 ($dff) from module mkPositCore (D = \quire.posit_rsp_f.D_IN, Q = \quire.posit_rsp_f.D_OUT).
Adding SRST signal on $auto$ff.cc:266:slice$3611 ($dffe) from module mkPositCore (D = \quire.IF_ff_num_msb_zeros_first__76_PLUS_1_77_BIT_9__ETC___d382 [2:0], Q = \quire.posit_rsp_f.D_OUT [31:29], rval = 3'000).
Adding SRST signal on $auto$ff.cc:266:slice$3611 ($dffe) from module mkPositCore (D = $flatten\quire.$ternary$/teamspace/studios/this_studio/Melodica-Integration-into-Fife-Core/Learn_Bluespec_and_RISCV_Design/Code/Build/Fife/verilog/mkQuire.v:2819$865_Y [6:4], Q = \quire.posit_rsp_f.D_OUT [35:33], rval = 3'000).
Adding SRST signal on $auto$ff.cc:266:slice$3611 ($dffe) from module mkPositCore (D = { \quire.vrg_quire_15 [31] \quire.MUX_posit_rsp_f$enq_1__VAL_2 [37] \quire.IF_IF_ff_num_msb_zeros_first__76_PLUS_1_77_BIT_ETC___d394 [7] \quire.IF_IF_ff_num_msb_zeros_first__76_PLUS_1_77_BIT_ETC___d394 [3] \quire.prenorm_posit_frac__h23946 \quire.x__h34653 \quire.x__h38265 }, Q = { \quire.posit_rsp_f.D_OUT [40] \quire.posit_rsp_f.D_OUT [37:36] \quire.posit_rsp_f.D_OUT [32] \quire.posit_rsp_f.D_OUT [28:0] }, rval = 33'000000000000000000000000000000001).
Adding SRST signal on $flatten\quire.\ff_num_msb_zeros.$procdff$2424 ($dff) from module mkPositCore (D = $flatten\quire.\ff_num_msb_zeros.$procmux$1766_Y, Q = \quire.ff_num_msb_zeros.empty_reg, rval = 1'0).
Adding EN signal on $auto$ff.cc:266:slice$3622 ($sdff) from module mkPositCore (D = $flatten\quire.\ff_num_msb_zeros.$procmux$1766_Y, Q = \quire.ff_num_msb_zeros.empty_reg).
Adding EN signal on $flatten\quire.\ff_num_msb_zeros.$procdff$2423 ($dff) from module mkPositCore (D = \quire.ff_num_msb_zeros.D_IN, Q = \quire.ff_num_msb_zeros.D_OUT).
Adding SRST signal on $flatten\quire.$procdff$2483 ($dff) from module mkPositCore (D = $flatten\quire.$procmux$1924_Y, Q = \quire.zero_counter_rg_seg_counter_busy, rval = 1'0).
Adding EN signal on $auto$ff.cc:266:slice$3627 ($sdff) from module mkPositCore (D = \quire.MUX_rg_read_busy$write_1__SEL_1, Q = \quire.zero_counter_rg_seg_counter_busy).
Adding EN signal on $flatten\quire.$procdff$2482 ($dff) from module mkPositCore (D = \quire.IF_INV_vrg_quire_seg_zero_15_07_92_THEN_0_ELSE_ETC___d723 [3:0], Q = \quire.zero_counter_rg_numZeroSegs).
Adding EN signal on $flatten\quire.$procdff$2481 ($dff) from module mkPositCore (D = \quire.zero_counter_rg_firstNonZeroSeg$D_IN, Q = \quire.zero_counter_rg_firstNonZeroSeg).
Adding SRST signal on $flatten\quire.$procdff$2480 ($dff) from module mkPositCore (D = $flatten\quire.$procmux$1933_Y, Q = \quire.vrg_quire_seg_zero_9, rval = 1'1).
Adding EN signal on $auto$ff.cc:266:slice$3631 ($sdff) from module mkPositCore (D = \quire.vrg_quire_seg_zero_9$D_IN, Q = \quire.vrg_quire_seg_zero_9).
Adding SRST signal on $flatten\quire.$procdff$2479 ($dff) from module mkPositCore (D = $flatten\quire.$procmux$1938_Y, Q = \quire.vrg_quire_seg_zero_8, rval = 1'1).
Adding EN signal on $auto$ff.cc:266:slice$3633 ($sdff) from module mkPositCore (D = \quire.vrg_quire_seg_zero_8$D_IN, Q = \quire.vrg_quire_seg_zero_8).
Adding SRST signal on $flatten\quire.$procdff$2478 ($dff) from module mkPositCore (D = $flatten\quire.$procmux$1943_Y, Q = \quire.vrg_quire_seg_zero_7, rval = 1'1).
Adding EN signal on $auto$ff.cc:266:slice$3635 ($sdff) from module mkPositCore (D = \quire.vrg_quire_seg_zero_7$D_IN, Q = \quire.vrg_quire_seg_zero_7).
Adding SRST signal on $flatten\quire.$procdff$2477 ($dff) from module mkPositCore (D = $flatten\quire.$procmux$1948_Y, Q = \quire.vrg_quire_seg_zero_6, rval = 1'1).
Adding EN signal on $auto$ff.cc:266:slice$3637 ($sdff) from module mkPositCore (D = \quire.vrg_quire_seg_zero_6$D_IN, Q = \quire.vrg_quire_seg_zero_6).
Adding SRST signal on $flatten\quire.$procdff$2476 ($dff) from module mkPositCore (D = $flatten\quire.$procmux$1953_Y, Q = \quire.vrg_quire_seg_zero_5, rval = 1'1).
Adding EN signal on $auto$ff.cc:266:slice$3639 ($sdff) from module mkPositCore (D = \quire.vrg_quire_seg_zero_5$D_IN, Q = \quire.vrg_quire_seg_zero_5).
Adding SRST signal on $flatten\quire.$procdff$2475 ($dff) from module mkPositCore (D = $flatten\quire.$procmux$1958_Y, Q = \quire.vrg_quire_seg_zero_4, rval = 1'1).
Adding EN signal on $auto$ff.cc:266:slice$3641 ($sdff) from module mkPositCore (D = \quire.vrg_quire_seg_zero_4$D_IN, Q = \quire.vrg_quire_seg_zero_4).
Adding SRST signal on $flatten\quire.$procdff$2474 ($dff) from module mkPositCore (D = $flatten\quire.$procmux$1963_Y, Q = \quire.vrg_quire_seg_zero_3, rval = 1'1).
Adding EN signal on $auto$ff.cc:266:slice$3643 ($sdff) from module mkPositCore (D = \quire.vrg_quire_seg_zero_3$D_IN, Q = \quire.vrg_quire_seg_zero_3).
Adding SRST signal on $flatten\quire.$procdff$2473 ($dff) from module mkPositCore (D = $flatten\quire.$procmux$1968_Y, Q = \quire.vrg_quire_seg_zero_2, rval = 1'1).
Adding EN signal on $auto$ff.cc:266:slice$3645 ($sdff) from module mkPositCore (D = \quire.vrg_quire_seg_zero_2$D_IN, Q = \quire.vrg_quire_seg_zero_2).
Adding SRST signal on $flatten\quire.$procdff$2472 ($dff) from module mkPositCore (D = $flatten\quire.$procmux$1973_Y, Q = \quire.vrg_quire_seg_zero_15, rval = 1'1).
Adding EN signal on $auto$ff.cc:266:slice$3647 ($sdff) from module mkPositCore (D = \quire.vrg_quire_seg_zero_15$D_IN, Q = \quire.vrg_quire_seg_zero_15).
Adding SRST signal on $flatten\quire.$procdff$2471 ($dff) from module mkPositCore (D = $flatten\quire.$procmux$1978_Y, Q = \quire.vrg_quire_seg_zero_14, rval = 1'1).
Adding EN signal on $auto$ff.cc:266:slice$3649 ($sdff) from module mkPositCore (D = \quire.vrg_quire_seg_zero_14$D_IN, Q = \quire.vrg_quire_seg_zero_14).
Adding SRST signal on $flatten\quire.$procdff$2470 ($dff) from module mkPositCore (D = $flatten\quire.$procmux$1983_Y, Q = \quire.vrg_quire_seg_zero_13, rval = 1'1).
Adding EN signal on $auto$ff.cc:266:slice$3651 ($sdff) from module mkPositCore (D = \quire.vrg_quire_seg_zero_13$D_IN, Q = \quire.vrg_quire_seg_zero_13).
Adding SRST signal on $flatten\quire.$procdff$2469 ($dff) from module mkPositCore (D = $flatten\quire.$procmux$1988_Y, Q = \quire.vrg_quire_seg_zero_12, rval = 1'1).
Adding EN signal on $auto$ff.cc:266:slice$3653 ($sdff) from module mkPositCore (D = \quire.vrg_quire_seg_zero_12$D_IN, Q = \quire.vrg_quire_seg_zero_12).
Adding SRST signal on $flatten\quire.$procdff$2468 ($dff) from module mkPositCore (D = $flatten\quire.$procmux$1993_Y, Q = \quire.vrg_quire_seg_zero_11, rval = 1'1).
Adding EN signal on $auto$ff.cc:266:slice$3655 ($sdff) from module mkPositCore (D = \quire.vrg_quire_seg_zero_11$D_IN, Q = \quire.vrg_quire_seg_zero_11).
Adding SRST signal on $flatten\quire.$procdff$2467 ($dff) from module mkPositCore (D = $flatten\quire.$procmux$1998_Y, Q = \quire.vrg_quire_seg_zero_10, rval = 1'1).
Adding EN signal on $auto$ff.cc:266:slice$3657 ($sdff) from module mkPositCore (D = \quire.vrg_quire_seg_zero_10$D_IN, Q = \quire.vrg_quire_seg_zero_10).
Adding SRST signal on $flatten\quire.$procdff$2466 ($dff) from module mkPositCore (D = $flatten\quire.$procmux$2003_Y, Q = \quire.vrg_quire_seg_zero_1, rval = 1'1).
Adding EN signal on $auto$ff.cc:266:slice$3659 ($sdff) from module mkPositCore (D = \quire.vrg_quire_seg_zero_1$D_IN, Q = \quire.vrg_quire_seg_zero_1).
Adding SRST signal on $flatten\quire.$procdff$2465 ($dff) from module mkPositCore (D = $flatten\quire.$procmux$2008_Y, Q = \quire.vrg_quire_seg_zero_0, rval = 1'1).
Adding EN signal on $auto$ff.cc:266:slice$3661 ($sdff) from module mkPositCore (D = \quire.vrg_quire_seg_zero_0$D_IN, Q = \quire.vrg_quire_seg_zero_0).
Adding SRST signal on $flatten\quire.$procdff$2464 ($dff) from module mkPositCore (D = $flatten\quire.$procmux$2013_Y, Q = \quire.vrg_quire_9, rval = 0).
Adding EN signal on $auto$ff.cc:266:slice$3663 ($sdff) from module mkPositCore (D = \quire.vrg_quire_9$D_IN, Q = \quire.vrg_quire_9).
Adding SRST signal on $flatten\quire.$procdff$2463 ($dff) from module mkPositCore (D = $flatten\quire.$procmux$2018_Y, Q = \quire.vrg_quire_8, rval = 0).
Adding EN signal on $auto$ff.cc:266:slice$3665 ($sdff) from module mkPositCore (D = \quire.vrg_quire_8$D_IN, Q = \quire.vrg_quire_8).
Adding SRST signal on $flatten\quire.$procdff$2462 ($dff) from module mkPositCore (D = $flatten\quire.$procmux$2023_Y, Q = \quire.vrg_quire_7, rval = 0).
Adding EN signal on $auto$ff.cc:266:slice$3667 ($sdff) from module mkPositCore (D = \quire.vrg_quire_7$D_IN, Q = \quire.vrg_quire_7).
Adding SRST signal on $flatten\quire.$procdff$2461 ($dff) from module mkPositCore (D = $flatten\quire.$procmux$2028_Y, Q = \quire.vrg_quire_6, rval = 0).
Adding EN signal on $auto$ff.cc:266:slice$3669 ($sdff) from module mkPositCore (D = \quire.vrg_quire_6$D_IN, Q = \quire.vrg_quire_6).
Adding SRST signal on $flatten\quire.$procdff$2460 ($dff) from module mkPositCore (D = $flatten\quire.$procmux$2033_Y, Q = \quire.vrg_quire_5, rval = 0).
Adding EN signal on $auto$ff.cc:266:slice$3671 ($sdff) from module mkPositCore (D = \quire.vrg_quire_5$D_IN, Q = \quire.vrg_quire_5).
Adding SRST signal on $flatten\quire.$procdff$2459 ($dff) from module mkPositCore (D = $flatten\quire.$procmux$2038_Y, Q = \quire.vrg_quire_4, rval = 0).
Adding EN signal on $auto$ff.cc:266:slice$3673 ($sdff) from module mkPositCore (D = \quire.vrg_quire_4$D_IN, Q = \quire.vrg_quire_4).
Adding SRST signal on $flatten\quire.$procdff$2458 ($dff) from module mkPositCore (D = $flatten\quire.$procmux$2043_Y, Q = \quire.vrg_quire_3, rval = 0).
Adding EN signal on $auto$ff.cc:266:slice$3675 ($sdff) from module mkPositCore (D = \quire.vrg_quire_3$D_IN, Q = \quire.vrg_quire_3).
Adding SRST signal on $flatten\quire.$procdff$2457 ($dff) from module mkPositCore (D = $flatten\quire.$procmux$2048_Y, Q = \quire.vrg_quire_2, rval = 0).
Adding EN signal on $auto$ff.cc:266:slice$3677 ($sdff) from module mkPositCore (D = \quire.vrg_quire_2$D_IN, Q = \quire.vrg_quire_2).
Adding SRST signal on $flatten\quire.$procdff$2456 ($dff) from module mkPositCore (D = $flatten\quire.$procmux$2053_Y, Q = \quire.vrg_quire_15, rval = 0).
Adding EN signal on $auto$ff.cc:266:slice$3679 ($sdff) from module mkPositCore (D = \quire.vrg_quire_15$D_IN, Q = \quire.vrg_quire_15).
Adding SRST signal on $flatten\quire.$procdff$2455 ($dff) from module mkPositCore (D = $flatten\quire.$procmux$2058_Y, Q = \quire.vrg_quire_14, rval = 0).
Adding EN signal on $auto$ff.cc:266:slice$3681 ($sdff) from module mkPositCore (D = \quire.vrg_quire_14$D_IN, Q = \quire.vrg_quire_14).
Adding SRST signal on $flatten\quire.$procdff$2454 ($dff) from module mkPositCore (D = $flatten\quire.$procmux$2063_Y, Q = \quire.vrg_quire_13, rval = 0).
Adding EN signal on $auto$ff.cc:266:slice$3683 ($sdff) from module mkPositCore (D = \quire.vrg_quire_13$D_IN, Q = \quire.vrg_quire_13).
Adding SRST signal on $flatten\quire.$procdff$2453 ($dff) from module mkPositCore (D = $flatten\quire.$procmux$2068_Y, Q = \quire.vrg_quire_12, rval = 0).
Adding EN signal on $auto$ff.cc:266:slice$3685 ($sdff) from module mkPositCore (D = \quire.vrg_quire_12$D_IN, Q = \quire.vrg_quire_12).
Adding SRST signal on $flatten\quire.$procdff$2452 ($dff) from module mkPositCore (D = $flatten\quire.$procmux$2073_Y, Q = \quire.vrg_quire_11, rval = 0).
Adding EN signal on $auto$ff.cc:266:slice$3687 ($sdff) from module mkPositCore (D = \quire.vrg_quire_11$D_IN, Q = \quire.vrg_quire_11).
Adding SRST signal on $flatten\quire.$procdff$2451 ($dff) from module mkPositCore (D = $flatten\quire.$procmux$2078_Y, Q = \quire.vrg_quire_10, rval = 0).
Adding EN signal on $auto$ff.cc:266:slice$3689 ($sdff) from module mkPositCore (D = \quire.vrg_quire_10$D_IN, Q = \quire.vrg_quire_10).
Adding SRST signal on $flatten\quire.$procdff$2450 ($dff) from module mkPositCore (D = $flatten\quire.$procmux$2083_Y, Q = \quire.vrg_quire_1, rval = 0).
Adding EN signal on $auto$ff.cc:266:slice$3691 ($sdff) from module mkPositCore (D = \quire.vrg_quire_1$D_IN, Q = \quire.vrg_quire_1).
Adding SRST signal on $flatten\quire.$procdff$2449 ($dff) from module mkPositCore (D = $flatten\quire.$procmux$2088_Y, Q = \quire.vrg_quire_0, rval = 0).
Adding EN signal on $auto$ff.cc:266:slice$3693 ($sdff) from module mkPositCore (D = \quire.vrg_quire_0$D_IN, Q = \quire.vrg_quire_0).
Adding SRST signal on $flatten\quire.$procdff$2448 ($dff) from module mkPositCore (D = $flatten\quire.$procmux$2093_Y, Q = \quire.seg_adder_rg_inFlight, rval = 4'0000).
Adding EN signal on $auto$ff.cc:266:slice$3695 ($sdff) from module mkPositCore (D = \quire.seg_adder_rg_inFlight$D_IN, Q = \quire.seg_adder_rg_inFlight).
Adding SRST signal on $flatten\quire.$procdff$2447 ($dff) from module mkPositCore (D = $flatten\quire.$procmux$2098_Y, Q = \quire.rg_seg_zero_upd, rval = 1'1).
Adding EN signal on $auto$ff.cc:266:slice$3697 ($sdff) from module mkPositCore (D = \quire.rg_seg_zero_upd$D_IN, Q = \quire.rg_seg_zero_upd).
Adding SRST signal on $flatten\quire.$procdff$2446 ($dff) from module mkPositCore (D = $flatten\quire.$procmux$2103_Y, Q = \quire.rg_read_busy, rval = 1'0).
Adding EN signal on $auto$ff.cc:266:slice$3699 ($sdff) from module mkPositCore (D = \quire.MUX_rg_read_busy$write_1__SEL_1, Q = \quire.rg_read_busy).
Adding SRST signal on $flatten\ptof.\ffO.$procdff$2497 ($dff) from module mkPositCore (D = $flatten\ptof.\ffO.$procmux$2392_Y, Q = \ptof.ffO.full_reg, rval = 1'1).
Adding EN signal on $auto$ff.cc:266:slice$3701 ($sdff) from module mkPositCore (D = $flatten\ptof.\ffO.$procmux$2392_Y, Q = \ptof.ffO.full_reg).
Adding SRST signal on $flatten\ptof.\ffO.$procdff$2496 ($dff) from module mkPositCore (D = $flatten\ptof.\ffO.$procmux$2403_Y, Q = \ptof.ffO.empty_reg, rval = 1'0).
Adding EN signal on $auto$ff.cc:266:slice$3705 ($sdff) from module mkPositCore (D = $flatten\ptof.\ffO.$procmux$2403_Y, Q = \ptof.ffO.empty_reg).
Adding EN signal on $flatten\ptof.\ffO.$procdff$2495 ($dff) from module mkPositCore (D = { \ptof.float_no__h170 \ptof.ffO.D_IN [2:1] \ptof.add_round__h168 }, Q = \ptof.ffO.data1_reg).
Adding SRST signal on $flatten\normalizer.\ff_stg1_in.$procdff$2418 ($dff) from module mkPositCore (D = $flatten\normalizer.\ff_stg1_in.$procmux$1727_Y, Q = \normalizer.ff_stg1_in.empty_reg, rval = 1'0).
Adding EN signal on $auto$ff.cc:266:slice$3710 ($sdff) from module mkPositCore (D = $flatten\normalizer.\ff_stg1_in.$procmux$1727_Y, Q = \normalizer.ff_stg1_in.empty_reg).
Adding EN signal on $flatten\normalizer.\ff_stg1_in.$procdff$2417 ($dff) from module mkPositCore (D = { \normalizer.request_put [40:37] \normalizer.k_expo__h3177 \normalizer.x__h6138 [26:0] \normalizer.IF_30_MINUS_IF_request_put_BIT_36_05_THEN_INV__ETC___d140 \normalizer.x__h6171 \normalizer.ff_stg1_in.D_IN [1:0] }, Q = \normalizer.ff_stg1_in.D_OUT).
Adding SRST signal on $auto$ff.cc:266:slice$3714 ($dffe) from module mkPositCore (D = \normalizer.IF_request_put_BIT_36_05_THEN_1_SL_30_MINUS_IN_ETC___d147, Q = \normalizer.ff_stg1_in.D_OUT [65:35], rval = 31'1111111111111111111111111111111).
Adding SRST signal on $flatten\normalizer.\ff_o.$procdff$2416 ($dff) from module mkPositCore (D = $flatten\normalizer.\ff_o.$procmux$1714_Y, Q = \normalizer.ff_o.empty_reg, rval = 1'0).
Adding EN signal on $auto$ff.cc:266:slice$3717 ($sdff) from module mkPositCore (D = $flatten\normalizer.\ff_o.$procmux$1714_Y, Q = \normalizer.ff_o.empty_reg).
Adding EN signal on $flatten\normalizer.\ff_o.$procdff$2415 ($dff) from module mkPositCore (D = { \normalizer.output_regf_posit__h3073 \normalizer.ff_stg1_in.D_OUT [68:66] \normalizer.ff_o.D_IN [0] }, Q = \normalizer.ff_o.D_OUT).
Adding SRST signal on $flatten\multiplier.\ff_to_quire.$procdff$2422 ($dff) from module mkPositCore (D = $flatten\multiplier.\ff_to_quire.$procmux$1753_Y, Q = \multiplier.ff_to_quire.empty_reg, rval = 1'0).
Adding EN signal on $auto$ff.cc:266:slice$3722 ($sdff) from module mkPositCore (D = $flatten\multiplier.\ff_to_quire.$procmux$1753_Y, Q = \multiplier.ff_to_quire.empty_reg).
Adding EN signal on $flatten\multiplier.\ff_to_quire.$procdff$2421 ($dff) from module mkPositCore (D = { \multiplier.ff_pipe_reg.D_OUT [65] \multiplier.qif__h247 \multiplier.ff_pipe_reg.D_OUT [68:66] 2'01 }, Q = \multiplier.ff_to_quire.D_OUT).
Adding SRST signal on $flatten\multiplier.\ff_pipe_reg.$procdff$2420 ($dff) from module mkPositCore (D = $flatten\multiplier.\ff_pipe_reg.$procmux$1740_Y, Q = \multiplier.ff_pipe_reg.empty_reg, rval = 1'0).
Adding EN signal on $auto$ff.cc:266:slice$3727 ($sdff) from module mkPositCore (D = $flatten\multiplier.\ff_pipe_reg.$procmux$1740_Y, Q = \multiplier.ff_pipe_reg.empty_reg).
Adding EN signal on $flatten\multiplier.\ff_pipe_reg.$procdff$2419 ($dff) from module mkPositCore (D = { \multiplier.ff_pipe_reg.D_IN [68:66] \multiplier.stage0_regf_sign__h4571 \multiplier.SEXT_request_put_BITS_72_TO_65_8_9_PLUS_SEXT_r_ETC___d82 \multiplier._0_CONCAT_IF_request_put_BITS_75_TO_74_6_EQ_2_2_ETC___d89 [55:0] }, Q = \multiplier.ff_pipe_reg.D_OUT).
Adding SRST signal on $auto$ff.cc:266:slice$3731 ($dffe) from module mkPositCore (D = $flatten\multiplier.$ternary$/teamspace/studios/this_studio/Melodica-Integration-into-Fife-Core/Learn_Bluespec_and_RISCV_Design/Code/Build/Fife/verilog/mkMultiplier.v:165$1024_Y, Q = \multiplier.ff_pipe_reg.D_OUT [67:66], rval = 2'10).
Adding SRST signal on $flatten\ftop.\ffO.$procdff$2426 ($dff) from module mkPositCore (D = $flatten\ftop.\ffO.$procmux$1779_Y, Q = \ftop.ffO.empty_reg, rval = 1'0).
Adding EN signal on $auto$ff.cc:266:slice$3734 ($sdff) from module mkPositCore (D = $flatten\ftop.\ffO.$procmux$1779_Y, Q = \ftop.ffO.empty_reg).
Adding EN signal on $flatten\ftop.\ffO.$procdff$2425 ($dff) from module mkPositCore (D = { \ffI.data0_reg [103] \ftop.ffO.D_IN [39:37] \ftop.x_scale__h164 \ftop.IF_IF_0_CONCAT_request_put_BITS_30_TO_23_3_MIN_ETC___d50 }, Q = \ftop.ffO.D_OUT).
Adding SRST signal on $auto$ff.cc:266:slice$3738 ($dffe) from module mkPositCore (D = $flatten\ftop.$ternary$/teamspace/studios/this_studio/Melodica-Integration-into-Fife-Core/Learn_Bluespec_and_RISCV_Design/Code/Build/Fife/verilog/mkFtoP_PNE.v:118$1260_Y, Q = \ftop.ffO.D_OUT [39:38], rval = 2'01).
Adding SRST signal on $auto$ff.cc:266:slice$3738 ($dffe) from module mkPositCore (D = \ftop._0_CONCAT_request_put_BITS_30_TO_23_MINUS_127__q1 [3:0], Q = \ftop.ffO.D_OUT [32:29], rval = 4'1000).
Adding SRST signal on $auto$ff.cc:266:slice$3738 ($dffe) from module mkPositCore (D = $flatten\ftop.$ternary$/teamspace/studios/this_studio/Melodica-Integration-into-Fife-Core/Learn_Bluespec_and_RISCV_Design/Code/Build/Fife/verilog/mkFtoP_PNE.v:191$1292_Y [7:4], Q = \ftop.ffO.D_OUT [36:33], rval = 4'1000).
Adding SRST signal on $flatten\ffO.$procdff$2493 ($dff) from module mkPositCore (D = $flatten\ffO.$procmux$2381_Y, Q = \ffO.empty_reg, rval = 1'0).
Adding EN signal on $auto$ff.cc:266:slice$3747 ($sdff) from module mkPositCore (D = $flatten\ffO.$procmux$2381_Y, Q = \ffO.empty_reg).
Adding EN signal on $flatten\ffO.$procdff$2492 ($dff) from module mkPositCore (D = \ffO.D_IN, Q = \ffO.D_OUT).
Adding SRST signal on $auto$ff.cc:266:slice$3751 ($dffe) from module mkPositCore (D = \normalizer.ff_o.D_OUT [1], Q = \ffO.D_OUT [4], rval = 1'0).
Adding SRST signal on $flatten\ffI.$procdff$2491 ($dff) from module mkPositCore (D = $flatten\ffI.$procmux$2357_Y, Q = \ffI.full_reg, rval = 1'1).
Adding EN signal on $auto$ff.cc:266:slice$3754 ($sdff) from module mkPositCore (D = $flatten\ffI.$procmux$2357_Y, Q = \ffI.full_reg).
Adding SRST signal on $flatten\ffI.$procdff$2490 ($dff) from module mkPositCore (D = $flatten\ffI.$procmux$2368_Y, Q = \ffI.empty_reg, rval = 1'0).
Adding EN signal on $auto$ff.cc:266:slice$3758 ($sdff) from module mkPositCore (D = $flatten\ffI.$procmux$2368_Y, Q = \ffI.empty_reg).
Adding EN signal on $flatten\ffI.$procdff$2489 ($dff) from module mkPositCore (D = \server_core_request_put, Q = \ffI.data1_reg).
Adding SRST signal on $flatten\extracter2.\ff_extract_out.$procdff$2414 ($dff) from module mkPositCore (D = $flatten\extracter2.\ff_extract_out.$procmux$1690_Y, Q = \extracter2.ff_extract_out.full_reg, rval = 1'1).
Adding EN signal on $auto$ff.cc:266:slice$3763 ($sdff) from module mkPositCore (D = $flatten\extracter2.\ff_extract_out.$procmux$1690_Y, Q = \extracter2.ff_extract_out.full_reg).
Adding SRST signal on $flatten\extracter2.\ff_extract_out.$procdff$2413 ($dff) from module mkPositCore (D = $flatten\extracter2.\ff_extract_out.$procmux$1701_Y, Q = \extracter2.ff_extract_out.empty_reg, rval = 1'0).
Adding EN signal on $auto$ff.cc:266:slice$3767 ($sdff) from module mkPositCore (D = $flatten\extracter2.\ff_extract_out.$procmux$1701_Y, Q = \extracter2.ff_extract_out.empty_reg).
Adding EN signal on $flatten\extracter2.\ff_extract_out.$procdff$2412 ($dff) from module mkPositCore (D = { \extracter2.ff_extract_out.D_IN [37:36] \extracter2.request_put [31] \extracter2.IF_request_put_BITS_30_TO_0_EQ_0_AND_NOT_reque_ETC___d54 }, Q = \extracter2.ff_extract_out.data1_reg).
Adding SRST signal on $flatten\extracter1.\ff_extract_out.$procdff$2414 ($dff) from module mkPositCore (D = $flatten\extracter1.\ff_extract_out.$procmux$1690_Y, Q = \extracter1.ff_extract_out.full_reg, rval = 1'1).
Adding EN signal on $auto$ff.cc:266:slice$3772 ($sdff) from module mkPositCore (D = $flatten\extracter1.\ff_extract_out.$procmux$1690_Y, Q = \extracter1.ff_extract_out.full_reg).
Adding SRST signal on $flatten\extracter1.\ff_extract_out.$procdff$2413 ($dff) from module mkPositCore (D = $flatten\extracter1.\ff_extract_out.$procmux$1701_Y, Q = \extracter1.ff_extract_out.empty_reg, rval = 1'0).
Adding EN signal on $auto$ff.cc:266:slice$3776 ($sdff) from module mkPositCore (D = $flatten\extracter1.\ff_extract_out.$procmux$1701_Y, Q = \extracter1.ff_extract_out.empty_reg).
Adding EN signal on $flatten\extracter1.\ff_extract_out.$procdff$2412 ($dff) from module mkPositCore (D = { \extracter1.ff_extract_out.D_IN [37:36] \ffI.data0_reg [103] \extracter1.IF_request_put_BITS_30_TO_0_EQ_0_AND_NOT_reque_ETC___d54 }, Q = \extracter1.ff_extract_out.data1_reg).
Adding SRST signal on $flatten\cmd_stg3_f.$procdff$2487 ($dff) from module mkPositCore (D = $flatten\cmd_stg3_f.$procmux$2335_Y, Q = \cmd_stg3_f.full_reg, rval = 1'1).
Adding EN signal on $auto$ff.cc:266:slice$3781 ($sdff) from module mkPositCore (D = $flatten\cmd_stg3_f.$procmux$2335_Y, Q = \cmd_stg3_f.full_reg).
Adding SRST signal on $flatten\cmd_stg3_f.$procdff$2486 ($dff) from module mkPositCore (D = $flatten\cmd_stg3_f.$procmux$2346_Y, Q = \cmd_stg3_f.empty_reg, rval = 1'0).
Adding EN signal on $auto$ff.cc:266:slice$3785 ($sdff) from module mkPositCore (D = $flatten\cmd_stg3_f.$procmux$2346_Y, Q = \cmd_stg3_f.empty_reg).
Adding EN signal on $flatten\cmd_stg3_f.$procdff$2485 ($dff) from module mkPositCore (D = \cmd_stg2_f.data0_reg, Q = \cmd_stg3_f.data1_reg).
Adding SRST signal on $flatten\cmd_stg2_f.$procdff$2487 ($dff) from module mkPositCore (D = $flatten\cmd_stg2_f.$procmux$2335_Y, Q = \cmd_stg2_f.full_reg, rval = 1'1).
Adding EN signal on $auto$ff.cc:266:slice$3790 ($sdff) from module mkPositCore (D = $flatten\cmd_stg2_f.$procmux$2335_Y, Q = \cmd_stg2_f.full_reg).
Adding SRST signal on $flatten\cmd_stg2_f.$procdff$2486 ($dff) from module mkPositCore (D = $flatten\cmd_stg2_f.$procmux$2346_Y, Q = \cmd_stg2_f.empty_reg, rval = 1'0).
Adding EN signal on $auto$ff.cc:266:slice$3794 ($sdff) from module mkPositCore (D = $flatten\cmd_stg2_f.$procmux$2346_Y, Q = \cmd_stg2_f.empty_reg).
Adding EN signal on $flatten\cmd_stg2_f.$procdff$2485 ($dff) from module mkPositCore (D = \ffI.data0_reg [2:0], Q = \cmd_stg2_f.data1_reg).
Setting constant 1-bit at position 0 on $auto$ff.cc:266:slice$3726 ($dffe) from module mkPositCore.
Setting constant 0-bit at position 1 on $auto$ff.cc:266:slice$3726 ($dffe) from module mkPositCore.

14.9.7. Executing OPT_CLEAN pass (remove unused cells and wires).
Finding unused cells or wires in module \mkPositCore..
Removed 300 unused cells and 296 unused wires.
<suppressed ~301 debug messages>

14.9.8. Executing OPT_EXPR pass (perform const folding).
Optimizing module mkPositCore.
<suppressed ~175 debug messages>

14.9.9. Rerunning OPT passes. (Maybe there is more to do..)

14.9.10. Executing OPT_MUXTREE pass (detect dead branches in mux trees).
Running muxtree optimizer on module \mkPositCore..
  Creating internal representation of mux trees.
  Evaluating internal representation of mux trees.
  Analyzing evaluation results.
Removed 0 multiplexer ports.
<suppressed ~424 debug messages>

14.9.11. Executing OPT_REDUCE pass (consolidate $*mux and $reduce_* inputs).
  Optimizing cells in module \mkPositCore.
Performed a total of 0 changes.

14.9.12. Executing OPT_MERGE pass (detect identical cells).
Finding identical cells in module `\mkPositCore'.
<suppressed ~210 debug messages>
Removed a total of 70 cells.

14.9.13. Executing OPT_DFF pass (perform DFF optimizations).

14.9.14. Executing OPT_CLEAN pass (remove unused cells and wires).
Finding unused cells or wires in module \mkPositCore..
Removed 0 unused cells and 70 unused wires.
<suppressed ~1 debug messages>

14.9.15. Executing OPT_EXPR pass (perform const folding).
Optimizing module mkPositCore.

14.9.16. Rerunning OPT passes. (Maybe there is more to do..)

14.9.17. Executing OPT_MUXTREE pass (detect dead branches in mux trees).
Running muxtree optimizer on module \mkPositCore..
  Creating internal representation of mux trees.
  Evaluating internal representation of mux trees.
  Analyzing evaluation results.
Removed 0 multiplexer ports.
<suppressed ~425 debug messages>

14.9.18. Executing OPT_REDUCE pass (consolidate $*mux and $reduce_* inputs).
  Optimizing cells in module \mkPositCore.
Performed a total of 0 changes.

14.9.19. Executing OPT_MERGE pass (detect identical cells).
Finding identical cells in module `\mkPositCore'.
Removed a total of 0 cells.

14.9.20. Executing OPT_DFF pass (perform DFF optimizations).

14.9.21. Executing OPT_CLEAN pass (remove unused cells and wires).
Finding unused cells or wires in module \mkPositCore..

14.9.22. Executing OPT_EXPR pass (perform const folding).
Optimizing module mkPositCore.

14.9.23. Finished OPT passes. (There is nothing left to do.)

14.10. Executing WREDUCE pass (reducing word size of cells).
Removed top 1 bits (of 3) from port B of cell mkPositCore.$ne$/teamspace/studios/this_studio/Melodica-Integration-into-Fife-Core/Learn_Bluespec_and_RISCV_Design/Code/Build/Fife/verilog/mkPositCore.v:369$1345 ($ne).
Removed top 1 bits (of 3) from port B of cell mkPositCore.$eq$/teamspace/studios/this_studio/Melodica-Integration-into-Fife-Core/Learn_Bluespec_and_RISCV_Design/Code/Build/Fife/verilog/mkPositCore.v:376$1351 ($eq).
Removed top 2 bits (of 3) from port B of cell mkPositCore.$eq$/teamspace/studios/this_studio/Melodica-Integration-into-Fife-Core/Learn_Bluespec_and_RISCV_Design/Code/Build/Fife/verilog/mkPositCore.v:393$1364 ($eq).
Removed top 1 bits (of 3) from port B of cell mkPositCore.$eq$/teamspace/studios/this_studio/Melodica-Integration-into-Fife-Core/Learn_Bluespec_and_RISCV_Design/Code/Build/Fife/verilog/mkPositCore.v:402$1371 ($eq).
Removed top 1 bits (of 3) from port B of cell mkPositCore.$eq$/teamspace/studios/this_studio/Melodica-Integration-into-Fife-Core/Learn_Bluespec_and_RISCV_Design/Code/Build/Fife/verilog/mkPositCore.v:411$1376 ($eq).
Removed top 2 bits (of 3) from port B of cell mkPositCore.$eq$/teamspace/studios/this_studio/Melodica-Integration-into-Fife-Core/Learn_Bluespec_and_RISCV_Design/Code/Build/Fife/verilog/mkPositCore.v:427$1386 ($eq).
Removed top 1 bits (of 3) from port B of cell mkPositCore.$eq$/teamspace/studios/this_studio/Melodica-Integration-into-Fife-Core/Learn_Bluespec_and_RISCV_Design/Code/Build/Fife/verilog/mkPositCore.v:447$1406 ($eq).
Removed top 1 bits (of 3) from port B of cell mkPositCore.$eq$/teamspace/studios/this_studio/Melodica-Integration-into-Fife-Core/Learn_Bluespec_and_RISCV_Design/Code/Build/Fife/verilog/mkPositCore.v:455$1410 ($eq).
Removed top 2 bits (of 3) from port B of cell mkPositCore.$eq$/teamspace/studios/this_studio/Melodica-Integration-into-Fife-Core/Learn_Bluespec_and_RISCV_Design/Code/Build/Fife/verilog/mkPositCore.v:472$1418 ($eq).
Removed top 1 bits (of 2) from port B of cell mkPositCore.$eq$/teamspace/studios/this_studio/Melodica-Integration-into-Fife-Core/Learn_Bluespec_and_RISCV_Design/Code/Build/Fife/verilog/mkPositCore.v:480$1425 ($eq).
Removed top 1 bits (of 2) from port B of cell mkPositCore.$eq$/teamspace/studios/this_studio/Melodica-Integration-into-Fife-Core/Learn_Bluespec_and_RISCV_Design/Code/Build/Fife/verilog/mkPositCore.v:489$1428 ($eq).
Removed top 7 bits (of 8) from port B of cell mkPositCore.$add$/teamspace/studios/this_studio/Melodica-Integration-into-Fife-Core/Learn_Bluespec_and_RISCV_Design/Code/Build/Fife/verilog/mkPositCore.v:492$1429 ($add).
Removed top 7 bits (of 8) from port B of cell mkPositCore.$sub$/teamspace/studios/this_studio/Melodica-Integration-into-Fife-Core/Learn_Bluespec_and_RISCV_Design/Code/Build/Fife/verilog/mkPositCore.v:493$1430 ($sub).
Removed top 31 bits (of 32) from port B of cell mkPositCore.$add$/teamspace/studios/this_studio/Melodica-Integration-into-Fife-Core/Learn_Bluespec_and_RISCV_Design/Code/Build/Fife/verilog/mkPositCore.v:546$1456 ($add).
Removed top 2 bits (of 3) from port B of cell mkPositCore.$flatten\extracter1.$add$/teamspace/studios/this_studio/Melodica-Integration-into-Fife-Core/Learn_Bluespec_and_RISCV_Design/Code/Build/Fife/verilog/mkExtracter.v:195$1250 ($add).
Removed top 30 bits (of 31) from port B of cell mkPositCore.$flatten\extracter1.$add$/teamspace/studios/this_studio/Melodica-Integration-into-Fife-Core/Learn_Bluespec_and_RISCV_Design/Code/Build/Fife/verilog/mkExtracter.v:189$1248 ($add).
Removed top 5 bits (of 6) from port B of cell mkPositCore.$flatten\extracter1.$add$/teamspace/studios/this_studio/Melodica-Integration-into-Fife-Core/Learn_Bluespec_and_RISCV_Design/Code/Build/Fife/verilog/mkExtracter.v:183$1246 ($add).
Removed top 2 bits (of 3) from mux cell mkPositCore.$flatten\extracter1.$ternary$/teamspace/studios/this_studio/Melodica-Integration-into-Fife-Core/Learn_Bluespec_and_RISCV_Design/Code/Build/Fife/verilog/mkExtracter.v:179$1240 ($mux).
Removed top 6 bits (of 8) from port B of cell mkPositCore.$flatten\extracter1.$add$/teamspace/studios/this_studio/Melodica-Integration-into-Fife-Core/Learn_Bluespec_and_RISCV_Design/Code/Build/Fife/verilog/mkExtracter.v:158$1236 ($add).
Removed top 1 bits (of 2) from mux cell mkPositCore.$flatten\extracter1.$ternary$/teamspace/studios/this_studio/Melodica-Integration-into-Fife-Core/Learn_Bluespec_and_RISCV_Design/Code/Build/Fife/verilog/mkExtracter.v:131$1226 ($mux).
Removed top 2 bits (of 3) from port B of cell mkPositCore.$flatten\extracter2.$add$/teamspace/studios/this_studio/Melodica-Integration-into-Fife-Core/Learn_Bluespec_and_RISCV_Design/Code/Build/Fife/verilog/mkExtracter.v:195$1250 ($add).
Removed top 30 bits (of 31) from port B of cell mkPositCore.$flatten\extracter2.$add$/teamspace/studios/this_studio/Melodica-Integration-into-Fife-Core/Learn_Bluespec_and_RISCV_Design/Code/Build/Fife/verilog/mkExtracter.v:189$1248 ($add).
Removed top 5 bits (of 6) from port B of cell mkPositCore.$flatten\extracter2.$add$/teamspace/studios/this_studio/Melodica-Integration-into-Fife-Core/Learn_Bluespec_and_RISCV_Design/Code/Build/Fife/verilog/mkExtracter.v:183$1246 ($add).
Removed top 2 bits (of 3) from mux cell mkPositCore.$flatten\extracter2.$ternary$/teamspace/studios/this_studio/Melodica-Integration-into-Fife-Core/Learn_Bluespec_and_RISCV_Design/Code/Build/Fife/verilog/mkExtracter.v:179$1240 ($mux).
Removed top 6 bits (of 8) from port B of cell mkPositCore.$flatten\extracter2.$add$/teamspace/studios/this_studio/Melodica-Integration-into-Fife-Core/Learn_Bluespec_and_RISCV_Design/Code/Build/Fife/verilog/mkExtracter.v:158$1236 ($add).
Removed top 1 bits (of 2) from mux cell mkPositCore.$flatten\extracter2.$ternary$/teamspace/studios/this_studio/Melodica-Integration-into-Fife-Core/Learn_Bluespec_and_RISCV_Design/Code/Build/Fife/verilog/mkExtracter.v:131$1226 ($mux).
Removed top 5 bits (of 6) from port B of cell mkPositCore.$flatten\ftop.$add$/teamspace/studios/this_studio/Melodica-Integration-into-Fife-Core/Learn_Bluespec_and_RISCV_Design/Code/Build/Fife/verilog/mkFtoP_PNE.v:187$1291 ($add).
Removed top 1 bits (of 28) from port Y of cell mkPositCore.$flatten\ftop.$shr$/teamspace/studios/this_studio/Melodica-Integration-into-Fife-Core/Learn_Bluespec_and_RISCV_Design/Code/Build/Fife/verilog/mkFtoP_PNE.v:185$1290 ($shr).
Removed top 1 bits (of 9) from port A of cell mkPositCore.$flatten\ftop.$sub$/teamspace/studios/this_studio/Melodica-Integration-into-Fife-Core/Learn_Bluespec_and_RISCV_Design/Code/Build/Fife/verilog/mkFtoP_PNE.v:182$1289 ($sub).
Removed top 2 bits (of 9) from port B of cell mkPositCore.$flatten\ftop.$sub$/teamspace/studios/this_studio/Melodica-Integration-into-Fife-Core/Learn_Bluespec_and_RISCV_Design/Code/Build/Fife/verilog/mkFtoP_PNE.v:182$1289 ($sub).
Removed top 1 bits (of 9) from port Y of cell mkPositCore.$flatten\ftop.$sub$/teamspace/studios/this_studio/Melodica-Integration-into-Fife-Core/Learn_Bluespec_and_RISCV_Design/Code/Build/Fife/verilog/mkFtoP_PNE.v:182$1289 ($sub).
Removed top 1 bits (of 8) from port B of cell mkPositCore.$flatten\ftop.$sub$/teamspace/studios/this_studio/Melodica-Integration-into-Fife-Core/Learn_Bluespec_and_RISCV_Design/Code/Build/Fife/verilog/mkFtoP_PNE.v:180$1288 ($sub).
Removed top 4 bits (of 8) from port B of cell mkPositCore.$flatten\ftop.$lt$/teamspace/studios/this_studio/Melodica-Integration-into-Fife-Core/Learn_Bluespec_and_RISCV_Design/Code/Build/Fife/verilog/mkFtoP_PNE.v:170$1284 ($lt).
Removed top 2 bits (of 8) from mux cell mkPositCore.$flatten\ftop.$ternary$/teamspace/studios/this_studio/Melodica-Integration-into-Fife-Core/Learn_Bluespec_and_RISCV_Design/Code/Build/Fife/verilog/mkFtoP_PNE.v:142$1269 ($mux).
Removed top 2 bits (of 8) from mux cell mkPositCore.$flatten\ftop.$ternary$/teamspace/studios/this_studio/Melodica-Integration-into-Fife-Core/Learn_Bluespec_and_RISCV_Design/Code/Build/Fife/verilog/mkFtoP_PNE.v:136$1266 ($mux).
Removed top 1 bits (of 8) from port B of cell mkPositCore.$flatten\ftop.$le$/teamspace/studios/this_studio/Melodica-Integration-into-Fife-Core/Learn_Bluespec_and_RISCV_Design/Code/Build/Fife/verilog/mkFtoP_PNE.v:136$1265 ($le).
Removed top 239 bits (of 480) from port A of cell mkPositCore.$flatten\multiplier.$shr$/teamspace/studios/this_studio/Melodica-Integration-into-Fife-Core/Learn_Bluespec_and_RISCV_Design/Code/Build/Fife/verilog/mkMultiplier.v:218$1060 ($shr).
Removed top 471 bits (of 480) from port B of cell mkPositCore.$flatten\multiplier.$shr$/teamspace/studios/this_studio/Melodica-Integration-into-Fife-Core/Learn_Bluespec_and_RISCV_Design/Code/Build/Fife/verilog/mkMultiplier.v:218$1060 ($shr).
Removed top 239 bits (of 480) from port A of cell mkPositCore.$flatten\multiplier.$shl$/teamspace/studios/this_studio/Melodica-Integration-into-Fife-Core/Learn_Bluespec_and_RISCV_Design/Code/Build/Fife/verilog/mkMultiplier.v:216$1059 ($shl).
Removed top 471 bits (of 480) from port B of cell mkPositCore.$flatten\multiplier.$shl$/teamspace/studios/this_studio/Melodica-Integration-into-Fife-Core/Learn_Bluespec_and_RISCV_Design/Code/Build/Fife/verilog/mkMultiplier.v:216$1059 ($shl).
Removed top 8 bits (of 9) from port B of cell mkPositCore.$flatten\multiplier.$add$/teamspace/studios/this_studio/Melodica-Integration-into-Fife-Core/Learn_Bluespec_and_RISCV_Design/Code/Build/Fife/verilog/mkMultiplier.v:214$1058 ($add).
Removed top 84 bits (of 112) from port A of cell mkPositCore.$flatten\multiplier.$mul$/teamspace/studios/this_studio/Melodica-Integration-into-Fife-Core/Learn_Bluespec_and_RISCV_Design/Code/Build/Fife/verilog/mkMultiplier.v:206$1057 ($mul).
Removed top 84 bits (of 112) from port B of cell mkPositCore.$flatten\multiplier.$mul$/teamspace/studios/this_studio/Melodica-Integration-into-Fife-Core/Learn_Bluespec_and_RISCV_Design/Code/Build/Fife/verilog/mkMultiplier.v:206$1057 ($mul).
Removed top 56 bits (of 112) from port Y of cell mkPositCore.$flatten\multiplier.$mul$/teamspace/studios/this_studio/Melodica-Integration-into-Fife-Core/Learn_Bluespec_and_RISCV_Design/Code/Build/Fife/verilog/mkMultiplier.v:206$1057 ($mul).
Removed top 1 bits (of 2) from port B of cell mkPositCore.$flatten\multiplier.$eq$/teamspace/studios/this_studio/Melodica-Integration-into-Fife-Core/Learn_Bluespec_and_RISCV_Design/Code/Build/Fife/verilog/mkMultiplier.v:162$1029 ($eq).
Removed top 1 bits (of 2) from port B of cell mkPositCore.$flatten\multiplier.$eq$/teamspace/studios/this_studio/Melodica-Integration-into-Fife-Core/Learn_Bluespec_and_RISCV_Design/Code/Build/Fife/verilog/mkMultiplier.v:161$1026 ($eq).
Removed top 1 bits (of 2) from mux cell mkPositCore.$flatten\multiplier.$ternary$/teamspace/studios/this_studio/Melodica-Integration-into-Fife-Core/Learn_Bluespec_and_RISCV_Design/Code/Build/Fife/verilog/mkMultiplier.v:165$1024 ($mux).
Removed top 1 bits (of 2) from port B of cell mkPositCore.$flatten\normalizer.$procmux$1922_CMP0 ($eq).
Removed top 30 bits (of 31) from port B of cell mkPositCore.$flatten\normalizer.$add$/teamspace/studios/this_studio/Melodica-Integration-into-Fife-Core/Learn_Bluespec_and_RISCV_Design/Code/Build/Fife/verilog/mkNormalizer.v:402$1218 ($add).
Removed top 4 bits (of 31) from port B of cell mkPositCore.$flatten\normalizer.$add$/teamspace/studios/this_studio/Melodica-Integration-into-Fife-Core/Learn_Bluespec_and_RISCV_Design/Code/Build/Fife/verilog/mkNormalizer.v:383$1208 ($add).
Removed top 1 bits (of 2) from port B of cell mkPositCore.$flatten\normalizer.$add$/teamspace/studios/this_studio/Melodica-Integration-into-Fife-Core/Learn_Bluespec_and_RISCV_Design/Code/Build/Fife/verilog/mkNormalizer.v:377$1203 ($add).
Removed top 1 bits (of 28) from port Y of cell mkPositCore.$flatten\normalizer.$shr$/teamspace/studios/this_studio/Melodica-Integration-into-Fife-Core/Learn_Bluespec_and_RISCV_Design/Code/Build/Fife/verilog/mkNormalizer.v:373$1201 ($shr).
Removed top 2 bits (of 3) from port A of cell mkPositCore.$flatten\normalizer.$shl$/teamspace/studios/this_studio/Melodica-Integration-into-Fife-Core/Learn_Bluespec_and_RISCV_Design/Code/Build/Fife/verilog/mkNormalizer.v:370$1199 ($shl).
Removed top 1 bits (of 3) from port Y of cell mkPositCore.$flatten\normalizer.$shl$/teamspace/studios/this_studio/Melodica-Integration-into-Fife-Core/Learn_Bluespec_and_RISCV_Design/Code/Build/Fife/verilog/mkNormalizer.v:370$1199 ($shl).
Removed top 3 bits (of 5) from port A of cell mkPositCore.$flatten\normalizer.$sub$/teamspace/studios/this_studio/Melodica-Integration-into-Fife-Core/Learn_Bluespec_and_RISCV_Design/Code/Build/Fife/verilog/mkNormalizer.v:367$1198 ($sub).
Removed top 4 bits (of 5) from port B of cell mkPositCore.$flatten\normalizer.$add$/teamspace/studios/this_studio/Melodica-Integration-into-Fife-Core/Learn_Bluespec_and_RISCV_Design/Code/Build/Fife/verilog/mkNormalizer.v:350$1191 ($add).
Removed top 2 bits (of 3) from port B of cell mkPositCore.$flatten\normalizer.$eq$/teamspace/studios/this_studio/Melodica-Integration-into-Fife-Core/Learn_Bluespec_and_RISCV_Design/Code/Build/Fife/verilog/mkNormalizer.v:345$1189 ($eq).
Removed top 30 bits (of 31) from port A of cell mkPositCore.$flatten\normalizer.$shl$/teamspace/studios/this_studio/Melodica-Integration-into-Fife-Core/Learn_Bluespec_and_RISCV_Design/Code/Build/Fife/verilog/mkNormalizer.v:333$1184 ($shl).
Removed top 2 bits (of 3) from port B of cell mkPositCore.$flatten\normalizer.$sub$/teamspace/studios/this_studio/Melodica-Integration-into-Fife-Core/Learn_Bluespec_and_RISCV_Design/Code/Build/Fife/verilog/mkNormalizer.v:332$1183 ($sub).
Removed top 1 bits (of 3) from port B of cell mkPositCore.$flatten\normalizer.$sub$/teamspace/studios/this_studio/Melodica-Integration-into-Fife-Core/Learn_Bluespec_and_RISCV_Design/Code/Build/Fife/verilog/mkNormalizer.v:331$1182 ($sub).
Removed top 30 bits (of 31) from port B of cell mkPositCore.$flatten\normalizer.$add$/teamspace/studios/this_studio/Melodica-Integration-into-Fife-Core/Learn_Bluespec_and_RISCV_Design/Code/Build/Fife/verilog/mkNormalizer.v:326$1179 ($add).
Removed top 49 bits (of 54) from port B of cell mkPositCore.$flatten\normalizer.$shr$/teamspace/studios/this_studio/Melodica-Integration-into-Fife-Core/Learn_Bluespec_and_RISCV_Design/Code/Build/Fife/verilog/mkNormalizer.v:324$1178 ($shr).
Removed top 30 bits (of 31) from port B of cell mkPositCore.$flatten\normalizer.$sub$/teamspace/studios/this_studio/Melodica-Integration-into-Fife-Core/Learn_Bluespec_and_RISCV_Design/Code/Build/Fife/verilog/mkNormalizer.v:313$1174 ($sub).
Removed top 29 bits (of 31) from port A of cell mkPositCore.$flatten\normalizer.$shl$/teamspace/studios/this_studio/Melodica-Integration-into-Fife-Core/Learn_Bluespec_and_RISCV_Design/Code/Build/Fife/verilog/mkNormalizer.v:311$1173 ($shl).
Removed top 1 bits (of 3) from mux cell mkPositCore.$flatten\normalizer.$ternary$/teamspace/studios/this_studio/Melodica-Integration-into-Fife-Core/Learn_Bluespec_and_RISCV_Design/Code/Build/Fife/verilog/mkNormalizer.v:306$1172 ($mux).
Removed top 4 bits (of 5) from port B of cell mkPositCore.$flatten\normalizer.$eq$/teamspace/studios/this_studio/Melodica-Integration-into-Fife-Core/Learn_Bluespec_and_RISCV_Design/Code/Build/Fife/verilog/mkNormalizer.v:290$1146 ($eq).
Removed top 3 bits (of 5) from port B of cell mkPositCore.$flatten\normalizer.$lt$/teamspace/studios/this_studio/Melodica-Integration-into-Fife-Core/Learn_Bluespec_and_RISCV_Design/Code/Build/Fife/verilog/mkNormalizer.v:278$1135 ($lt).
Removed top 3 bits (of 5) from port B of cell mkPositCore.$flatten\normalizer.$lt$/teamspace/studios/this_studio/Melodica-Integration-into-Fife-Core/Learn_Bluespec_and_RISCV_Design/Code/Build/Fife/verilog/mkNormalizer.v:273$1133 ($lt).
Removed top 5 bits (of 6) from port B of cell mkPositCore.$flatten\normalizer.$add$/teamspace/studios/this_studio/Melodica-Integration-into-Fife-Core/Learn_Bluespec_and_RISCV_Design/Code/Build/Fife/verilog/mkNormalizer.v:252$1107 ($add).
Removed top 1 bits (of 6) from port Y of cell mkPositCore.$flatten\normalizer.$add$/teamspace/studios/this_studio/Melodica-Integration-into-Fife-Core/Learn_Bluespec_and_RISCV_Design/Code/Build/Fife/verilog/mkNormalizer.v:252$1107 ($add).
Removed top 1 bits (of 6) from port A of cell mkPositCore.$flatten\normalizer.$add$/teamspace/studios/this_studio/Melodica-Integration-into-Fife-Core/Learn_Bluespec_and_RISCV_Design/Code/Build/Fife/verilog/mkNormalizer.v:252$1107 ($add).
Removed top 1 bits (of 6) from port Y of cell mkPositCore.$flatten\normalizer.$not$/teamspace/studios/this_studio/Melodica-Integration-into-Fife-Core/Learn_Bluespec_and_RISCV_Design/Code/Build/Fife/verilog/mkNormalizer.v:252$1106 ($not).
Removed top 1 bits (of 6) from port A of cell mkPositCore.$flatten\normalizer.$not$/teamspace/studios/this_studio/Melodica-Integration-into-Fife-Core/Learn_Bluespec_and_RISCV_Design/Code/Build/Fife/verilog/mkNormalizer.v:252$1106 ($not).
Removed top 4 bits (of 5) from port B of cell mkPositCore.$flatten\normalizer.$ne$/teamspace/studios/this_studio/Melodica-Integration-into-Fife-Core/Learn_Bluespec_and_RISCV_Design/Code/Build/Fife/verilog/mkNormalizer.v:226$1089 ($ne).
Removed top 30 bits (of 31) from port B of cell mkPositCore.$flatten\normalizer.$add$/teamspace/studios/this_studio/Melodica-Integration-into-Fife-Core/Learn_Bluespec_and_RISCV_Design/Code/Build/Fife/verilog/mkNormalizer.v:217$1078 ($add).
Removed top 3 bits (of 5) from port B of cell mkPositCore.$flatten\normalizer.$sub$/teamspace/studios/this_studio/Melodica-Integration-into-Fife-Core/Learn_Bluespec_and_RISCV_Design/Code/Build/Fife/verilog/mkNormalizer.v:211$1075 ($sub).
Removed top 31 bits (of 32) from port B of cell mkPositCore.$flatten\ptof.$add$/teamspace/studios/this_studio/Melodica-Integration-into-Fife-Core/Learn_Bluespec_and_RISCV_Design/Code/Build/Fife/verilog/mkPtoF_PNE.v:225$1340 ($add).
Removed top 5 bits (of 6) from port B of cell mkPositCore.$flatten\ptof.$add$/teamspace/studios/this_studio/Melodica-Integration-into-Fife-Core/Learn_Bluespec_and_RISCV_Design/Code/Build/Fife/verilog/mkPtoF_PNE.v:209$1330 ($add).
Removed top 1 bits (of 24) from port Y of cell mkPositCore.$flatten\ptof.$shr$/teamspace/studios/this_studio/Melodica-Integration-into-Fife-Core/Learn_Bluespec_and_RISCV_Design/Code/Build/Fife/verilog/mkPtoF_PNE.v:207$1329 ($shr).
Removed top 2 bits (of 9) from port B of cell mkPositCore.$flatten\ptof.$add$/teamspace/studios/this_studio/Melodica-Integration-into-Fife-Core/Learn_Bluespec_and_RISCV_Design/Code/Build/Fife/verilog/mkPtoF_PNE.v:205$1328 ($add).
Removed top 1 bits (of 9) from port Y of cell mkPositCore.$flatten\ptof.$add$/teamspace/studios/this_studio/Melodica-Integration-into-Fife-Core/Learn_Bluespec_and_RISCV_Design/Code/Build/Fife/verilog/mkPtoF_PNE.v:205$1328 ($add).
Removed top 1 bits (of 9) from port A of cell mkPositCore.$flatten\ptof.$add$/teamspace/studios/this_studio/Melodica-Integration-into-Fife-Core/Learn_Bluespec_and_RISCV_Design/Code/Build/Fife/verilog/mkPtoF_PNE.v:205$1328 ($add).
Removed top 7 bits (of 8) from port B of cell mkPositCore.$flatten\ptof.$lt$/teamspace/studios/this_studio/Melodica-Integration-into-Fife-Core/Learn_Bluespec_and_RISCV_Design/Code/Build/Fife/verilog/mkPtoF_PNE.v:191$1318 ($lt).
Removed top 1 bits (of 8) from port B of cell mkPositCore.$flatten\ptof.$sub$/teamspace/studios/this_studio/Melodica-Integration-into-Fife-Core/Learn_Bluespec_and_RISCV_Design/Code/Build/Fife/verilog/mkPtoF_PNE.v:185$1313 ($sub).
Removed top 2 bits (of 8) from mux cell mkPositCore.$flatten\ptof.$ternary$/teamspace/studios/this_studio/Melodica-Integration-into-Fife-Core/Learn_Bluespec_and_RISCV_Design/Code/Build/Fife/verilog/mkPtoF_PNE.v:155$1303 ($mux).
Removed top 1 bits (of 8) from port B of cell mkPositCore.$flatten\ptof.$le$/teamspace/studios/this_studio/Melodica-Integration-into-Fife-Core/Learn_Bluespec_and_RISCV_Design/Code/Build/Fife/verilog/mkPtoF_PNE.v:155$1302 ($le).
Removed top 2 bits (of 8) from mux cell mkPositCore.$flatten\ptof.$ternary$/teamspace/studios/this_studio/Melodica-Integration-into-Fife-Core/Learn_Bluespec_and_RISCV_Design/Code/Build/Fife/verilog/mkPtoF_PNE.v:151$1300 ($mux).
Removed top 31 bits (of 32) from port B of cell mkPositCore.$flatten\quire.\instance_fn_twosC_quire_2.$add$/teamspace/studios/this_studio/Melodica-Integration-into-Fife-Core/Learn_Bluespec_and_RISCV_Design/Code/Build/Fife/verilog/module_fn_twosC_quire.v:86$84 ($add).
Removed top 31 bits (of 32) from port B of cell mkPositCore.$flatten\quire.\instance_fn_twosC_quire_2.$add$/teamspace/studios/this_studio/Melodica-Integration-into-Fife-Core/Learn_Bluespec_and_RISCV_Design/Code/Build/Fife/verilog/module_fn_twosC_quire.v:93$90 ($add).
Removed top 31 bits (of 32) from port B of cell mkPositCore.$flatten\quire.\instance_fn_twosC_quire_2.$add$/teamspace/studios/this_studio/Melodica-Integration-into-Fife-Core/Learn_Bluespec_and_RISCV_Design/Code/Build/Fife/verilog/module_fn_twosC_quire.v:100$96 ($add).
Removed top 31 bits (of 32) from port B of cell mkPositCore.$flatten\quire.\instance_fn_twosC_quire_2.$add$/teamspace/studios/this_studio/Melodica-Integration-into-Fife-Core/Learn_Bluespec_and_RISCV_Design/Code/Build/Fife/verilog/module_fn_twosC_quire.v:107$102 ($add).
Removed top 31 bits (of 32) from port B of cell mkPositCore.$flatten\quire.\instance_fn_twosC_quire_2.$add$/teamspace/studios/this_studio/Melodica-Integration-into-Fife-Core/Learn_Bluespec_and_RISCV_Design/Code/Build/Fife/verilog/module_fn_twosC_quire.v:114$108 ($add).
Removed top 31 bits (of 32) from port B of cell mkPositCore.$flatten\quire.\instance_fn_twosC_quire_2.$add$/teamspace/studios/this_studio/Melodica-Integration-into-Fife-Core/Learn_Bluespec_and_RISCV_Design/Code/Build/Fife/verilog/module_fn_twosC_quire.v:121$114 ($add).
Removed top 1 bits (of 32) from mux cell mkPositCore.$flatten\quire.\instance_fn_twosC_quire_2.$ternary$/teamspace/studios/this_studio/Melodica-Integration-into-Fife-Core/Learn_Bluespec_and_RISCV_Design/Code/Build/Fife/verilog/module_fn_twosC_quire.v:124$122 ($mux).
Removed top 31 bits (of 32) from port B of cell mkPositCore.$flatten\quire.\instance_fn_twosC_quire_2.$add$/teamspace/studios/this_studio/Melodica-Integration-into-Fife-Core/Learn_Bluespec_and_RISCV_Design/Code/Build/Fife/verilog/module_fn_twosC_quire.v:135$126 ($add).
Removed top 31 bits (of 32) from port B of cell mkPositCore.$flatten\quire.\instance_fn_twosC_quire_2.$add$/teamspace/studios/this_studio/Melodica-Integration-into-Fife-Core/Learn_Bluespec_and_RISCV_Design/Code/Build/Fife/verilog/module_fn_twosC_quire.v:142$132 ($add).
Removed top 31 bits (of 32) from port B of cell mkPositCore.$flatten\quire.\instance_fn_twosC_quire_2.$add$/teamspace/studios/this_studio/Melodica-Integration-into-Fife-Core/Learn_Bluespec_and_RISCV_Design/Code/Build/Fife/verilog/module_fn_twosC_quire.v:149$138 ($add).
Removed top 31 bits (of 32) from port B of cell mkPositCore.$flatten\quire.\instance_fn_twosC_quire_2.$add$/teamspace/studios/this_studio/Melodica-Integration-into-Fife-Core/Learn_Bluespec_and_RISCV_Design/Code/Build/Fife/verilog/module_fn_twosC_quire.v:156$144 ($add).
Removed top 31 bits (of 32) from port B of cell mkPositCore.$flatten\quire.\instance_fn_twosC_quire_2.$add$/teamspace/studios/this_studio/Melodica-Integration-into-Fife-Core/Learn_Bluespec_and_RISCV_Design/Code/Build/Fife/verilog/module_fn_twosC_quire.v:163$150 ($add).
Removed top 31 bits (of 32) from port B of cell mkPositCore.$flatten\quire.\instance_fn_twosC_quire_2.$add$/teamspace/studios/this_studio/Melodica-Integration-into-Fife-Core/Learn_Bluespec_and_RISCV_Design/Code/Build/Fife/verilog/module_fn_twosC_quire.v:170$156 ($add).
Removed top 31 bits (of 32) from port B of cell mkPositCore.$flatten\quire.\instance_fn_twosC_quire_2.$add$/teamspace/studios/this_studio/Melodica-Integration-into-Fife-Core/Learn_Bluespec_and_RISCV_Design/Code/Build/Fife/verilog/module_fn_twosC_quire.v:177$162 ($add).
Removed top 31 bits (of 32) from port B of cell mkPositCore.$flatten\quire.\instance_fn_twosC_quire_2.$add$/teamspace/studios/this_studio/Melodica-Integration-into-Fife-Core/Learn_Bluespec_and_RISCV_Design/Code/Build/Fife/verilog/module_fn_twosC_quire.v:184$168 ($add).
Removed top 31 bits (of 32) from port B of cell mkPositCore.$flatten\quire.\instance_fn_twosC_quire_2.$add$/teamspace/studios/this_studio/Melodica-Integration-into-Fife-Core/Learn_Bluespec_and_RISCV_Design/Code/Build/Fife/verilog/module_fn_twosC_quire.v:191$174 ($add).
Removed top 15 bits (of 16) from port B of cell mkPositCore.$flatten\quire.\instance_fn_twosC_quire_2.$add$/teamspace/studios/this_studio/Melodica-Integration-into-Fife-Core/Learn_Bluespec_and_RISCV_Design/Code/Build/Fife/verilog/module_fn_twosC_quire.v:194$177 ($add).
Removed top 31 bits (of 32) from port B of cell mkPositCore.$flatten\quire.\instance_fn_twosC_quire_0.$add$/teamspace/studios/this_studio/Melodica-Integration-into-Fife-Core/Learn_Bluespec_and_RISCV_Design/Code/Build/Fife/verilog/module_fn_twosC_quire.v:86$84 ($add).
Removed top 31 bits (of 32) from port B of cell mkPositCore.$flatten\quire.\instance_fn_twosC_quire_0.$add$/teamspace/studios/this_studio/Melodica-Integration-into-Fife-Core/Learn_Bluespec_and_RISCV_Design/Code/Build/Fife/verilog/module_fn_twosC_quire.v:93$90 ($add).
Removed top 31 bits (of 32) from port B of cell mkPositCore.$flatten\quire.\instance_fn_twosC_quire_0.$add$/teamspace/studios/this_studio/Melodica-Integration-into-Fife-Core/Learn_Bluespec_and_RISCV_Design/Code/Build/Fife/verilog/module_fn_twosC_quire.v:100$96 ($add).
Removed top 31 bits (of 32) from port B of cell mkPositCore.$flatten\quire.\instance_fn_twosC_quire_0.$add$/teamspace/studios/this_studio/Melodica-Integration-into-Fife-Core/Learn_Bluespec_and_RISCV_Design/Code/Build/Fife/verilog/module_fn_twosC_quire.v:107$102 ($add).
Removed top 31 bits (of 32) from port B of cell mkPositCore.$flatten\quire.\instance_fn_twosC_quire_0.$add$/teamspace/studios/this_studio/Melodica-Integration-into-Fife-Core/Learn_Bluespec_and_RISCV_Design/Code/Build/Fife/verilog/module_fn_twosC_quire.v:114$108 ($add).
Removed top 31 bits (of 32) from port B of cell mkPositCore.$flatten\quire.\instance_fn_twosC_quire_0.$add$/teamspace/studios/this_studio/Melodica-Integration-into-Fife-Core/Learn_Bluespec_and_RISCV_Design/Code/Build/Fife/verilog/module_fn_twosC_quire.v:121$114 ($add).
Removed top 1 bits (of 32) from mux cell mkPositCore.$flatten\quire.\instance_fn_twosC_quire_0.$ternary$/teamspace/studios/this_studio/Melodica-Integration-into-Fife-Core/Learn_Bluespec_and_RISCV_Design/Code/Build/Fife/verilog/module_fn_twosC_quire.v:124$122 ($mux).
Removed top 31 bits (of 32) from port B of cell mkPositCore.$flatten\quire.\instance_fn_twosC_quire_0.$add$/teamspace/studios/this_studio/Melodica-Integration-into-Fife-Core/Learn_Bluespec_and_RISCV_Design/Code/Build/Fife/verilog/module_fn_twosC_quire.v:135$126 ($add).
Removed top 31 bits (of 32) from port B of cell mkPositCore.$flatten\quire.\instance_fn_twosC_quire_0.$add$/teamspace/studios/this_studio/Melodica-Integration-into-Fife-Core/Learn_Bluespec_and_RISCV_Design/Code/Build/Fife/verilog/module_fn_twosC_quire.v:142$132 ($add).
Removed top 31 bits (of 32) from port B of cell mkPositCore.$flatten\quire.\instance_fn_twosC_quire_0.$add$/teamspace/studios/this_studio/Melodica-Integration-into-Fife-Core/Learn_Bluespec_and_RISCV_Design/Code/Build/Fife/verilog/module_fn_twosC_quire.v:149$138 ($add).
Removed top 31 bits (of 32) from port B of cell mkPositCore.$flatten\quire.\instance_fn_twosC_quire_0.$add$/teamspace/studios/this_studio/Melodica-Integration-into-Fife-Core/Learn_Bluespec_and_RISCV_Design/Code/Build/Fife/verilog/module_fn_twosC_quire.v:156$144 ($add).
Removed top 31 bits (of 32) from port B of cell mkPositCore.$flatten\quire.\instance_fn_twosC_quire_0.$add$/teamspace/studios/this_studio/Melodica-Integration-into-Fife-Core/Learn_Bluespec_and_RISCV_Design/Code/Build/Fife/verilog/module_fn_twosC_quire.v:163$150 ($add).
Removed top 31 bits (of 32) from port B of cell mkPositCore.$flatten\quire.\instance_fn_twosC_quire_0.$add$/teamspace/studios/this_studio/Melodica-Integration-into-Fife-Core/Learn_Bluespec_and_RISCV_Design/Code/Build/Fife/verilog/module_fn_twosC_quire.v:170$156 ($add).
Removed top 31 bits (of 32) from port B of cell mkPositCore.$flatten\quire.\instance_fn_twosC_quire_0.$add$/teamspace/studios/this_studio/Melodica-Integration-into-Fife-Core/Learn_Bluespec_and_RISCV_Design/Code/Build/Fife/verilog/module_fn_twosC_quire.v:177$162 ($add).
Removed top 31 bits (of 32) from port B of cell mkPositCore.$flatten\quire.\instance_fn_twosC_quire_0.$add$/teamspace/studios/this_studio/Melodica-Integration-into-Fife-Core/Learn_Bluespec_and_RISCV_Design/Code/Build/Fife/verilog/module_fn_twosC_quire.v:184$168 ($add).
Removed top 31 bits (of 32) from port B of cell mkPositCore.$flatten\quire.\instance_fn_twosC_quire_0.$add$/teamspace/studios/this_studio/Melodica-Integration-into-Fife-Core/Learn_Bluespec_and_RISCV_Design/Code/Build/Fife/verilog/module_fn_twosC_quire.v:191$174 ($add).
Removed top 15 bits (of 16) from port B of cell mkPositCore.$flatten\quire.\instance_fn_twosC_quire_0.$add$/teamspace/studios/this_studio/Melodica-Integration-into-Fife-Core/Learn_Bluespec_and_RISCV_Design/Code/Build/Fife/verilog/module_fn_twosC_quire.v:194$177 ($add).
Removed top 31 bits (of 32) from port B of cell mkPositCore.$flatten\quire.\instance_fn_twosC_quire_1.$add$/teamspace/studios/this_studio/Melodica-Integration-into-Fife-Core/Learn_Bluespec_and_RISCV_Design/Code/Build/Fife/verilog/module_fn_twosC_quire.v:86$84 ($add).
Removed top 31 bits (of 32) from port B of cell mkPositCore.$flatten\quire.\instance_fn_twosC_quire_1.$add$/teamspace/studios/this_studio/Melodica-Integration-into-Fife-Core/Learn_Bluespec_and_RISCV_Design/Code/Build/Fife/verilog/module_fn_twosC_quire.v:93$90 ($add).
Removed top 31 bits (of 32) from port B of cell mkPositCore.$flatten\quire.\instance_fn_twosC_quire_1.$add$/teamspace/studios/this_studio/Melodica-Integration-into-Fife-Core/Learn_Bluespec_and_RISCV_Design/Code/Build/Fife/verilog/module_fn_twosC_quire.v:100$96 ($add).
Removed top 31 bits (of 32) from port B of cell mkPositCore.$flatten\quire.\instance_fn_twosC_quire_1.$add$/teamspace/studios/this_studio/Melodica-Integration-into-Fife-Core/Learn_Bluespec_and_RISCV_Design/Code/Build/Fife/verilog/module_fn_twosC_quire.v:107$102 ($add).
Removed top 31 bits (of 32) from port B of cell mkPositCore.$flatten\quire.\instance_fn_twosC_quire_1.$add$/teamspace/studios/this_studio/Melodica-Integration-into-Fife-Core/Learn_Bluespec_and_RISCV_Design/Code/Build/Fife/verilog/module_fn_twosC_quire.v:114$108 ($add).
Removed top 31 bits (of 32) from port B of cell mkPositCore.$flatten\quire.\instance_fn_twosC_quire_1.$add$/teamspace/studios/this_studio/Melodica-Integration-into-Fife-Core/Learn_Bluespec_and_RISCV_Design/Code/Build/Fife/verilog/module_fn_twosC_quire.v:121$114 ($add).
Removed top 31 bits (of 32) from port B of cell mkPositCore.$flatten\quire.\instance_fn_twosC_quire_1.$add$/teamspace/studios/this_studio/Melodica-Integration-into-Fife-Core/Learn_Bluespec_and_RISCV_Design/Code/Build/Fife/verilog/module_fn_twosC_quire.v:128$120 ($add).
Removed top 1 bits (of 32) from mux cell mkPositCore.$flatten\quire.\instance_fn_twosC_quire_1.$ternary$/teamspace/studios/this_studio/Melodica-Integration-into-Fife-Core/Learn_Bluespec_and_RISCV_Design/Code/Build/Fife/verilog/module_fn_twosC_quire.v:124$122 ($mux).
Removed top 31 bits (of 32) from port B of cell mkPositCore.$flatten\quire.\instance_fn_twosC_quire_1.$add$/teamspace/studios/this_studio/Melodica-Integration-into-Fife-Core/Learn_Bluespec_and_RISCV_Design/Code/Build/Fife/verilog/module_fn_twosC_quire.v:135$126 ($add).
Removed top 31 bits (of 32) from port B of cell mkPositCore.$flatten\quire.\instance_fn_twosC_quire_1.$add$/teamspace/studios/this_studio/Melodica-Integration-into-Fife-Core/Learn_Bluespec_and_RISCV_Design/Code/Build/Fife/verilog/module_fn_twosC_quire.v:142$132 ($add).
Removed top 31 bits (of 32) from port B of cell mkPositCore.$flatten\quire.\instance_fn_twosC_quire_1.$add$/teamspace/studios/this_studio/Melodica-Integration-into-Fife-Core/Learn_Bluespec_and_RISCV_Design/Code/Build/Fife/verilog/module_fn_twosC_quire.v:149$138 ($add).
Removed top 31 bits (of 32) from port B of cell mkPositCore.$flatten\quire.\instance_fn_twosC_quire_1.$add$/teamspace/studios/this_studio/Melodica-Integration-into-Fife-Core/Learn_Bluespec_and_RISCV_Design/Code/Build/Fife/verilog/module_fn_twosC_quire.v:156$144 ($add).
Removed top 31 bits (of 32) from port B of cell mkPositCore.$flatten\quire.\instance_fn_twosC_quire_1.$add$/teamspace/studios/this_studio/Melodica-Integration-into-Fife-Core/Learn_Bluespec_and_RISCV_Design/Code/Build/Fife/verilog/module_fn_twosC_quire.v:163$150 ($add).
Removed top 31 bits (of 32) from port B of cell mkPositCore.$flatten\quire.\instance_fn_twosC_quire_1.$add$/teamspace/studios/this_studio/Melodica-Integration-into-Fife-Core/Learn_Bluespec_and_RISCV_Design/Code/Build/Fife/verilog/module_fn_twosC_quire.v:170$156 ($add).
Removed top 31 bits (of 32) from port B of cell mkPositCore.$flatten\quire.\instance_fn_twosC_quire_1.$add$/teamspace/studios/this_studio/Melodica-Integration-into-Fife-Core/Learn_Bluespec_and_RISCV_Design/Code/Build/Fife/verilog/module_fn_twosC_quire.v:177$162 ($add).
Removed top 31 bits (of 32) from port B of cell mkPositCore.$flatten\quire.\instance_fn_twosC_quire_1.$add$/teamspace/studios/this_studio/Melodica-Integration-into-Fife-Core/Learn_Bluespec_and_RISCV_Design/Code/Build/Fife/verilog/module_fn_twosC_quire.v:184$168 ($add).
Removed top 31 bits (of 32) from port B of cell mkPositCore.$flatten\quire.\instance_fn_twosC_quire_1.$add$/teamspace/studios/this_studio/Melodica-Integration-into-Fife-Core/Learn_Bluespec_and_RISCV_Design/Code/Build/Fife/verilog/module_fn_twosC_quire.v:191$174 ($add).
Removed top 15 bits (of 16) from port B of cell mkPositCore.$flatten\quire.\instance_fn_twosC_quire_1.$add$/teamspace/studios/this_studio/Melodica-Integration-into-Fife-Core/Learn_Bluespec_and_RISCV_Design/Code/Build/Fife/verilog/module_fn_twosC_quire.v:194$177 ($add).
Removed top 1 bits (of 3) from port B of cell mkPositCore.$flatten\quire.\seg_adder_vff_in_9.$procmux$1855_CMP0 ($eq).
Removed top 1 bits (of 3) from port B of cell mkPositCore.$flatten\quire.\seg_adder_vff_in_9.$procmux$1870_CMP0 ($eq).
Removed top 1 bits (of 3) from port B of cell mkPositCore.$flatten\quire.\seg_adder_vff_in_8.$procmux$1855_CMP0 ($eq).
Removed top 1 bits (of 3) from port B of cell mkPositCore.$flatten\quire.\seg_adder_vff_in_8.$procmux$1870_CMP0 ($eq).
Removed top 1 bits (of 3) from port B of cell mkPositCore.$flatten\quire.\seg_adder_vff_in_7.$procmux$1855_CMP0 ($eq).
Removed top 1 bits (of 3) from port B of cell mkPositCore.$flatten\quire.\seg_adder_vff_in_7.$procmux$1870_CMP0 ($eq).
Removed top 1 bits (of 3) from port B of cell mkPositCore.$flatten\quire.\seg_adder_vff_in_6.$procmux$1855_CMP0 ($eq).
Removed top 1 bits (of 3) from port B of cell mkPositCore.$flatten\quire.\seg_adder_vff_in_6.$procmux$1870_CMP0 ($eq).
Removed top 1 bits (of 3) from port B of cell mkPositCore.$flatten\quire.\seg_adder_vff_in_5.$procmux$1855_CMP0 ($eq).
Removed top 1 bits (of 3) from port B of cell mkPositCore.$flatten\quire.\seg_adder_vff_in_5.$procmux$1870_CMP0 ($eq).
Removed top 1 bits (of 3) from port B of cell mkPositCore.$flatten\quire.\seg_adder_vff_in_4.$procmux$1855_CMP0 ($eq).
Removed top 1 bits (of 3) from port B of cell mkPositCore.$flatten\quire.\seg_adder_vff_in_4.$procmux$1870_CMP0 ($eq).
Removed top 1 bits (of 3) from port B of cell mkPositCore.$flatten\quire.\seg_adder_vff_in_3.$procmux$1855_CMP0 ($eq).
Removed top 1 bits (of 3) from port B of cell mkPositCore.$flatten\quire.\seg_adder_vff_in_3.$procmux$1870_CMP0 ($eq).
Removed top 1 bits (of 3) from port B of cell mkPositCore.$flatten\quire.\seg_adder_vff_in_2.$procmux$1855_CMP0 ($eq).
Removed top 1 bits (of 3) from port B of cell mkPositCore.$flatten\quire.\seg_adder_vff_in_2.$procmux$1870_CMP0 ($eq).
Removed top 1 bits (of 3) from port B of cell mkPositCore.$flatten\quire.\seg_adder_vff_in_15.$procmux$1855_CMP0 ($eq).
Removed top 1 bits (of 3) from port B of cell mkPositCore.$flatten\quire.\seg_adder_vff_in_15.$procmux$1870_CMP0 ($eq).
Removed top 1 bits (of 3) from port B of cell mkPositCore.$flatten\quire.\seg_adder_vff_in_14.$procmux$1855_CMP0 ($eq).
Removed top 1 bits (of 3) from port B of cell mkPositCore.$flatten\quire.\seg_adder_vff_in_14.$procmux$1870_CMP0 ($eq).
Removed top 1 bits (of 3) from port B of cell mkPositCore.$flatten\quire.\seg_adder_vff_in_13.$procmux$1855_CMP0 ($eq).
Removed top 1 bits (of 3) from port B of cell mkPositCore.$flatten\quire.\seg_adder_vff_in_13.$procmux$1870_CMP0 ($eq).
Removed top 1 bits (of 3) from port B of cell mkPositCore.$flatten\quire.\seg_adder_vff_in_12.$procmux$1855_CMP0 ($eq).
Removed top 1 bits (of 3) from port B of cell mkPositCore.$flatten\quire.\seg_adder_vff_in_12.$procmux$1870_CMP0 ($eq).
Removed top 1 bits (of 3) from port B of cell mkPositCore.$flatten\quire.\seg_adder_vff_in_11.$procmux$1855_CMP0 ($eq).
Removed top 1 bits (of 3) from port B of cell mkPositCore.$flatten\quire.\seg_adder_vff_in_11.$procmux$1870_CMP0 ($eq).
Removed top 1 bits (of 3) from port B of cell mkPositCore.$flatten\quire.\seg_adder_vff_in_10.$procmux$1855_CMP0 ($eq).
Removed top 1 bits (of 3) from port B of cell mkPositCore.$flatten\quire.\seg_adder_vff_in_10.$procmux$1870_CMP0 ($eq).
Removed top 1 bits (of 3) from port B of cell mkPositCore.$flatten\quire.\seg_adder_vff_in_1.$procmux$1855_CMP0 ($eq).
Removed top 1 bits (of 3) from port B of cell mkPositCore.$flatten\quire.\seg_adder_vff_in_1.$procmux$1870_CMP0 ($eq).
Removed top 1 bits (of 3) from port B of cell mkPositCore.$flatten\quire.\seg_adder_vff_in_0.$procmux$1855_CMP0 ($eq).
Removed top 1 bits (of 3) from port B of cell mkPositCore.$flatten\quire.\seg_adder_vff_in_0.$procmux$1870_CMP0 ($eq).
Removed top 1 bits (of 3) from port B of cell mkPositCore.$flatten\quire.\seg_adder_vff_carry_9.$procmux$1797_CMP0 ($eq).
Removed top 1 bits (of 3) from port B of cell mkPositCore.$flatten\quire.\seg_adder_vff_carry_9.$procmux$1812_CMP0 ($eq).
Removed top 1 bits (of 3) from port B of cell mkPositCore.$flatten\quire.\seg_adder_vff_carry_8.$procmux$1797_CMP0 ($eq).
Removed top 1 bits (of 3) from port B of cell mkPositCore.$flatten\quire.\seg_adder_vff_carry_8.$procmux$1812_CMP0 ($eq).
Removed top 1 bits (of 3) from port B of cell mkPositCore.$flatten\quire.\seg_adder_vff_carry_7.$procmux$1797_CMP0 ($eq).
Removed top 1 bits (of 3) from port B of cell mkPositCore.$flatten\quire.\seg_adder_vff_carry_7.$procmux$1812_CMP0 ($eq).
Removed top 1 bits (of 3) from port B of cell mkPositCore.$flatten\quire.\seg_adder_vff_carry_6.$procmux$1797_CMP0 ($eq).
Removed top 1 bits (of 3) from port B of cell mkPositCore.$flatten\quire.\seg_adder_vff_carry_6.$procmux$1812_CMP0 ($eq).
Removed top 1 bits (of 3) from port B of cell mkPositCore.$flatten\quire.\seg_adder_vff_carry_5.$procmux$1797_CMP0 ($eq).
Removed top 1 bits (of 3) from port B of cell mkPositCore.$flatten\quire.\seg_adder_vff_carry_5.$procmux$1812_CMP0 ($eq).
Removed top 1 bits (of 3) from port B of cell mkPositCore.$flatten\quire.\seg_adder_vff_carry_4.$procmux$1797_CMP0 ($eq).
Removed top 1 bits (of 3) from port B of cell mkPositCore.$flatten\quire.\seg_adder_vff_carry_4.$procmux$1812_CMP0 ($eq).
Removed top 1 bits (of 3) from port B of cell mkPositCore.$flatten\quire.\seg_adder_vff_carry_3.$procmux$1797_CMP0 ($eq).
Removed top 1 bits (of 3) from port B of cell mkPositCore.$flatten\quire.\seg_adder_vff_carry_3.$procmux$1812_CMP0 ($eq).
Removed top 1 bits (of 3) from port B of cell mkPositCore.$flatten\quire.\seg_adder_vff_carry_2.$procmux$1797_CMP0 ($eq).
Removed top 1 bits (of 3) from port B of cell mkPositCore.$flatten\quire.\seg_adder_vff_carry_2.$procmux$1812_CMP0 ($eq).
Removed top 1 bits (of 3) from port B of cell mkPositCore.$flatten\quire.\seg_adder_vff_carry_14.$procmux$1797_CMP0 ($eq).
Removed top 1 bits (of 3) from port B of cell mkPositCore.$flatten\quire.\seg_adder_vff_carry_14.$procmux$1812_CMP0 ($eq).
Removed top 1 bits (of 3) from port B of cell mkPositCore.$flatten\quire.\seg_adder_vff_carry_13.$procmux$1797_CMP0 ($eq).
Removed top 1 bits (of 3) from port B of cell mkPositCore.$flatten\quire.\seg_adder_vff_carry_13.$procmux$1812_CMP0 ($eq).
Removed top 1 bits (of 3) from port B of cell mkPositCore.$flatten\quire.\seg_adder_vff_carry_12.$procmux$1797_CMP0 ($eq).
Removed top 1 bits (of 3) from port B of cell mkPositCore.$flatten\quire.\seg_adder_vff_carry_12.$procmux$1812_CMP0 ($eq).
Removed top 1 bits (of 3) from port B of cell mkPositCore.$flatten\quire.\seg_adder_vff_carry_11.$procmux$1797_CMP0 ($eq).
Removed top 1 bits (of 3) from port B of cell mkPositCore.$flatten\quire.\seg_adder_vff_carry_11.$procmux$1812_CMP0 ($eq).
Removed top 1 bits (of 3) from port B of cell mkPositCore.$flatten\quire.\seg_adder_vff_carry_10.$procmux$1797_CMP0 ($eq).
Removed top 1 bits (of 3) from port B of cell mkPositCore.$flatten\quire.\seg_adder_vff_carry_10.$procmux$1812_CMP0 ($eq).
Removed top 1 bits (of 3) from port B of cell mkPositCore.$flatten\quire.\seg_adder_vff_carry_1.$procmux$1797_CMP0 ($eq).
Removed top 1 bits (of 3) from port B of cell mkPositCore.$flatten\quire.\seg_adder_vff_carry_1.$procmux$1812_CMP0 ($eq).
Removed top 1 bits (of 3) from port B of cell mkPositCore.$flatten\quire.\seg_adder_vff_carry_0.$procmux$1797_CMP0 ($eq).
Removed top 1 bits (of 3) from port B of cell mkPositCore.$flatten\quire.\seg_adder_vff_carry_0.$procmux$1812_CMP0 ($eq).
Removed top 1 bits (of 33) from port A of cell mkPositCore.$flatten\quire.$add$/teamspace/studios/this_studio/Melodica-Integration-into-Fife-Core/Learn_Bluespec_and_RISCV_Design/Code/Build/Fife/verilog/mkQuire.v:3230$1014 ($add).
Removed top 1 bits (of 33) from port B of cell mkPositCore.$flatten\quire.$add$/teamspace/studios/this_studio/Melodica-Integration-into-Fife-Core/Learn_Bluespec_and_RISCV_Design/Code/Build/Fife/verilog/mkQuire.v:3230$1014 ($add).
Removed top 1 bits (of 33) from port A of cell mkPositCore.$flatten\quire.$add$/teamspace/studios/this_studio/Melodica-Integration-into-Fife-Core/Learn_Bluespec_and_RISCV_Design/Code/Build/Fife/verilog/mkQuire.v:3229$1013 ($add).
Removed top 1 bits (of 33) from port B of cell mkPositCore.$flatten\quire.$add$/teamspace/studios/this_studio/Melodica-Integration-into-Fife-Core/Learn_Bluespec_and_RISCV_Design/Code/Build/Fife/verilog/mkQuire.v:3229$1013 ($add).
Removed top 1 bits (of 33) from port A of cell mkPositCore.$flatten\quire.$add$/teamspace/studios/this_studio/Melodica-Integration-into-Fife-Core/Learn_Bluespec_and_RISCV_Design/Code/Build/Fife/verilog/mkQuire.v:3228$1012 ($add).
Removed top 1 bits (of 33) from port B of cell mkPositCore.$flatten\quire.$add$/teamspace/studios/this_studio/Melodica-Integration-into-Fife-Core/Learn_Bluespec_and_RISCV_Design/Code/Build/Fife/verilog/mkQuire.v:3228$1012 ($add).
Removed top 1 bits (of 33) from port A of cell mkPositCore.$flatten\quire.$add$/teamspace/studios/this_studio/Melodica-Integration-into-Fife-Core/Learn_Bluespec_and_RISCV_Design/Code/Build/Fife/verilog/mkQuire.v:3227$1011 ($add).
Removed top 1 bits (of 33) from port B of cell mkPositCore.$flatten\quire.$add$/teamspace/studios/this_studio/Melodica-Integration-into-Fife-Core/Learn_Bluespec_and_RISCV_Design/Code/Build/Fife/verilog/mkQuire.v:3227$1011 ($add).
Removed top 1 bits (of 33) from port A of cell mkPositCore.$flatten\quire.$add$/teamspace/studios/this_studio/Melodica-Integration-into-Fife-Core/Learn_Bluespec_and_RISCV_Design/Code/Build/Fife/verilog/mkQuire.v:3226$1010 ($add).
Removed top 1 bits (of 33) from port B of cell mkPositCore.$flatten\quire.$add$/teamspace/studios/this_studio/Melodica-Integration-into-Fife-Core/Learn_Bluespec_and_RISCV_Design/Code/Build/Fife/verilog/mkQuire.v:3226$1010 ($add).
Removed top 1 bits (of 33) from port A of cell mkPositCore.$flatten\quire.$add$/teamspace/studios/this_studio/Melodica-Integration-into-Fife-Core/Learn_Bluespec_and_RISCV_Design/Code/Build/Fife/verilog/mkQuire.v:3148$968 ($add).
Removed top 1 bits (of 33) from port B of cell mkPositCore.$flatten\quire.$add$/teamspace/studios/this_studio/Melodica-Integration-into-Fife-Core/Learn_Bluespec_and_RISCV_Design/Code/Build/Fife/verilog/mkQuire.v:3148$968 ($add).
Removed top 1 bits (of 33) from port A of cell mkPositCore.$flatten\quire.$add$/teamspace/studios/this_studio/Melodica-Integration-into-Fife-Core/Learn_Bluespec_and_RISCV_Design/Code/Build/Fife/verilog/mkQuire.v:3147$967 ($add).
Removed top 1 bits (of 33) from port B of cell mkPositCore.$flatten\quire.$add$/teamspace/studios/this_studio/Melodica-Integration-into-Fife-Core/Learn_Bluespec_and_RISCV_Design/Code/Build/Fife/verilog/mkQuire.v:3147$967 ($add).
Removed top 1 bits (of 33) from port A of cell mkPositCore.$flatten\quire.$add$/teamspace/studios/this_studio/Melodica-Integration-into-Fife-Core/Learn_Bluespec_and_RISCV_Design/Code/Build/Fife/verilog/mkQuire.v:3146$966 ($add).
Removed top 1 bits (of 33) from port B of cell mkPositCore.$flatten\quire.$add$/teamspace/studios/this_studio/Melodica-Integration-into-Fife-Core/Learn_Bluespec_and_RISCV_Design/Code/Build/Fife/verilog/mkQuire.v:3146$966 ($add).
Removed top 1 bits (of 33) from port A of cell mkPositCore.$flatten\quire.$add$/teamspace/studios/this_studio/Melodica-Integration-into-Fife-Core/Learn_Bluespec_and_RISCV_Design/Code/Build/Fife/verilog/mkQuire.v:3145$965 ($add).
Removed top 1 bits (of 33) from port B of cell mkPositCore.$flatten\quire.$add$/teamspace/studios/this_studio/Melodica-Integration-into-Fife-Core/Learn_Bluespec_and_RISCV_Design/Code/Build/Fife/verilog/mkQuire.v:3145$965 ($add).
Removed top 1 bits (of 33) from port A of cell mkPositCore.$flatten\quire.$add$/teamspace/studios/this_studio/Melodica-Integration-into-Fife-Core/Learn_Bluespec_and_RISCV_Design/Code/Build/Fife/verilog/mkQuire.v:3144$964 ($add).
Removed top 1 bits (of 33) from port B of cell mkPositCore.$flatten\quire.$add$/teamspace/studios/this_studio/Melodica-Integration-into-Fife-Core/Learn_Bluespec_and_RISCV_Design/Code/Build/Fife/verilog/mkQuire.v:3144$964 ($add).
Removed top 1 bits (of 33) from port A of cell mkPositCore.$flatten\quire.$add$/teamspace/studios/this_studio/Melodica-Integration-into-Fife-Core/Learn_Bluespec_and_RISCV_Design/Code/Build/Fife/verilog/mkQuire.v:3143$963 ($add).
Removed top 1 bits (of 33) from port B of cell mkPositCore.$flatten\quire.$add$/teamspace/studios/this_studio/Melodica-Integration-into-Fife-Core/Learn_Bluespec_and_RISCV_Design/Code/Build/Fife/verilog/mkQuire.v:3143$963 ($add).
Removed top 1 bits (of 33) from port A of cell mkPositCore.$flatten\quire.$add$/teamspace/studios/this_studio/Melodica-Integration-into-Fife-Core/Learn_Bluespec_and_RISCV_Design/Code/Build/Fife/verilog/mkQuire.v:3142$962 ($add).
Removed top 1 bits (of 33) from port B of cell mkPositCore.$flatten\quire.$add$/teamspace/studios/this_studio/Melodica-Integration-into-Fife-Core/Learn_Bluespec_and_RISCV_Design/Code/Build/Fife/verilog/mkQuire.v:3142$962 ($add).
Removed top 1 bits (of 33) from port A of cell mkPositCore.$flatten\quire.$add$/teamspace/studios/this_studio/Melodica-Integration-into-Fife-Core/Learn_Bluespec_and_RISCV_Design/Code/Build/Fife/verilog/mkQuire.v:3141$961 ($add).
Removed top 1 bits (of 33) from port B of cell mkPositCore.$flatten\quire.$add$/teamspace/studios/this_studio/Melodica-Integration-into-Fife-Core/Learn_Bluespec_and_RISCV_Design/Code/Build/Fife/verilog/mkQuire.v:3141$961 ($add).
Removed top 1 bits (of 33) from port A of cell mkPositCore.$flatten\quire.$add$/teamspace/studios/this_studio/Melodica-Integration-into-Fife-Core/Learn_Bluespec_and_RISCV_Design/Code/Build/Fife/verilog/mkQuire.v:3140$960 ($add).
Removed top 1 bits (of 33) from port B of cell mkPositCore.$flatten\quire.$add$/teamspace/studios/this_studio/Melodica-Integration-into-Fife-Core/Learn_Bluespec_and_RISCV_Design/Code/Build/Fife/verilog/mkQuire.v:3140$960 ($add).
Removed top 1 bits (of 33) from port A of cell mkPositCore.$flatten\quire.$add$/teamspace/studios/this_studio/Melodica-Integration-into-Fife-Core/Learn_Bluespec_and_RISCV_Design/Code/Build/Fife/verilog/mkQuire.v:3139$959 ($add).
Removed top 1 bits (of 33) from port B of cell mkPositCore.$flatten\quire.$add$/teamspace/studios/this_studio/Melodica-Integration-into-Fife-Core/Learn_Bluespec_and_RISCV_Design/Code/Build/Fife/verilog/mkQuire.v:3139$959 ($add).
Removed top 239 bits (of 480) from port A of cell mkPositCore.$flatten\quire.$shr$/teamspace/studios/this_studio/Melodica-Integration-into-Fife-Core/Learn_Bluespec_and_RISCV_Design/Code/Build/Fife/verilog/mkQuire.v:3056$941 ($shr).
Removed top 472 bits (of 480) from port B of cell mkPositCore.$flatten\quire.$shr$/teamspace/studios/this_studio/Melodica-Integration-into-Fife-Core/Learn_Bluespec_and_RISCV_Design/Code/Build/Fife/verilog/mkQuire.v:3056$941 ($shr).
Removed top 239 bits (of 480) from port A of cell mkPositCore.$flatten\quire.$shl$/teamspace/studios/this_studio/Melodica-Integration-into-Fife-Core/Learn_Bluespec_and_RISCV_Design/Code/Build/Fife/verilog/mkQuire.v:3053$939 ($shl).
Removed top 472 bits (of 480) from port B of cell mkPositCore.$flatten\quire.$shl$/teamspace/studios/this_studio/Melodica-Integration-into-Fife-Core/Learn_Bluespec_and_RISCV_Design/Code/Build/Fife/verilog/mkQuire.v:3053$939 ($shl).
Removed top 1 bits (of 10) from port A of cell mkPositCore.$flatten\quire.$add$/teamspace/studios/this_studio/Melodica-Integration-into-Fife-Core/Learn_Bluespec_and_RISCV_Design/Code/Build/Fife/verilog/mkQuire.v:3019$935 ($add).
Removed top 4 bits (of 10) from port B of cell mkPositCore.$flatten\quire.$add$/teamspace/studios/this_studio/Melodica-Integration-into-Fife-Core/Learn_Bluespec_and_RISCV_Design/Code/Build/Fife/verilog/mkQuire.v:3019$935 ($add).
Removed top 9 bits (of 10) from port B of cell mkPositCore.$flatten\quire.$add$/teamspace/studios/this_studio/Melodica-Integration-into-Fife-Core/Learn_Bluespec_and_RISCV_Design/Code/Build/Fife/verilog/mkQuire.v:3001$934 ($add).
Removed top 32 bits (of 33) from port B of cell mkPositCore.$flatten\quire.$add$/teamspace/studios/this_studio/Melodica-Integration-into-Fife-Core/Learn_Bluespec_and_RISCV_Design/Code/Build/Fife/verilog/mkQuire.v:2982$932 ($add).
Removed top 32 bits (of 33) from port B of cell mkPositCore.$flatten\quire.$add$/teamspace/studios/this_studio/Melodica-Integration-into-Fife-Core/Learn_Bluespec_and_RISCV_Design/Code/Build/Fife/verilog/mkQuire.v:2980$931 ($add).
Removed top 32 bits (of 33) from port B of cell mkPositCore.$flatten\quire.$add$/teamspace/studios/this_studio/Melodica-Integration-into-Fife-Core/Learn_Bluespec_and_RISCV_Design/Code/Build/Fife/verilog/mkQuire.v:2978$930 ($add).
Removed top 32 bits (of 33) from port B of cell mkPositCore.$flatten\quire.$add$/teamspace/studios/this_studio/Melodica-Integration-into-Fife-Core/Learn_Bluespec_and_RISCV_Design/Code/Build/Fife/verilog/mkQuire.v:2976$929 ($add).
Removed top 32 bits (of 33) from port B of cell mkPositCore.$flatten\quire.$add$/teamspace/studios/this_studio/Melodica-Integration-into-Fife-Core/Learn_Bluespec_and_RISCV_Design/Code/Build/Fife/verilog/mkQuire.v:2974$928 ($add).
Removed top 1 bits (of 33) from port A of cell mkPositCore.$flatten\quire.$add$/teamspace/studios/this_studio/Melodica-Integration-into-Fife-Core/Learn_Bluespec_and_RISCV_Design/Code/Build/Fife/verilog/mkQuire.v:2972$927 ($add).
Removed top 1 bits (of 33) from port B of cell mkPositCore.$flatten\quire.$add$/teamspace/studios/this_studio/Melodica-Integration-into-Fife-Core/Learn_Bluespec_and_RISCV_Design/Code/Build/Fife/verilog/mkQuire.v:2972$927 ($add).
Removed top 32 bits (of 33) from port B of cell mkPositCore.$flatten\quire.$add$/teamspace/studios/this_studio/Melodica-Integration-into-Fife-Core/Learn_Bluespec_and_RISCV_Design/Code/Build/Fife/verilog/mkQuire.v:2970$926 ($add).
Removed top 1 bits (of 33) from port Y of cell mkPositCore.$flatten\quire.$add$/teamspace/studios/this_studio/Melodica-Integration-into-Fife-Core/Learn_Bluespec_and_RISCV_Design/Code/Build/Fife/verilog/mkQuire.v:2970$926 ($add).
Removed top 1 bits (of 33) from port A of cell mkPositCore.$flatten\quire.$add$/teamspace/studios/this_studio/Melodica-Integration-into-Fife-Core/Learn_Bluespec_and_RISCV_Design/Code/Build/Fife/verilog/mkQuire.v:2970$926 ($add).
Removed top 32 bits (of 33) from port B of cell mkPositCore.$flatten\quire.$add$/teamspace/studios/this_studio/Melodica-Integration-into-Fife-Core/Learn_Bluespec_and_RISCV_Design/Code/Build/Fife/verilog/mkQuire.v:2968$925 ($add).
Removed top 32 bits (of 33) from port B of cell mkPositCore.$flatten\quire.$add$/teamspace/studios/this_studio/Melodica-Integration-into-Fife-Core/Learn_Bluespec_and_RISCV_Design/Code/Build/Fife/verilog/mkQuire.v:2966$924 ($add).
Removed top 32 bits (of 33) from port B of cell mkPositCore.$flatten\quire.$add$/teamspace/studios/this_studio/Melodica-Integration-into-Fife-Core/Learn_Bluespec_and_RISCV_Design/Code/Build/Fife/verilog/mkQuire.v:2964$923 ($add).
Removed top 32 bits (of 33) from port B of cell mkPositCore.$flatten\quire.$add$/teamspace/studios/this_studio/Melodica-Integration-into-Fife-Core/Learn_Bluespec_and_RISCV_Design/Code/Build/Fife/verilog/mkQuire.v:2962$922 ($add).
Removed top 32 bits (of 33) from port B of cell mkPositCore.$flatten\quire.$add$/teamspace/studios/this_studio/Melodica-Integration-into-Fife-Core/Learn_Bluespec_and_RISCV_Design/Code/Build/Fife/verilog/mkQuire.v:2960$921 ($add).
Removed top 32 bits (of 33) from port B of cell mkPositCore.$flatten\quire.$add$/teamspace/studios/this_studio/Melodica-Integration-into-Fife-Core/Learn_Bluespec_and_RISCV_Design/Code/Build/Fife/verilog/mkQuire.v:2958$920 ($add).
Removed top 32 bits (of 33) from port B of cell mkPositCore.$flatten\quire.$add$/teamspace/studios/this_studio/Melodica-Integration-into-Fife-Core/Learn_Bluespec_and_RISCV_Design/Code/Build/Fife/verilog/mkQuire.v:2956$919 ($add).
Removed top 32 bits (of 33) from port B of cell mkPositCore.$flatten\quire.$add$/teamspace/studios/this_studio/Melodica-Integration-into-Fife-Core/Learn_Bluespec_and_RISCV_Design/Code/Build/Fife/verilog/mkQuire.v:2954$918 ($add).
Removed top 32 bits (of 33) from port B of cell mkPositCore.$flatten\quire.$add$/teamspace/studios/this_studio/Melodica-Integration-into-Fife-Core/Learn_Bluespec_and_RISCV_Design/Code/Build/Fife/verilog/mkQuire.v:2952$917 ($add).
Removed top 1 bits (of 10) from port A of cell mkPositCore.$flatten\quire.$sub$/teamspace/studios/this_studio/Melodica-Integration-into-Fife-Core/Learn_Bluespec_and_RISCV_Design/Code/Build/Fife/verilog/mkQuire.v:2930$915 ($sub).
Removed top 501 bits (of 511) from port B of cell mkPositCore.$flatten\quire.$shl$/teamspace/studios/this_studio/Melodica-Integration-into-Fife-Core/Learn_Bluespec_and_RISCV_Design/Code/Build/Fife/verilog/mkQuire.v:2888$907 ($shl).
Removed top 1 bits (of 511) from port Y of cell mkPositCore.$flatten\quire.$shl$/teamspace/studios/this_studio/Melodica-Integration-into-Fife-Core/Learn_Bluespec_and_RISCV_Design/Code/Build/Fife/verilog/mkQuire.v:2888$907 ($shl).
Removed top 1 bits (of 10) from port B of cell mkPositCore.$flatten\quire.$lt$/teamspace/studios/this_studio/Melodica-Integration-into-Fife-Core/Learn_Bluespec_and_RISCV_Design/Code/Build/Fife/verilog/mkQuire.v:2876$903 ($lt).
Removed top 1 bits (of 5) from mux cell mkPositCore.$flatten\quire.$ternary$/teamspace/studios/this_studio/Melodica-Integration-into-Fife-Core/Learn_Bluespec_and_RISCV_Design/Code/Build/Fife/verilog/mkQuire.v:2841$880 ($mux).
Removed top 1 bits (of 5) from mux cell mkPositCore.$flatten\quire.$ternary$/teamspace/studios/this_studio/Melodica-Integration-into-Fife-Core/Learn_Bluespec_and_RISCV_Design/Code/Build/Fife/verilog/mkQuire.v:2835$878 ($mux).
Removed top 1 bits (of 5) from mux cell mkPositCore.$flatten\quire.$ternary$/teamspace/studios/this_studio/Melodica-Integration-into-Fife-Core/Learn_Bluespec_and_RISCV_Design/Code/Build/Fife/verilog/mkQuire.v:2837$877 ($mux).
Removed top 1 bits (of 5) from mux cell mkPositCore.$flatten\quire.$ternary$/teamspace/studios/this_studio/Melodica-Integration-into-Fife-Core/Learn_Bluespec_and_RISCV_Design/Code/Build/Fife/verilog/mkQuire.v:2829$874 ($mux).
Removed top 1 bits (of 5) from mux cell mkPositCore.$flatten\quire.$ternary$/teamspace/studios/this_studio/Melodica-Integration-into-Fife-Core/Learn_Bluespec_and_RISCV_Design/Code/Build/Fife/verilog/mkQuire.v:2831$873 ($mux).
Removed top 1 bits (of 5) from mux cell mkPositCore.$flatten\quire.$ternary$/teamspace/studios/this_studio/Melodica-Integration-into-Fife-Core/Learn_Bluespec_and_RISCV_Design/Code/Build/Fife/verilog/mkQuire.v:2823$870 ($mux).
Removed top 1 bits (of 5) from mux cell mkPositCore.$flatten\quire.$ternary$/teamspace/studios/this_studio/Melodica-Integration-into-Fife-Core/Learn_Bluespec_and_RISCV_Design/Code/Build/Fife/verilog/mkQuire.v:2825$869 ($mux).
Removed top 1 bits (of 41) from mux cell mkPositCore.$flatten\quire.$ternary$/teamspace/studios/this_studio/Melodica-Integration-into-Fife-Core/Learn_Bluespec_and_RISCV_Design/Code/Build/Fife/verilog/mkQuire.v:2473$802 ($mux).
Removed top 9 bits (of 10) from port B of cell mkPositCore.$flatten\quire.$sub$/teamspace/studios/this_studio/Melodica-Integration-into-Fife-Core/Learn_Bluespec_and_RISCV_Design/Code/Build/Fife/verilog/mkQuire.v:2465$801 ($sub).
Removed top 3 bits (of 4) from port B of cell mkPositCore.$flatten\quire.$sub$/teamspace/studios/this_studio/Melodica-Integration-into-Fife-Core/Learn_Bluespec_and_RISCV_Design/Code/Build/Fife/verilog/mkQuire.v:1492$325 ($sub).
Removed top 3 bits (of 4) from port B of cell mkPositCore.$flatten\quire.$add$/teamspace/studios/this_studio/Melodica-Integration-into-Fife-Core/Learn_Bluespec_and_RISCV_Design/Code/Build/Fife/verilog/mkQuire.v:1490$324 ($add).
Removed top 1 bits (of 32) from mux cell mkPositCore.$flatten\quire.\instance_fn_twosC_quire_1.$ternary$/teamspace/studios/this_studio/Melodica-Integration-into-Fife-Core/Learn_Bluespec_and_RISCV_Design/Code/Build/Fife/verilog/module_fn_twosC_quire.v:127$121 ($mux).
Removed top 1 bits (of 33) from port Y of cell mkPositCore.$flatten\quire.$add$/teamspace/studios/this_studio/Melodica-Integration-into-Fife-Core/Learn_Bluespec_and_RISCV_Design/Code/Build/Fife/verilog/mkQuire.v:3148$968 ($add).
Removed top 1 bits (of 5) from mux cell mkPositCore.$flatten\quire.$ternary$/teamspace/studios/this_studio/Melodica-Integration-into-Fife-Core/Learn_Bluespec_and_RISCV_Design/Code/Build/Fife/verilog/mkQuire.v:2863$898 ($mux).
Removed top 1 bits (of 32) from port Y of cell mkPositCore.$flatten\quire.\instance_fn_twosC_quire_1.$add$/teamspace/studios/this_studio/Melodica-Integration-into-Fife-Core/Learn_Bluespec_and_RISCV_Design/Code/Build/Fife/verilog/module_fn_twosC_quire.v:128$120 ($add).
Removed top 1 bits (of 32) from port A of cell mkPositCore.$flatten\quire.\instance_fn_twosC_quire_1.$add$/teamspace/studios/this_studio/Melodica-Integration-into-Fife-Core/Learn_Bluespec_and_RISCV_Design/Code/Build/Fife/verilog/module_fn_twosC_quire.v:128$120 ($add).
Removed top 1 bits (of 5) from mux cell mkPositCore.$flatten\quire.$ternary$/teamspace/studios/this_studio/Melodica-Integration-into-Fife-Core/Learn_Bluespec_and_RISCV_Design/Code/Build/Fife/verilog/mkQuire.v:2865$897 ($mux).
Removed top 1 bits (of 32) from port Y of cell mkPositCore.$flatten\quire.\instance_fn_twosC_quire_1.$not$/teamspace/studios/this_studio/Melodica-Integration-into-Fife-Core/Learn_Bluespec_and_RISCV_Design/Code/Build/Fife/verilog/module_fn_twosC_quire.v:126$118 ($not).
Removed top 1 bits (of 32) from port A of cell mkPositCore.$flatten\quire.\instance_fn_twosC_quire_1.$not$/teamspace/studios/this_studio/Melodica-Integration-into-Fife-Core/Learn_Bluespec_and_RISCV_Design/Code/Build/Fife/verilog/module_fn_twosC_quire.v:126$118 ($not).
Removed top 1 bits (of 5) from mux cell mkPositCore.$flatten\quire.$ternary$/teamspace/studios/this_studio/Melodica-Integration-into-Fife-Core/Learn_Bluespec_and_RISCV_Design/Code/Build/Fife/verilog/mkQuire.v:2857$894 ($mux).
Removed top 1 bits (of 5) from mux cell mkPositCore.$flatten\quire.$ternary$/teamspace/studios/this_studio/Melodica-Integration-into-Fife-Core/Learn_Bluespec_and_RISCV_Design/Code/Build/Fife/verilog/mkQuire.v:2859$893 ($mux).
Removed top 1 bits (of 5) from mux cell mkPositCore.$flatten\quire.$ternary$/teamspace/studios/this_studio/Melodica-Integration-into-Fife-Core/Learn_Bluespec_and_RISCV_Design/Code/Build/Fife/verilog/mkQuire.v:2851$890 ($mux).
Removed top 1 bits (of 5) from mux cell mkPositCore.$flatten\quire.$ternary$/teamspace/studios/this_studio/Melodica-Integration-into-Fife-Core/Learn_Bluespec_and_RISCV_Design/Code/Build/Fife/verilog/mkQuire.v:2853$889 ($mux).
Removed top 1 bits (of 5) from mux cell mkPositCore.$flatten\quire.$ternary$/teamspace/studios/this_studio/Melodica-Integration-into-Fife-Core/Learn_Bluespec_and_RISCV_Design/Code/Build/Fife/verilog/mkQuire.v:2845$886 ($mux).
Removed top 1 bits (of 5) from mux cell mkPositCore.$flatten\quire.$ternary$/teamspace/studios/this_studio/Melodica-Integration-into-Fife-Core/Learn_Bluespec_and_RISCV_Design/Code/Build/Fife/verilog/mkQuire.v:2847$885 ($mux).
Removed top 1 bits (of 5) from mux cell mkPositCore.$flatten\quire.$ternary$/teamspace/studios/this_studio/Melodica-Integration-into-Fife-Core/Learn_Bluespec_and_RISCV_Design/Code/Build/Fife/verilog/mkQuire.v:2849$884 ($mux).
Removed top 1 bits (of 2) from wire mkPositCore.$flatten\extracter1.$ternary$/teamspace/studios/this_studio/Melodica-Integration-into-Fife-Core/Learn_Bluespec_and_RISCV_Design/Code/Build/Fife/verilog/mkExtracter.v:131$1226_Y.
Removed top 2 bits (of 3) from wire mkPositCore.$flatten\extracter1.$ternary$/teamspace/studios/this_studio/Melodica-Integration-into-Fife-Core/Learn_Bluespec_and_RISCV_Design/Code/Build/Fife/verilog/mkExtracter.v:179$1240_Y.
Removed top 1 bits (of 2) from wire mkPositCore.$flatten\extracter2.$ternary$/teamspace/studios/this_studio/Melodica-Integration-into-Fife-Core/Learn_Bluespec_and_RISCV_Design/Code/Build/Fife/verilog/mkExtracter.v:131$1226_Y.
Removed top 2 bits (of 3) from wire mkPositCore.$flatten\extracter2.$ternary$/teamspace/studios/this_studio/Melodica-Integration-into-Fife-Core/Learn_Bluespec_and_RISCV_Design/Code/Build/Fife/verilog/mkExtracter.v:179$1240_Y.
Removed top 1 bits (of 2) from wire mkPositCore.$flatten\multiplier.$ternary$/teamspace/studios/this_studio/Melodica-Integration-into-Fife-Core/Learn_Bluespec_and_RISCV_Design/Code/Build/Fife/verilog/mkMultiplier.v:165$1024_Y.
Removed top 1 bits (of 6) from wire mkPositCore.$flatten\normalizer.$not$/teamspace/studios/this_studio/Melodica-Integration-into-Fife-Core/Learn_Bluespec_and_RISCV_Design/Code/Build/Fife/verilog/mkNormalizer.v:252$1106_Y.
Removed top 1 bits (of 5) from wire mkPositCore.$flatten\quire.$ternary$/teamspace/studios/this_studio/Melodica-Integration-into-Fife-Core/Learn_Bluespec_and_RISCV_Design/Code/Build/Fife/verilog/mkQuire.v:2825$869_Y.
Removed top 2 bits (of 5) from wire mkPositCore.$flatten\quire.$ternary$/teamspace/studios/this_studio/Melodica-Integration-into-Fife-Core/Learn_Bluespec_and_RISCV_Design/Code/Build/Fife/verilog/mkQuire.v:2831$873_Y.
Removed top 2 bits (of 5) from wire mkPositCore.$flatten\quire.$ternary$/teamspace/studios/this_studio/Melodica-Integration-into-Fife-Core/Learn_Bluespec_and_RISCV_Design/Code/Build/Fife/verilog/mkQuire.v:2837$877_Y.
Removed top 1 bits (of 5) from wire mkPositCore.$flatten\quire.$ternary$/teamspace/studios/this_studio/Melodica-Integration-into-Fife-Core/Learn_Bluespec_and_RISCV_Design/Code/Build/Fife/verilog/mkQuire.v:2847$885_Y.
Removed top 2 bits (of 5) from wire mkPositCore.$flatten\quire.$ternary$/teamspace/studios/this_studio/Melodica-Integration-into-Fife-Core/Learn_Bluespec_and_RISCV_Design/Code/Build/Fife/verilog/mkQuire.v:2849$884_Y.
Removed top 4 bits (of 5) from wire mkPositCore.$flatten\quire.$ternary$/teamspace/studios/this_studio/Melodica-Integration-into-Fife-Core/Learn_Bluespec_and_RISCV_Design/Code/Build/Fife/verilog/mkQuire.v:2853$889_Y.
Removed top 1 bits (of 5) from wire mkPositCore.$flatten\quire.$ternary$/teamspace/studios/this_studio/Melodica-Integration-into-Fife-Core/Learn_Bluespec_and_RISCV_Design/Code/Build/Fife/verilog/mkQuire.v:2859$893_Y.
Removed top 4 bits (of 5) from wire mkPositCore.$flatten\quire.$ternary$/teamspace/studios/this_studio/Melodica-Integration-into-Fife-Core/Learn_Bluespec_and_RISCV_Design/Code/Build/Fife/verilog/mkQuire.v:2865$897_Y.
Removed top 1 bits (of 32) from wire mkPositCore.$flatten\quire.\instance_fn_twosC_quire_1.$add$/teamspace/studios/this_studio/Melodica-Integration-into-Fife-Core/Learn_Bluespec_and_RISCV_Design/Code/Build/Fife/verilog/module_fn_twosC_quire.v:128$120_Y.
Removed top 1 bits (of 32) from wire mkPositCore.$flatten\quire.\instance_fn_twosC_quire_1.$not$/teamspace/studios/this_studio/Melodica-Integration-into-Fife-Core/Learn_Bluespec_and_RISCV_Design/Code/Build/Fife/verilog/module_fn_twosC_quire.v:126$118_Y.
Removed top 34 bits (of 71) from wire mkPositCore.MUX_ffO$enq_1__VAL_1.
Removed top 34 bits (of 71) from wire mkPositCore.MUX_ffO$enq_1__VAL_2.

14.11. Executing PEEPOPT pass (run peephole optimizers).

14.12. Executing OPT_CLEAN pass (remove unused cells and wires).
Finding unused cells or wires in module \mkPositCore..
Removed 0 unused cells and 18 unused wires.
<suppressed ~1 debug messages>

14.13. Executing ALUMACC pass (create $alu and $macc cells).
Extracting $alu and $macc cells in module mkPositCore:
  creating $macc model for $add$/teamspace/studios/this_studio/Melodica-Integration-into-Fife-Core/Learn_Bluespec_and_RISCV_Design/Code/Build/Fife/verilog/mkPositCore.v:492$1429 ($add).
  creating $macc model for $add$/teamspace/studios/this_studio/Melodica-Integration-into-Fife-Core/Learn_Bluespec_and_RISCV_Design/Code/Build/Fife/verilog/mkPositCore.v:546$1456 ($add).
  creating $macc model for $flatten\extracter1.$add$/teamspace/studios/this_studio/Melodica-Integration-into-Fife-Core/Learn_Bluespec_and_RISCV_Design/Code/Build/Fife/verilog/mkExtracter.v:158$1236 ($add).
  creating $macc model for $flatten\extracter1.$add$/teamspace/studios/this_studio/Melodica-Integration-into-Fife-Core/Learn_Bluespec_and_RISCV_Design/Code/Build/Fife/verilog/mkExtracter.v:183$1246 ($add).
  creating $macc model for $flatten\extracter1.$add$/teamspace/studios/this_studio/Melodica-Integration-into-Fife-Core/Learn_Bluespec_and_RISCV_Design/Code/Build/Fife/verilog/mkExtracter.v:189$1248 ($add).
  creating $macc model for $flatten\extracter1.$add$/teamspace/studios/this_studio/Melodica-Integration-into-Fife-Core/Learn_Bluespec_and_RISCV_Design/Code/Build/Fife/verilog/mkExtracter.v:195$1250 ($add).
  creating $macc model for $flatten\extracter2.$add$/teamspace/studios/this_studio/Melodica-Integration-into-Fife-Core/Learn_Bluespec_and_RISCV_Design/Code/Build/Fife/verilog/mkExtracter.v:158$1236 ($add).
  creating $macc model for $flatten\extracter2.$add$/teamspace/studios/this_studio/Melodica-Integration-into-Fife-Core/Learn_Bluespec_and_RISCV_Design/Code/Build/Fife/verilog/mkExtracter.v:183$1246 ($add).
  creating $macc model for $flatten\extracter2.$add$/teamspace/studios/this_studio/Melodica-Integration-into-Fife-Core/Learn_Bluespec_and_RISCV_Design/Code/Build/Fife/verilog/mkExtracter.v:189$1248 ($add).
  creating $macc model for $flatten\extracter2.$add$/teamspace/studios/this_studio/Melodica-Integration-into-Fife-Core/Learn_Bluespec_and_RISCV_Design/Code/Build/Fife/verilog/mkExtracter.v:195$1250 ($add).
  creating $macc model for $flatten\ftop.$add$/teamspace/studios/this_studio/Melodica-Integration-into-Fife-Core/Learn_Bluespec_and_RISCV_Design/Code/Build/Fife/verilog/mkFtoP_PNE.v:187$1291 ($add).
  creating $macc model for $flatten\ftop.$neg$/teamspace/studios/this_studio/Melodica-Integration-into-Fife-Core/Learn_Bluespec_and_RISCV_Design/Code/Build/Fife/verilog/mkFtoP_PNE.v:149$1270 ($neg).
  creating $macc model for $flatten\ftop.$sub$/teamspace/studios/this_studio/Melodica-Integration-into-Fife-Core/Learn_Bluespec_and_RISCV_Design/Code/Build/Fife/verilog/mkFtoP_PNE.v:178$1287 ($sub).
  creating $macc model for $flatten\ftop.$sub$/teamspace/studios/this_studio/Melodica-Integration-into-Fife-Core/Learn_Bluespec_and_RISCV_Design/Code/Build/Fife/verilog/mkFtoP_PNE.v:180$1288 ($sub).
  creating $macc model for $flatten\ftop.$sub$/teamspace/studios/this_studio/Melodica-Integration-into-Fife-Core/Learn_Bluespec_and_RISCV_Design/Code/Build/Fife/verilog/mkFtoP_PNE.v:182$1289 ($sub).
  creating $macc model for $flatten\multiplier.$add$/teamspace/studios/this_studio/Melodica-Integration-into-Fife-Core/Learn_Bluespec_and_RISCV_Design/Code/Build/Fife/verilog/mkMultiplier.v:201$1056 ($add).
  creating $macc model for $flatten\multiplier.$add$/teamspace/studios/this_studio/Melodica-Integration-into-Fife-Core/Learn_Bluespec_and_RISCV_Design/Code/Build/Fife/verilog/mkMultiplier.v:214$1058 ($add).
  creating $macc model for $flatten\multiplier.$mul$/teamspace/studios/this_studio/Melodica-Integration-into-Fife-Core/Learn_Bluespec_and_RISCV_Design/Code/Build/Fife/verilog/mkMultiplier.v:206$1057 ($mul).
  creating $macc model for $flatten\multiplier.$neg$/teamspace/studios/this_studio/Melodica-Integration-into-Fife-Core/Learn_Bluespec_and_RISCV_Design/Code/Build/Fife/verilog/mkMultiplier.v:236$1066 ($neg).
  creating $macc model for $flatten\normalizer.$add$/teamspace/studios/this_studio/Melodica-Integration-into-Fife-Core/Learn_Bluespec_and_RISCV_Design/Code/Build/Fife/verilog/mkNormalizer.v:217$1078 ($add).
  creating $macc model for $flatten\normalizer.$add$/teamspace/studios/this_studio/Melodica-Integration-into-Fife-Core/Learn_Bluespec_and_RISCV_Design/Code/Build/Fife/verilog/mkNormalizer.v:245$1104 ($add).
  creating $macc model for $flatten\normalizer.$add$/teamspace/studios/this_studio/Melodica-Integration-into-Fife-Core/Learn_Bluespec_and_RISCV_Design/Code/Build/Fife/verilog/mkNormalizer.v:252$1107 ($add).
  creating $macc model for $flatten\normalizer.$add$/teamspace/studios/this_studio/Melodica-Integration-into-Fife-Core/Learn_Bluespec_and_RISCV_Design/Code/Build/Fife/verilog/mkNormalizer.v:326$1179 ($add).
  creating $macc model for $flatten\normalizer.$add$/teamspace/studios/this_studio/Melodica-Integration-into-Fife-Core/Learn_Bluespec_and_RISCV_Design/Code/Build/Fife/verilog/mkNormalizer.v:350$1191 ($add).
  creating $macc model for $flatten\normalizer.$add$/teamspace/studios/this_studio/Melodica-Integration-into-Fife-Core/Learn_Bluespec_and_RISCV_Design/Code/Build/Fife/verilog/mkNormalizer.v:377$1203 ($add).
  creating $macc model for $flatten\normalizer.$add$/teamspace/studios/this_studio/Melodica-Integration-into-Fife-Core/Learn_Bluespec_and_RISCV_Design/Code/Build/Fife/verilog/mkNormalizer.v:383$1208 ($add).
  creating $macc model for $flatten\normalizer.$add$/teamspace/studios/this_studio/Melodica-Integration-into-Fife-Core/Learn_Bluespec_and_RISCV_Design/Code/Build/Fife/verilog/mkNormalizer.v:402$1218 ($add).
  creating $macc model for $flatten\normalizer.$sub$/teamspace/studios/this_studio/Melodica-Integration-into-Fife-Core/Learn_Bluespec_and_RISCV_Design/Code/Build/Fife/verilog/mkNormalizer.v:188$1071 ($sub).
  creating $macc model for $flatten\normalizer.$sub$/teamspace/studios/this_studio/Melodica-Integration-into-Fife-Core/Learn_Bluespec_and_RISCV_Design/Code/Build/Fife/verilog/mkNormalizer.v:211$1075 ($sub).
  creating $macc model for $flatten\normalizer.$sub$/teamspace/studios/this_studio/Melodica-Integration-into-Fife-Core/Learn_Bluespec_and_RISCV_Design/Code/Build/Fife/verilog/mkNormalizer.v:275$1134 ($sub).
  creating $macc model for $flatten\normalizer.$sub$/teamspace/studios/this_studio/Melodica-Integration-into-Fife-Core/Learn_Bluespec_and_RISCV_Design/Code/Build/Fife/verilog/mkNormalizer.v:313$1174 ($sub).
  creating $macc model for $flatten\normalizer.$sub$/teamspace/studios/this_studio/Melodica-Integration-into-Fife-Core/Learn_Bluespec_and_RISCV_Design/Code/Build/Fife/verilog/mkNormalizer.v:331$1182 ($sub).
  creating $macc model for $flatten\normalizer.$sub$/teamspace/studios/this_studio/Melodica-Integration-into-Fife-Core/Learn_Bluespec_and_RISCV_Design/Code/Build/Fife/verilog/mkNormalizer.v:332$1183 ($sub).
  creating $macc model for $flatten\normalizer.$sub$/teamspace/studios/this_studio/Melodica-Integration-into-Fife-Core/Learn_Bluespec_and_RISCV_Design/Code/Build/Fife/verilog/mkNormalizer.v:362$1196 ($sub).
  creating $macc model for $flatten\normalizer.$sub$/teamspace/studios/this_studio/Melodica-Integration-into-Fife-Core/Learn_Bluespec_and_RISCV_Design/Code/Build/Fife/verilog/mkNormalizer.v:367$1198 ($sub).
  creating $macc model for $flatten\normalizer.$sub$/teamspace/studios/this_studio/Melodica-Integration-into-Fife-Core/Learn_Bluespec_and_RISCV_Design/Code/Build/Fife/verilog/mkNormalizer.v:384$1209 ($sub).
  creating $macc model for $flatten\ptof.$add$/teamspace/studios/this_studio/Melodica-Integration-into-Fife-Core/Learn_Bluespec_and_RISCV_Design/Code/Build/Fife/verilog/mkPtoF_PNE.v:205$1328 ($add).
  creating $macc model for $flatten\ptof.$add$/teamspace/studios/this_studio/Melodica-Integration-into-Fife-Core/Learn_Bluespec_and_RISCV_Design/Code/Build/Fife/verilog/mkPtoF_PNE.v:209$1330 ($add).
  creating $macc model for $flatten\ptof.$add$/teamspace/studios/this_studio/Melodica-Integration-into-Fife-Core/Learn_Bluespec_and_RISCV_Design/Code/Build/Fife/verilog/mkPtoF_PNE.v:225$1340 ($add).
  creating $macc model for $flatten\ptof.$neg$/teamspace/studios/this_studio/Melodica-Integration-into-Fife-Core/Learn_Bluespec_and_RISCV_Design/Code/Build/Fife/verilog/mkPtoF_PNE.v:148$1296 ($neg).
  creating $macc model for $flatten\ptof.$sub$/teamspace/studios/this_studio/Melodica-Integration-into-Fife-Core/Learn_Bluespec_and_RISCV_Design/Code/Build/Fife/verilog/mkPtoF_PNE.v:185$1313 ($sub).
  creating $macc model for $flatten\ptof.$sub$/teamspace/studios/this_studio/Melodica-Integration-into-Fife-Core/Learn_Bluespec_and_RISCV_Design/Code/Build/Fife/verilog/mkPtoF_PNE.v:187$1314 ($sub).
  creating $macc model for $flatten\quire.$add$/teamspace/studios/this_studio/Melodica-Integration-into-Fife-Core/Learn_Bluespec_and_RISCV_Design/Code/Build/Fife/verilog/mkQuire.v:1490$324 ($add).
  creating $macc model for $flatten\quire.$add$/teamspace/studios/this_studio/Melodica-Integration-into-Fife-Core/Learn_Bluespec_and_RISCV_Design/Code/Build/Fife/verilog/mkQuire.v:2952$917 ($add).
  creating $macc model for $flatten\quire.$add$/teamspace/studios/this_studio/Melodica-Integration-into-Fife-Core/Learn_Bluespec_and_RISCV_Design/Code/Build/Fife/verilog/mkQuire.v:2954$918 ($add).
  creating $macc model for $flatten\quire.$add$/teamspace/studios/this_studio/Melodica-Integration-into-Fife-Core/Learn_Bluespec_and_RISCV_Design/Code/Build/Fife/verilog/mkQuire.v:2956$919 ($add).
  creating $macc model for $flatten\quire.$add$/teamspace/studios/this_studio/Melodica-Integration-into-Fife-Core/Learn_Bluespec_and_RISCV_Design/Code/Build/Fife/verilog/mkQuire.v:2958$920 ($add).
  creating $macc model for $flatten\quire.$add$/teamspace/studios/this_studio/Melodica-Integration-into-Fife-Core/Learn_Bluespec_and_RISCV_Design/Code/Build/Fife/verilog/mkQuire.v:2960$921 ($add).
  creating $macc model for $flatten\quire.$add$/teamspace/studios/this_studio/Melodica-Integration-into-Fife-Core/Learn_Bluespec_and_RISCV_Design/Code/Build/Fife/verilog/mkQuire.v:2962$922 ($add).
  creating $macc model for $flatten\quire.$add$/teamspace/studios/this_studio/Melodica-Integration-into-Fife-Core/Learn_Bluespec_and_RISCV_Design/Code/Build/Fife/verilog/mkQuire.v:2964$923 ($add).
  creating $macc model for $flatten\quire.$add$/teamspace/studios/this_studio/Melodica-Integration-into-Fife-Core/Learn_Bluespec_and_RISCV_Design/Code/Build/Fife/verilog/mkQuire.v:2966$924 ($add).
  creating $macc model for $flatten\quire.$add$/teamspace/studios/this_studio/Melodica-Integration-into-Fife-Core/Learn_Bluespec_and_RISCV_Design/Code/Build/Fife/verilog/mkQuire.v:2968$925 ($add).
  creating $macc model for $flatten\quire.$add$/teamspace/studios/this_studio/Melodica-Integration-into-Fife-Core/Learn_Bluespec_and_RISCV_Design/Code/Build/Fife/verilog/mkQuire.v:2970$926 ($add).
  creating $macc model for $flatten\quire.$add$/teamspace/studios/this_studio/Melodica-Integration-into-Fife-Core/Learn_Bluespec_and_RISCV_Design/Code/Build/Fife/verilog/mkQuire.v:2972$927 ($add).
  creating $macc model for $flatten\quire.$add$/teamspace/studios/this_studio/Melodica-Integration-into-Fife-Core/Learn_Bluespec_and_RISCV_Design/Code/Build/Fife/verilog/mkQuire.v:2974$928 ($add).
  creating $macc model for $flatten\quire.$add$/teamspace/studios/this_studio/Melodica-Integration-into-Fife-Core/Learn_Bluespec_and_RISCV_Design/Code/Build/Fife/verilog/mkQuire.v:2976$929 ($add).
  creating $macc model for $flatten\quire.$add$/teamspace/studios/this_studio/Melodica-Integration-into-Fife-Core/Learn_Bluespec_and_RISCV_Design/Code/Build/Fife/verilog/mkQuire.v:2978$930 ($add).
  creating $macc model for $flatten\quire.$add$/teamspace/studios/this_studio/Melodica-Integration-into-Fife-Core/Learn_Bluespec_and_RISCV_Design/Code/Build/Fife/verilog/mkQuire.v:2980$931 ($add).
  creating $macc model for $flatten\quire.$add$/teamspace/studios/this_studio/Melodica-Integration-into-Fife-Core/Learn_Bluespec_and_RISCV_Design/Code/Build/Fife/verilog/mkQuire.v:2982$932 ($add).
  creating $macc model for $flatten\quire.$add$/teamspace/studios/this_studio/Melodica-Integration-into-Fife-Core/Learn_Bluespec_and_RISCV_Design/Code/Build/Fife/verilog/mkQuire.v:3001$934 ($add).
  creating $macc model for $flatten\quire.$add$/teamspace/studios/this_studio/Melodica-Integration-into-Fife-Core/Learn_Bluespec_and_RISCV_Design/Code/Build/Fife/verilog/mkQuire.v:3019$935 ($add).
  creating $macc model for $flatten\quire.$add$/teamspace/studios/this_studio/Melodica-Integration-into-Fife-Core/Learn_Bluespec_and_RISCV_Design/Code/Build/Fife/verilog/mkQuire.v:3139$959 ($add).
  creating $macc model for $flatten\quire.$add$/teamspace/studios/this_studio/Melodica-Integration-into-Fife-Core/Learn_Bluespec_and_RISCV_Design/Code/Build/Fife/verilog/mkQuire.v:3140$960 ($add).
  creating $macc model for $flatten\quire.$add$/teamspace/studios/this_studio/Melodica-Integration-into-Fife-Core/Learn_Bluespec_and_RISCV_Design/Code/Build/Fife/verilog/mkQuire.v:3141$961 ($add).
  creating $macc model for $flatten\quire.$add$/teamspace/studios/this_studio/Melodica-Integration-into-Fife-Core/Learn_Bluespec_and_RISCV_Design/Code/Build/Fife/verilog/mkQuire.v:3142$962 ($add).
  creating $macc model for $flatten\quire.$add$/teamspace/studios/this_studio/Melodica-Integration-into-Fife-Core/Learn_Bluespec_and_RISCV_Design/Code/Build/Fife/verilog/mkQuire.v:3143$963 ($add).
  creating $macc model for $flatten\quire.$add$/teamspace/studios/this_studio/Melodica-Integration-into-Fife-Core/Learn_Bluespec_and_RISCV_Design/Code/Build/Fife/verilog/mkQuire.v:3144$964 ($add).
  creating $macc model for $flatten\quire.$add$/teamspace/studios/this_studio/Melodica-Integration-into-Fife-Core/Learn_Bluespec_and_RISCV_Design/Code/Build/Fife/verilog/mkQuire.v:3145$965 ($add).
  creating $macc model for $flatten\quire.$add$/teamspace/studios/this_studio/Melodica-Integration-into-Fife-Core/Learn_Bluespec_and_RISCV_Design/Code/Build/Fife/verilog/mkQuire.v:3146$966 ($add).
  creating $macc model for $flatten\quire.$add$/teamspace/studios/this_studio/Melodica-Integration-into-Fife-Core/Learn_Bluespec_and_RISCV_Design/Code/Build/Fife/verilog/mkQuire.v:3147$967 ($add).
  creating $macc model for $flatten\quire.$add$/teamspace/studios/this_studio/Melodica-Integration-into-Fife-Core/Learn_Bluespec_and_RISCV_Design/Code/Build/Fife/verilog/mkQuire.v:3148$968 ($add).
  creating $macc model for $flatten\quire.$add$/teamspace/studios/this_studio/Melodica-Integration-into-Fife-Core/Learn_Bluespec_and_RISCV_Design/Code/Build/Fife/verilog/mkQuire.v:3226$1010 ($add).
  creating $macc model for $flatten\quire.$add$/teamspace/studios/this_studio/Melodica-Integration-into-Fife-Core/Learn_Bluespec_and_RISCV_Design/Code/Build/Fife/verilog/mkQuire.v:3227$1011 ($add).
  creating $macc model for $flatten\quire.$add$/teamspace/studios/this_studio/Melodica-Integration-into-Fife-Core/Learn_Bluespec_and_RISCV_Design/Code/Build/Fife/verilog/mkQuire.v:3228$1012 ($add).
  creating $macc model for $flatten\quire.$add$/teamspace/studios/this_studio/Melodica-Integration-into-Fife-Core/Learn_Bluespec_and_RISCV_Design/Code/Build/Fife/verilog/mkQuire.v:3229$1013 ($add).
  creating $macc model for $flatten\quire.$add$/teamspace/studios/this_studio/Melodica-Integration-into-Fife-Core/Learn_Bluespec_and_RISCV_Design/Code/Build/Fife/verilog/mkQuire.v:3230$1014 ($add).
  creating $macc model for $flatten\quire.$neg$/teamspace/studios/this_studio/Melodica-Integration-into-Fife-Core/Learn_Bluespec_and_RISCV_Design/Code/Build/Fife/verilog/mkQuire.v:3225$1008 ($neg).
  creating $macc model for $flatten\quire.$sub$/teamspace/studios/this_studio/Melodica-Integration-into-Fife-Core/Learn_Bluespec_and_RISCV_Design/Code/Build/Fife/verilog/mkQuire.v:1492$325 ($sub).
  creating $macc model for $flatten\quire.$sub$/teamspace/studios/this_studio/Melodica-Integration-into-Fife-Core/Learn_Bluespec_and_RISCV_Design/Code/Build/Fife/verilog/mkQuire.v:2465$801 ($sub).
  creating $macc model for $flatten\quire.$sub$/teamspace/studios/this_studio/Melodica-Integration-into-Fife-Core/Learn_Bluespec_and_RISCV_Design/Code/Build/Fife/verilog/mkQuire.v:2930$915 ($sub).
  creating $macc model for $flatten\quire.\instance_fn_twosC_quire_0.$add$/teamspace/studios/this_studio/Melodica-Integration-into-Fife-Core/Learn_Bluespec_and_RISCV_Design/Code/Build/Fife/verilog/module_fn_twosC_quire.v:100$96 ($add).
  creating $macc model for $flatten\quire.\instance_fn_twosC_quire_0.$add$/teamspace/studios/this_studio/Melodica-Integration-into-Fife-Core/Learn_Bluespec_and_RISCV_Design/Code/Build/Fife/verilog/module_fn_twosC_quire.v:107$102 ($add).
  creating $macc model for $flatten\quire.\instance_fn_twosC_quire_0.$add$/teamspace/studios/this_studio/Melodica-Integration-into-Fife-Core/Learn_Bluespec_and_RISCV_Design/Code/Build/Fife/verilog/module_fn_twosC_quire.v:114$108 ($add).
  creating $macc model for $flatten\quire.\instance_fn_twosC_quire_0.$add$/teamspace/studios/this_studio/Melodica-Integration-into-Fife-Core/Learn_Bluespec_and_RISCV_Design/Code/Build/Fife/verilog/module_fn_twosC_quire.v:121$114 ($add).
  creating $macc model for $flatten\quire.\instance_fn_twosC_quire_0.$add$/teamspace/studios/this_studio/Melodica-Integration-into-Fife-Core/Learn_Bluespec_and_RISCV_Design/Code/Build/Fife/verilog/module_fn_twosC_quire.v:135$126 ($add).
  creating $macc model for $flatten\quire.\instance_fn_twosC_quire_0.$add$/teamspace/studios/this_studio/Melodica-Integration-into-Fife-Core/Learn_Bluespec_and_RISCV_Design/Code/Build/Fife/verilog/module_fn_twosC_quire.v:142$132 ($add).
  creating $macc model for $flatten\quire.\instance_fn_twosC_quire_0.$add$/teamspace/studios/this_studio/Melodica-Integration-into-Fife-Core/Learn_Bluespec_and_RISCV_Design/Code/Build/Fife/verilog/module_fn_twosC_quire.v:149$138 ($add).
  creating $macc model for $flatten\quire.\instance_fn_twosC_quire_0.$add$/teamspace/studios/this_studio/Melodica-Integration-into-Fife-Core/Learn_Bluespec_and_RISCV_Design/Code/Build/Fife/verilog/module_fn_twosC_quire.v:156$144 ($add).
  creating $macc model for $flatten\quire.\instance_fn_twosC_quire_0.$add$/teamspace/studios/this_studio/Melodica-Integration-into-Fife-Core/Learn_Bluespec_and_RISCV_Design/Code/Build/Fife/verilog/module_fn_twosC_quire.v:163$150 ($add).
  creating $macc model for $flatten\quire.\instance_fn_twosC_quire_0.$add$/teamspace/studios/this_studio/Melodica-Integration-into-Fife-Core/Learn_Bluespec_and_RISCV_Design/Code/Build/Fife/verilog/module_fn_twosC_quire.v:170$156 ($add).
  creating $macc model for $flatten\quire.\instance_fn_twosC_quire_0.$add$/teamspace/studios/this_studio/Melodica-Integration-into-Fife-Core/Learn_Bluespec_and_RISCV_Design/Code/Build/Fife/verilog/module_fn_twosC_quire.v:177$162 ($add).
  creating $macc model for $flatten\quire.\instance_fn_twosC_quire_0.$add$/teamspace/studios/this_studio/Melodica-Integration-into-Fife-Core/Learn_Bluespec_and_RISCV_Design/Code/Build/Fife/verilog/module_fn_twosC_quire.v:184$168 ($add).
  creating $macc model for $flatten\quire.\instance_fn_twosC_quire_0.$add$/teamspace/studios/this_studio/Melodica-Integration-into-Fife-Core/Learn_Bluespec_and_RISCV_Design/Code/Build/Fife/verilog/module_fn_twosC_quire.v:191$174 ($add).
  creating $macc model for $flatten\quire.\instance_fn_twosC_quire_0.$add$/teamspace/studios/this_studio/Melodica-Integration-into-Fife-Core/Learn_Bluespec_and_RISCV_Design/Code/Build/Fife/verilog/module_fn_twosC_quire.v:194$177 ($add).
  creating $macc model for $flatten\quire.\instance_fn_twosC_quire_0.$add$/teamspace/studios/this_studio/Melodica-Integration-into-Fife-Core/Learn_Bluespec_and_RISCV_Design/Code/Build/Fife/verilog/module_fn_twosC_quire.v:86$84 ($add).
  creating $macc model for $flatten\quire.\instance_fn_twosC_quire_0.$add$/teamspace/studios/this_studio/Melodica-Integration-into-Fife-Core/Learn_Bluespec_and_RISCV_Design/Code/Build/Fife/verilog/module_fn_twosC_quire.v:93$90 ($add).
  creating $macc model for $flatten\quire.\instance_fn_twosC_quire_1.$add$/teamspace/studios/this_studio/Melodica-Integration-into-Fife-Core/Learn_Bluespec_and_RISCV_Design/Code/Build/Fife/verilog/module_fn_twosC_quire.v:100$96 ($add).
  creating $macc model for $flatten\quire.\instance_fn_twosC_quire_1.$add$/teamspace/studios/this_studio/Melodica-Integration-into-Fife-Core/Learn_Bluespec_and_RISCV_Design/Code/Build/Fife/verilog/module_fn_twosC_quire.v:107$102 ($add).
  creating $macc model for $flatten\quire.\instance_fn_twosC_quire_1.$add$/teamspace/studios/this_studio/Melodica-Integration-into-Fife-Core/Learn_Bluespec_and_RISCV_Design/Code/Build/Fife/verilog/module_fn_twosC_quire.v:114$108 ($add).
  creating $macc model for $flatten\quire.\instance_fn_twosC_quire_1.$add$/teamspace/studios/this_studio/Melodica-Integration-into-Fife-Core/Learn_Bluespec_and_RISCV_Design/Code/Build/Fife/verilog/module_fn_twosC_quire.v:121$114 ($add).
  creating $macc model for $flatten\quire.\instance_fn_twosC_quire_1.$add$/teamspace/studios/this_studio/Melodica-Integration-into-Fife-Core/Learn_Bluespec_and_RISCV_Design/Code/Build/Fife/verilog/module_fn_twosC_quire.v:128$120 ($add).
  creating $macc model for $flatten\quire.\instance_fn_twosC_quire_1.$add$/teamspace/studios/this_studio/Melodica-Integration-into-Fife-Core/Learn_Bluespec_and_RISCV_Design/Code/Build/Fife/verilog/module_fn_twosC_quire.v:135$126 ($add).
  creating $macc model for $flatten\quire.\instance_fn_twosC_quire_1.$add$/teamspace/studios/this_studio/Melodica-Integration-into-Fife-Core/Learn_Bluespec_and_RISCV_Design/Code/Build/Fife/verilog/module_fn_twosC_quire.v:142$132 ($add).
  creating $macc model for $flatten\quire.\instance_fn_twosC_quire_1.$add$/teamspace/studios/this_studio/Melodica-Integration-into-Fife-Core/Learn_Bluespec_and_RISCV_Design/Code/Build/Fife/verilog/module_fn_twosC_quire.v:149$138 ($add).
  creating $macc model for $flatten\quire.\instance_fn_twosC_quire_1.$add$/teamspace/studios/this_studio/Melodica-Integration-into-Fife-Core/Learn_Bluespec_and_RISCV_Design/Code/Build/Fife/verilog/module_fn_twosC_quire.v:156$144 ($add).
  creating $macc model for $flatten\quire.\instance_fn_twosC_quire_1.$add$/teamspace/studios/this_studio/Melodica-Integration-into-Fife-Core/Learn_Bluespec_and_RISCV_Design/Code/Build/Fife/verilog/module_fn_twosC_quire.v:163$150 ($add).
  creating $macc model for $flatten\quire.\instance_fn_twosC_quire_1.$add$/teamspace/studios/this_studio/Melodica-Integration-into-Fife-Core/Learn_Bluespec_and_RISCV_Design/Code/Build/Fife/verilog/module_fn_twosC_quire.v:170$156 ($add).
  creating $macc model for $flatten\quire.\instance_fn_twosC_quire_1.$add$/teamspace/studios/this_studio/Melodica-Integration-into-Fife-Core/Learn_Bluespec_and_RISCV_Design/Code/Build/Fife/verilog/module_fn_twosC_quire.v:177$162 ($add).
  creating $macc model for $flatten\quire.\instance_fn_twosC_quire_1.$add$/teamspace/studios/this_studio/Melodica-Integration-into-Fife-Core/Learn_Bluespec_and_RISCV_Design/Code/Build/Fife/verilog/module_fn_twosC_quire.v:184$168 ($add).
  creating $macc model for $flatten\quire.\instance_fn_twosC_quire_1.$add$/teamspace/studios/this_studio/Melodica-Integration-into-Fife-Core/Learn_Bluespec_and_RISCV_Design/Code/Build/Fife/verilog/module_fn_twosC_quire.v:191$174 ($add).
  creating $macc model for $flatten\quire.\instance_fn_twosC_quire_1.$add$/teamspace/studios/this_studio/Melodica-Integration-into-Fife-Core/Learn_Bluespec_and_RISCV_Design/Code/Build/Fife/verilog/module_fn_twosC_quire.v:194$177 ($add).
  creating $macc model for $flatten\quire.\instance_fn_twosC_quire_1.$add$/teamspace/studios/this_studio/Melodica-Integration-into-Fife-Core/Learn_Bluespec_and_RISCV_Design/Code/Build/Fife/verilog/module_fn_twosC_quire.v:86$84 ($add).
  creating $macc model for $flatten\quire.\instance_fn_twosC_quire_1.$add$/teamspace/studios/this_studio/Melodica-Integration-into-Fife-Core/Learn_Bluespec_and_RISCV_Design/Code/Build/Fife/verilog/module_fn_twosC_quire.v:93$90 ($add).
  creating $macc model for $flatten\quire.\instance_fn_twosC_quire_2.$add$/teamspace/studios/this_studio/Melodica-Integration-into-Fife-Core/Learn_Bluespec_and_RISCV_Design/Code/Build/Fife/verilog/module_fn_twosC_quire.v:100$96 ($add).
  creating $macc model for $flatten\quire.\instance_fn_twosC_quire_2.$add$/teamspace/studios/this_studio/Melodica-Integration-into-Fife-Core/Learn_Bluespec_and_RISCV_Design/Code/Build/Fife/verilog/module_fn_twosC_quire.v:107$102 ($add).
  creating $macc model for $flatten\quire.\instance_fn_twosC_quire_2.$add$/teamspace/studios/this_studio/Melodica-Integration-into-Fife-Core/Learn_Bluespec_and_RISCV_Design/Code/Build/Fife/verilog/module_fn_twosC_quire.v:114$108 ($add).
  creating $macc model for $flatten\quire.\instance_fn_twosC_quire_2.$add$/teamspace/studios/this_studio/Melodica-Integration-into-Fife-Core/Learn_Bluespec_and_RISCV_Design/Code/Build/Fife/verilog/module_fn_twosC_quire.v:121$114 ($add).
  creating $macc model for $flatten\quire.\instance_fn_twosC_quire_2.$add$/teamspace/studios/this_studio/Melodica-Integration-into-Fife-Core/Learn_Bluespec_and_RISCV_Design/Code/Build/Fife/verilog/module_fn_twosC_quire.v:135$126 ($add).
  creating $macc model for $flatten\quire.\instance_fn_twosC_quire_2.$add$/teamspace/studios/this_studio/Melodica-Integration-into-Fife-Core/Learn_Bluespec_and_RISCV_Design/Code/Build/Fife/verilog/module_fn_twosC_quire.v:142$132 ($add).
  creating $macc model for $flatten\quire.\instance_fn_twosC_quire_2.$add$/teamspace/studios/this_studio/Melodica-Integration-into-Fife-Core/Learn_Bluespec_and_RISCV_Design/Code/Build/Fife/verilog/module_fn_twosC_quire.v:149$138 ($add).
  creating $macc model for $flatten\quire.\instance_fn_twosC_quire_2.$add$/teamspace/studios/this_studio/Melodica-Integration-into-Fife-Core/Learn_Bluespec_and_RISCV_Design/Code/Build/Fife/verilog/module_fn_twosC_quire.v:156$144 ($add).
  creating $macc model for $flatten\quire.\instance_fn_twosC_quire_2.$add$/teamspace/studios/this_studio/Melodica-Integration-into-Fife-Core/Learn_Bluespec_and_RISCV_Design/Code/Build/Fife/verilog/module_fn_twosC_quire.v:163$150 ($add).
  creating $macc model for $flatten\quire.\instance_fn_twosC_quire_2.$add$/teamspace/studios/this_studio/Melodica-Integration-into-Fife-Core/Learn_Bluespec_and_RISCV_Design/Code/Build/Fife/verilog/module_fn_twosC_quire.v:170$156 ($add).
  creating $macc model for $flatten\quire.\instance_fn_twosC_quire_2.$add$/teamspace/studios/this_studio/Melodica-Integration-into-Fife-Core/Learn_Bluespec_and_RISCV_Design/Code/Build/Fife/verilog/module_fn_twosC_quire.v:177$162 ($add).
  creating $macc model for $flatten\quire.\instance_fn_twosC_quire_2.$add$/teamspace/studios/this_studio/Melodica-Integration-into-Fife-Core/Learn_Bluespec_and_RISCV_Design/Code/Build/Fife/verilog/module_fn_twosC_quire.v:184$168 ($add).
  creating $macc model for $flatten\quire.\instance_fn_twosC_quire_2.$add$/teamspace/studios/this_studio/Melodica-Integration-into-Fife-Core/Learn_Bluespec_and_RISCV_Design/Code/Build/Fife/verilog/module_fn_twosC_quire.v:191$174 ($add).
  creating $macc model for $flatten\quire.\instance_fn_twosC_quire_2.$add$/teamspace/studios/this_studio/Melodica-Integration-into-Fife-Core/Learn_Bluespec_and_RISCV_Design/Code/Build/Fife/verilog/module_fn_twosC_quire.v:194$177 ($add).
  creating $macc model for $flatten\quire.\instance_fn_twosC_quire_2.$add$/teamspace/studios/this_studio/Melodica-Integration-into-Fife-Core/Learn_Bluespec_and_RISCV_Design/Code/Build/Fife/verilog/module_fn_twosC_quire.v:86$84 ($add).
  creating $macc model for $flatten\quire.\instance_fn_twosC_quire_2.$add$/teamspace/studios/this_studio/Melodica-Integration-into-Fife-Core/Learn_Bluespec_and_RISCV_Design/Code/Build/Fife/verilog/module_fn_twosC_quire.v:93$90 ($add).
  creating $macc model for $flatten\quire.\seg_adder_vff_carry_0.$add$/teamspace/studios/this_studio/Melodica-Integration-into-Fife-Core/bsc/lib/Verilog/SizedFIFO.v:75$1501 ($add).
  creating $macc model for $flatten\quire.\seg_adder_vff_carry_0.$add$/teamspace/studios/this_studio/Melodica-Integration-into-Fife-Core/bsc/lib/Verilog/SizedFIFO.v:76$1502 ($add).
  creating $macc model for $flatten\quire.\seg_adder_vff_carry_1.$add$/teamspace/studios/this_studio/Melodica-Integration-into-Fife-Core/bsc/lib/Verilog/SizedFIFO.v:75$1501 ($add).
  creating $macc model for $flatten\quire.\seg_adder_vff_carry_1.$add$/teamspace/studios/this_studio/Melodica-Integration-into-Fife-Core/bsc/lib/Verilog/SizedFIFO.v:76$1502 ($add).
  creating $macc model for $flatten\quire.\seg_adder_vff_carry_10.$add$/teamspace/studios/this_studio/Melodica-Integration-into-Fife-Core/bsc/lib/Verilog/SizedFIFO.v:75$1501 ($add).
  creating $macc model for $flatten\quire.\seg_adder_vff_carry_10.$add$/teamspace/studios/this_studio/Melodica-Integration-into-Fife-Core/bsc/lib/Verilog/SizedFIFO.v:76$1502 ($add).
  creating $macc model for $flatten\quire.\seg_adder_vff_carry_11.$add$/teamspace/studios/this_studio/Melodica-Integration-into-Fife-Core/bsc/lib/Verilog/SizedFIFO.v:75$1501 ($add).
  creating $macc model for $flatten\quire.\seg_adder_vff_carry_11.$add$/teamspace/studios/this_studio/Melodica-Integration-into-Fife-Core/bsc/lib/Verilog/SizedFIFO.v:76$1502 ($add).
  creating $macc model for $flatten\quire.\seg_adder_vff_carry_12.$add$/teamspace/studios/this_studio/Melodica-Integration-into-Fife-Core/bsc/lib/Verilog/SizedFIFO.v:75$1501 ($add).
  creating $macc model for $flatten\quire.\seg_adder_vff_carry_12.$add$/teamspace/studios/this_studio/Melodica-Integration-into-Fife-Core/bsc/lib/Verilog/SizedFIFO.v:76$1502 ($add).
  creating $macc model for $flatten\quire.\seg_adder_vff_carry_13.$add$/teamspace/studios/this_studio/Melodica-Integration-into-Fife-Core/bsc/lib/Verilog/SizedFIFO.v:75$1501 ($add).
  creating $macc model for $flatten\quire.\seg_adder_vff_carry_13.$add$/teamspace/studios/this_studio/Melodica-Integration-into-Fife-Core/bsc/lib/Verilog/SizedFIFO.v:76$1502 ($add).
  creating $macc model for $flatten\quire.\seg_adder_vff_carry_14.$add$/teamspace/studios/this_studio/Melodica-Integration-into-Fife-Core/bsc/lib/Verilog/SizedFIFO.v:75$1501 ($add).
  creating $macc model for $flatten\quire.\seg_adder_vff_carry_14.$add$/teamspace/studios/this_studio/Melodica-Integration-into-Fife-Core/bsc/lib/Verilog/SizedFIFO.v:76$1502 ($add).
  creating $macc model for $flatten\quire.\seg_adder_vff_carry_2.$add$/teamspace/studios/this_studio/Melodica-Integration-into-Fife-Core/bsc/lib/Verilog/SizedFIFO.v:75$1501 ($add).
  creating $macc model for $flatten\quire.\seg_adder_vff_carry_2.$add$/teamspace/studios/this_studio/Melodica-Integration-into-Fife-Core/bsc/lib/Verilog/SizedFIFO.v:76$1502 ($add).
  creating $macc model for $flatten\quire.\seg_adder_vff_carry_3.$add$/teamspace/studios/this_studio/Melodica-Integration-into-Fife-Core/bsc/lib/Verilog/SizedFIFO.v:75$1501 ($add).
  creating $macc model for $flatten\quire.\seg_adder_vff_carry_3.$add$/teamspace/studios/this_studio/Melodica-Integration-into-Fife-Core/bsc/lib/Verilog/SizedFIFO.v:76$1502 ($add).
  creating $macc model for $flatten\quire.\seg_adder_vff_carry_4.$add$/teamspace/studios/this_studio/Melodica-Integration-into-Fife-Core/bsc/lib/Verilog/SizedFIFO.v:75$1501 ($add).
  creating $macc model for $flatten\quire.\seg_adder_vff_carry_4.$add$/teamspace/studios/this_studio/Melodica-Integration-into-Fife-Core/bsc/lib/Verilog/SizedFIFO.v:76$1502 ($add).
  creating $macc model for $flatten\quire.\seg_adder_vff_carry_5.$add$/teamspace/studios/this_studio/Melodica-Integration-into-Fife-Core/bsc/lib/Verilog/SizedFIFO.v:75$1501 ($add).
  creating $macc model for $flatten\quire.\seg_adder_vff_carry_5.$add$/teamspace/studios/this_studio/Melodica-Integration-into-Fife-Core/bsc/lib/Verilog/SizedFIFO.v:76$1502 ($add).
  creating $macc model for $flatten\quire.\seg_adder_vff_carry_6.$add$/teamspace/studios/this_studio/Melodica-Integration-into-Fife-Core/bsc/lib/Verilog/SizedFIFO.v:75$1501 ($add).
  creating $macc model for $flatten\quire.\seg_adder_vff_carry_6.$add$/teamspace/studios/this_studio/Melodica-Integration-into-Fife-Core/bsc/lib/Verilog/SizedFIFO.v:76$1502 ($add).
  creating $macc model for $flatten\quire.\seg_adder_vff_carry_7.$add$/teamspace/studios/this_studio/Melodica-Integration-into-Fife-Core/bsc/lib/Verilog/SizedFIFO.v:75$1501 ($add).
  creating $macc model for $flatten\quire.\seg_adder_vff_carry_7.$add$/teamspace/studios/this_studio/Melodica-Integration-into-Fife-Core/bsc/lib/Verilog/SizedFIFO.v:76$1502 ($add).
  creating $macc model for $flatten\quire.\seg_adder_vff_carry_8.$add$/teamspace/studios/this_studio/Melodica-Integration-into-Fife-Core/bsc/lib/Verilog/SizedFIFO.v:75$1501 ($add).
  creating $macc model for $flatten\quire.\seg_adder_vff_carry_8.$add$/teamspace/studios/this_studio/Melodica-Integration-into-Fife-Core/bsc/lib/Verilog/SizedFIFO.v:76$1502 ($add).
  creating $macc model for $flatten\quire.\seg_adder_vff_carry_9.$add$/teamspace/studios/this_studio/Melodica-Integration-into-Fife-Core/bsc/lib/Verilog/SizedFIFO.v:75$1501 ($add).
  creating $macc model for $flatten\quire.\seg_adder_vff_carry_9.$add$/teamspace/studios/this_studio/Melodica-Integration-into-Fife-Core/bsc/lib/Verilog/SizedFIFO.v:76$1502 ($add).
  creating $macc model for $flatten\quire.\seg_adder_vff_in_0.$add$/teamspace/studios/this_studio/Melodica-Integration-into-Fife-Core/bsc/lib/Verilog/SizedFIFO.v:75$1470 ($add).
  creating $macc model for $flatten\quire.\seg_adder_vff_in_0.$add$/teamspace/studios/this_studio/Melodica-Integration-into-Fife-Core/bsc/lib/Verilog/SizedFIFO.v:76$1471 ($add).
  creating $macc model for $flatten\quire.\seg_adder_vff_in_1.$add$/teamspace/studios/this_studio/Melodica-Integration-into-Fife-Core/bsc/lib/Verilog/SizedFIFO.v:75$1470 ($add).
  creating $macc model for $flatten\quire.\seg_adder_vff_in_1.$add$/teamspace/studios/this_studio/Melodica-Integration-into-Fife-Core/bsc/lib/Verilog/SizedFIFO.v:76$1471 ($add).
  creating $macc model for $flatten\quire.\seg_adder_vff_in_10.$add$/teamspace/studios/this_studio/Melodica-Integration-into-Fife-Core/bsc/lib/Verilog/SizedFIFO.v:75$1470 ($add).
  creating $macc model for $flatten\quire.\seg_adder_vff_in_10.$add$/teamspace/studios/this_studio/Melodica-Integration-into-Fife-Core/bsc/lib/Verilog/SizedFIFO.v:76$1471 ($add).
  creating $macc model for $flatten\quire.\seg_adder_vff_in_11.$add$/teamspace/studios/this_studio/Melodica-Integration-into-Fife-Core/bsc/lib/Verilog/SizedFIFO.v:75$1470 ($add).
  creating $macc model for $flatten\quire.\seg_adder_vff_in_11.$add$/teamspace/studios/this_studio/Melodica-Integration-into-Fife-Core/bsc/lib/Verilog/SizedFIFO.v:76$1471 ($add).
  creating $macc model for $flatten\quire.\seg_adder_vff_in_12.$add$/teamspace/studios/this_studio/Melodica-Integration-into-Fife-Core/bsc/lib/Verilog/SizedFIFO.v:75$1470 ($add).
  creating $macc model for $flatten\quire.\seg_adder_vff_in_12.$add$/teamspace/studios/this_studio/Melodica-Integration-into-Fife-Core/bsc/lib/Verilog/SizedFIFO.v:76$1471 ($add).
  creating $macc model for $flatten\quire.\seg_adder_vff_in_13.$add$/teamspace/studios/this_studio/Melodica-Integration-into-Fife-Core/bsc/lib/Verilog/SizedFIFO.v:75$1470 ($add).
  creating $macc model for $flatten\quire.\seg_adder_vff_in_13.$add$/teamspace/studios/this_studio/Melodica-Integration-into-Fife-Core/bsc/lib/Verilog/SizedFIFO.v:76$1471 ($add).
  creating $macc model for $flatten\quire.\seg_adder_vff_in_14.$add$/teamspace/studios/this_studio/Melodica-Integration-into-Fife-Core/bsc/lib/Verilog/SizedFIFO.v:75$1470 ($add).
  creating $macc model for $flatten\quire.\seg_adder_vff_in_14.$add$/teamspace/studios/this_studio/Melodica-Integration-into-Fife-Core/bsc/lib/Verilog/SizedFIFO.v:76$1471 ($add).
  creating $macc model for $flatten\quire.\seg_adder_vff_in_15.$add$/teamspace/studios/this_studio/Melodica-Integration-into-Fife-Core/bsc/lib/Verilog/SizedFIFO.v:75$1470 ($add).
  creating $macc model for $flatten\quire.\seg_adder_vff_in_15.$add$/teamspace/studios/this_studio/Melodica-Integration-into-Fife-Core/bsc/lib/Verilog/SizedFIFO.v:76$1471 ($add).
  creating $macc model for $flatten\quire.\seg_adder_vff_in_2.$add$/teamspace/studios/this_studio/Melodica-Integration-into-Fife-Core/bsc/lib/Verilog/SizedFIFO.v:75$1470 ($add).
  creating $macc model for $flatten\quire.\seg_adder_vff_in_2.$add$/teamspace/studios/this_studio/Melodica-Integration-into-Fife-Core/bsc/lib/Verilog/SizedFIFO.v:76$1471 ($add).
  creating $macc model for $flatten\quire.\seg_adder_vff_in_3.$add$/teamspace/studios/this_studio/Melodica-Integration-into-Fife-Core/bsc/lib/Verilog/SizedFIFO.v:75$1470 ($add).
  creating $macc model for $flatten\quire.\seg_adder_vff_in_3.$add$/teamspace/studios/this_studio/Melodica-Integration-into-Fife-Core/bsc/lib/Verilog/SizedFIFO.v:76$1471 ($add).
  creating $macc model for $flatten\quire.\seg_adder_vff_in_4.$add$/teamspace/studios/this_studio/Melodica-Integration-into-Fife-Core/bsc/lib/Verilog/SizedFIFO.v:75$1470 ($add).
  creating $macc model for $flatten\quire.\seg_adder_vff_in_4.$add$/teamspace/studios/this_studio/Melodica-Integration-into-Fife-Core/bsc/lib/Verilog/SizedFIFO.v:76$1471 ($add).
  creating $macc model for $flatten\quire.\seg_adder_vff_in_5.$add$/teamspace/studios/this_studio/Melodica-Integration-into-Fife-Core/bsc/lib/Verilog/SizedFIFO.v:75$1470 ($add).
  creating $macc model for $flatten\quire.\seg_adder_vff_in_5.$add$/teamspace/studios/this_studio/Melodica-Integration-into-Fife-Core/bsc/lib/Verilog/SizedFIFO.v:76$1471 ($add).
  creating $macc model for $flatten\quire.\seg_adder_vff_in_6.$add$/teamspace/studios/this_studio/Melodica-Integration-into-Fife-Core/bsc/lib/Verilog/SizedFIFO.v:75$1470 ($add).
  creating $macc model for $flatten\quire.\seg_adder_vff_in_6.$add$/teamspace/studios/this_studio/Melodica-Integration-into-Fife-Core/bsc/lib/Verilog/SizedFIFO.v:76$1471 ($add).
  creating $macc model for $flatten\quire.\seg_adder_vff_in_7.$add$/teamspace/studios/this_studio/Melodica-Integration-into-Fife-Core/bsc/lib/Verilog/SizedFIFO.v:75$1470 ($add).
  creating $macc model for $flatten\quire.\seg_adder_vff_in_7.$add$/teamspace/studios/this_studio/Melodica-Integration-into-Fife-Core/bsc/lib/Verilog/SizedFIFO.v:76$1471 ($add).
  creating $macc model for $flatten\quire.\seg_adder_vff_in_8.$add$/teamspace/studios/this_studio/Melodica-Integration-into-Fife-Core/bsc/lib/Verilog/SizedFIFO.v:75$1470 ($add).
  creating $macc model for $flatten\quire.\seg_adder_vff_in_8.$add$/teamspace/studios/this_studio/Melodica-Integration-into-Fife-Core/bsc/lib/Verilog/SizedFIFO.v:76$1471 ($add).
  creating $macc model for $flatten\quire.\seg_adder_vff_in_9.$add$/teamspace/studios/this_studio/Melodica-Integration-into-Fife-Core/bsc/lib/Verilog/SizedFIFO.v:75$1470 ($add).
  creating $macc model for $flatten\quire.\seg_adder_vff_in_9.$add$/teamspace/studios/this_studio/Melodica-Integration-into-Fife-Core/bsc/lib/Verilog/SizedFIFO.v:76$1471 ($add).
  creating $macc model for $sub$/teamspace/studios/this_studio/Melodica-Integration-into-Fife-Core/Learn_Bluespec_and_RISCV_Design/Code/Build/Fife/verilog/mkPositCore.v:493$1430 ($sub).
  merging $macc model for $flatten\quire.$add$/teamspace/studios/this_studio/Melodica-Integration-into-Fife-Core/Learn_Bluespec_and_RISCV_Design/Code/Build/Fife/verilog/mkQuire.v:3019$935 into $flatten\quire.$sub$/teamspace/studios/this_studio/Melodica-Integration-into-Fife-Core/Learn_Bluespec_and_RISCV_Design/Code/Build/Fife/verilog/mkQuire.v:2465$801.
  merging $macc model for $flatten\quire.$add$/teamspace/studios/this_studio/Melodica-Integration-into-Fife-Core/Learn_Bluespec_and_RISCV_Design/Code/Build/Fife/verilog/mkQuire.v:3230$1014 into $flatten\quire.$add$/teamspace/studios/this_studio/Melodica-Integration-into-Fife-Core/Learn_Bluespec_and_RISCV_Design/Code/Build/Fife/verilog/mkQuire.v:2982$932.
  merging $macc model for $flatten\quire.$add$/teamspace/studios/this_studio/Melodica-Integration-into-Fife-Core/Learn_Bluespec_and_RISCV_Design/Code/Build/Fife/verilog/mkQuire.v:3229$1013 into $flatten\quire.$add$/teamspace/studios/this_studio/Melodica-Integration-into-Fife-Core/Learn_Bluespec_and_RISCV_Design/Code/Build/Fife/verilog/mkQuire.v:2980$931.
  merging $macc model for $flatten\quire.$add$/teamspace/studios/this_studio/Melodica-Integration-into-Fife-Core/Learn_Bluespec_and_RISCV_Design/Code/Build/Fife/verilog/mkQuire.v:3228$1012 into $flatten\quire.$add$/teamspace/studios/this_studio/Melodica-Integration-into-Fife-Core/Learn_Bluespec_and_RISCV_Design/Code/Build/Fife/verilog/mkQuire.v:2978$930.
  merging $macc model for $flatten\quire.$add$/teamspace/studios/this_studio/Melodica-Integration-into-Fife-Core/Learn_Bluespec_and_RISCV_Design/Code/Build/Fife/verilog/mkQuire.v:3227$1011 into $flatten\quire.$add$/teamspace/studios/this_studio/Melodica-Integration-into-Fife-Core/Learn_Bluespec_and_RISCV_Design/Code/Build/Fife/verilog/mkQuire.v:2976$929.
  merging $macc model for $flatten\quire.$add$/teamspace/studios/this_studio/Melodica-Integration-into-Fife-Core/Learn_Bluespec_and_RISCV_Design/Code/Build/Fife/verilog/mkQuire.v:3226$1010 into $flatten\quire.$add$/teamspace/studios/this_studio/Melodica-Integration-into-Fife-Core/Learn_Bluespec_and_RISCV_Design/Code/Build/Fife/verilog/mkQuire.v:2974$928.
  merging $macc model for $flatten\quire.$add$/teamspace/studios/this_studio/Melodica-Integration-into-Fife-Core/Learn_Bluespec_and_RISCV_Design/Code/Build/Fife/verilog/mkQuire.v:3148$968 into $flatten\quire.$add$/teamspace/studios/this_studio/Melodica-Integration-into-Fife-Core/Learn_Bluespec_and_RISCV_Design/Code/Build/Fife/verilog/mkQuire.v:2970$926.
  merging $macc model for $flatten\quire.$add$/teamspace/studios/this_studio/Melodica-Integration-into-Fife-Core/Learn_Bluespec_and_RISCV_Design/Code/Build/Fife/verilog/mkQuire.v:3147$967 into $flatten\quire.$add$/teamspace/studios/this_studio/Melodica-Integration-into-Fife-Core/Learn_Bluespec_and_RISCV_Design/Code/Build/Fife/verilog/mkQuire.v:2968$925.
  merging $macc model for $flatten\quire.$add$/teamspace/studios/this_studio/Melodica-Integration-into-Fife-Core/Learn_Bluespec_and_RISCV_Design/Code/Build/Fife/verilog/mkQuire.v:3146$966 into $flatten\quire.$add$/teamspace/studios/this_studio/Melodica-Integration-into-Fife-Core/Learn_Bluespec_and_RISCV_Design/Code/Build/Fife/verilog/mkQuire.v:2966$924.
  merging $macc model for $flatten\quire.$add$/teamspace/studios/this_studio/Melodica-Integration-into-Fife-Core/Learn_Bluespec_and_RISCV_Design/Code/Build/Fife/verilog/mkQuire.v:3145$965 into $flatten\quire.$add$/teamspace/studios/this_studio/Melodica-Integration-into-Fife-Core/Learn_Bluespec_and_RISCV_Design/Code/Build/Fife/verilog/mkQuire.v:2964$923.
  merging $macc model for $flatten\quire.$add$/teamspace/studios/this_studio/Melodica-Integration-into-Fife-Core/Learn_Bluespec_and_RISCV_Design/Code/Build/Fife/verilog/mkQuire.v:3144$964 into $flatten\quire.$add$/teamspace/studios/this_studio/Melodica-Integration-into-Fife-Core/Learn_Bluespec_and_RISCV_Design/Code/Build/Fife/verilog/mkQuire.v:2962$922.
  merging $macc model for $flatten\quire.$add$/teamspace/studios/this_studio/Melodica-Integration-into-Fife-Core/Learn_Bluespec_and_RISCV_Design/Code/Build/Fife/verilog/mkQuire.v:3143$963 into $flatten\quire.$add$/teamspace/studios/this_studio/Melodica-Integration-into-Fife-Core/Learn_Bluespec_and_RISCV_Design/Code/Build/Fife/verilog/mkQuire.v:2960$921.
  merging $macc model for $flatten\quire.$add$/teamspace/studios/this_studio/Melodica-Integration-into-Fife-Core/Learn_Bluespec_and_RISCV_Design/Code/Build/Fife/verilog/mkQuire.v:3142$962 into $flatten\quire.$add$/teamspace/studios/this_studio/Melodica-Integration-into-Fife-Core/Learn_Bluespec_and_RISCV_Design/Code/Build/Fife/verilog/mkQuire.v:2958$920.
  merging $macc model for $flatten\quire.$add$/teamspace/studios/this_studio/Melodica-Integration-into-Fife-Core/Learn_Bluespec_and_RISCV_Design/Code/Build/Fife/verilog/mkQuire.v:3141$961 into $flatten\quire.$add$/teamspace/studios/this_studio/Melodica-Integration-into-Fife-Core/Learn_Bluespec_and_RISCV_Design/Code/Build/Fife/verilog/mkQuire.v:2956$919.
  merging $macc model for $flatten\quire.$add$/teamspace/studios/this_studio/Melodica-Integration-into-Fife-Core/Learn_Bluespec_and_RISCV_Design/Code/Build/Fife/verilog/mkQuire.v:3140$960 into $flatten\quire.$add$/teamspace/studios/this_studio/Melodica-Integration-into-Fife-Core/Learn_Bluespec_and_RISCV_Design/Code/Build/Fife/verilog/mkQuire.v:2954$918.
  merging $macc model for $flatten\quire.$add$/teamspace/studios/this_studio/Melodica-Integration-into-Fife-Core/Learn_Bluespec_and_RISCV_Design/Code/Build/Fife/verilog/mkQuire.v:3139$959 into $flatten\quire.$add$/teamspace/studios/this_studio/Melodica-Integration-into-Fife-Core/Learn_Bluespec_and_RISCV_Design/Code/Build/Fife/verilog/mkQuire.v:2952$917.
  merging $macc model for $flatten\normalizer.$add$/teamspace/studios/this_studio/Melodica-Integration-into-Fife-Core/Learn_Bluespec_and_RISCV_Design/Code/Build/Fife/verilog/mkNormalizer.v:383$1208 into $flatten\normalizer.$sub$/teamspace/studios/this_studio/Melodica-Integration-into-Fife-Core/Learn_Bluespec_and_RISCV_Design/Code/Build/Fife/verilog/mkNormalizer.v:313$1174.
  creating $alu model for $macc $flatten\quire.\seg_adder_vff_in_15.$add$/teamspace/studios/this_studio/Melodica-Integration-into-Fife-Core/bsc/lib/Verilog/SizedFIFO.v:76$1471.
  creating $alu model for $macc $flatten\quire.\seg_adder_vff_in_15.$add$/teamspace/studios/this_studio/Melodica-Integration-into-Fife-Core/bsc/lib/Verilog/SizedFIFO.v:75$1470.
  creating $alu model for $macc $flatten\quire.\seg_adder_vff_in_14.$add$/teamspace/studios/this_studio/Melodica-Integration-into-Fife-Core/bsc/lib/Verilog/SizedFIFO.v:76$1471.
  creating $alu model for $macc $flatten\quire.\seg_adder_vff_in_14.$add$/teamspace/studios/this_studio/Melodica-Integration-into-Fife-Core/bsc/lib/Verilog/SizedFIFO.v:75$1470.
  creating $alu model for $macc $flatten\quire.\seg_adder_vff_in_13.$add$/teamspace/studios/this_studio/Melodica-Integration-into-Fife-Core/bsc/lib/Verilog/SizedFIFO.v:76$1471.
  creating $alu model for $macc $flatten\quire.\seg_adder_vff_in_13.$add$/teamspace/studios/this_studio/Melodica-Integration-into-Fife-Core/bsc/lib/Verilog/SizedFIFO.v:75$1470.
  creating $alu model for $macc $flatten\quire.\seg_adder_vff_in_12.$add$/teamspace/studios/this_studio/Melodica-Integration-into-Fife-Core/bsc/lib/Verilog/SizedFIFO.v:76$1471.
  creating $alu model for $macc $flatten\quire.\seg_adder_vff_in_12.$add$/teamspace/studios/this_studio/Melodica-Integration-into-Fife-Core/bsc/lib/Verilog/SizedFIFO.v:75$1470.
  creating $alu model for $macc $flatten\quire.\seg_adder_vff_in_11.$add$/teamspace/studios/this_studio/Melodica-Integration-into-Fife-Core/bsc/lib/Verilog/SizedFIFO.v:76$1471.
  creating $alu model for $macc $flatten\quire.\seg_adder_vff_in_11.$add$/teamspace/studios/this_studio/Melodica-Integration-into-Fife-Core/bsc/lib/Verilog/SizedFIFO.v:75$1470.
  creating $alu model for $macc $flatten\quire.\seg_adder_vff_in_10.$add$/teamspace/studios/this_studio/Melodica-Integration-into-Fife-Core/bsc/lib/Verilog/SizedFIFO.v:76$1471.
  creating $alu model for $macc $flatten\quire.\seg_adder_vff_in_10.$add$/teamspace/studios/this_studio/Melodica-Integration-into-Fife-Core/bsc/lib/Verilog/SizedFIFO.v:75$1470.
  creating $alu model for $macc $flatten\quire.\seg_adder_vff_in_1.$add$/teamspace/studios/this_studio/Melodica-Integration-into-Fife-Core/bsc/lib/Verilog/SizedFIFO.v:76$1471.
  creating $alu model for $macc $flatten\quire.\seg_adder_vff_in_1.$add$/teamspace/studios/this_studio/Melodica-Integration-into-Fife-Core/bsc/lib/Verilog/SizedFIFO.v:75$1470.
  creating $alu model for $macc $flatten\quire.\seg_adder_vff_in_0.$add$/teamspace/studios/this_studio/Melodica-Integration-into-Fife-Core/bsc/lib/Verilog/SizedFIFO.v:76$1471.
  creating $alu model for $macc $flatten\quire.\seg_adder_vff_in_0.$add$/teamspace/studios/this_studio/Melodica-Integration-into-Fife-Core/bsc/lib/Verilog/SizedFIFO.v:75$1470.
  creating $alu model for $macc $flatten\quire.\seg_adder_vff_carry_9.$add$/teamspace/studios/this_studio/Melodica-Integration-into-Fife-Core/bsc/lib/Verilog/SizedFIFO.v:76$1502.
  creating $alu model for $macc $flatten\quire.\seg_adder_vff_carry_9.$add$/teamspace/studios/this_studio/Melodica-Integration-into-Fife-Core/bsc/lib/Verilog/SizedFIFO.v:75$1501.
  creating $alu model for $macc $flatten\quire.\seg_adder_vff_carry_8.$add$/teamspace/studios/this_studio/Melodica-Integration-into-Fife-Core/bsc/lib/Verilog/SizedFIFO.v:76$1502.
  creating $alu model for $macc $flatten\quire.\seg_adder_vff_carry_8.$add$/teamspace/studios/this_studio/Melodica-Integration-into-Fife-Core/bsc/lib/Verilog/SizedFIFO.v:75$1501.
  creating $alu model for $macc $flatten\quire.\seg_adder_vff_carry_7.$add$/teamspace/studios/this_studio/Melodica-Integration-into-Fife-Core/bsc/lib/Verilog/SizedFIFO.v:76$1502.
  creating $alu model for $macc $flatten\quire.\seg_adder_vff_carry_7.$add$/teamspace/studios/this_studio/Melodica-Integration-into-Fife-Core/bsc/lib/Verilog/SizedFIFO.v:75$1501.
  creating $alu model for $macc $flatten\quire.\seg_adder_vff_carry_6.$add$/teamspace/studios/this_studio/Melodica-Integration-into-Fife-Core/bsc/lib/Verilog/SizedFIFO.v:76$1502.
  creating $alu model for $macc $flatten\quire.\seg_adder_vff_carry_6.$add$/teamspace/studios/this_studio/Melodica-Integration-into-Fife-Core/bsc/lib/Verilog/SizedFIFO.v:75$1501.
  creating $alu model for $macc $flatten\quire.\seg_adder_vff_carry_5.$add$/teamspace/studios/this_studio/Melodica-Integration-into-Fife-Core/bsc/lib/Verilog/SizedFIFO.v:76$1502.
  creating $alu model for $macc $flatten\quire.\seg_adder_vff_carry_5.$add$/teamspace/studios/this_studio/Melodica-Integration-into-Fife-Core/bsc/lib/Verilog/SizedFIFO.v:75$1501.
  creating $alu model for $macc $flatten\quire.\seg_adder_vff_carry_4.$add$/teamspace/studios/this_studio/Melodica-Integration-into-Fife-Core/bsc/lib/Verilog/SizedFIFO.v:76$1502.
  creating $alu model for $macc $flatten\quire.\seg_adder_vff_carry_4.$add$/teamspace/studios/this_studio/Melodica-Integration-into-Fife-Core/bsc/lib/Verilog/SizedFIFO.v:75$1501.
  creating $alu model for $macc $flatten\quire.\seg_adder_vff_carry_3.$add$/teamspace/studios/this_studio/Melodica-Integration-into-Fife-Core/bsc/lib/Verilog/SizedFIFO.v:76$1502.
  creating $alu model for $macc $flatten\quire.\seg_adder_vff_carry_3.$add$/teamspace/studios/this_studio/Melodica-Integration-into-Fife-Core/bsc/lib/Verilog/SizedFIFO.v:75$1501.
  creating $alu model for $macc $flatten\quire.\seg_adder_vff_carry_2.$add$/teamspace/studios/this_studio/Melodica-Integration-into-Fife-Core/bsc/lib/Verilog/SizedFIFO.v:76$1502.
  creating $alu model for $macc $flatten\quire.\seg_adder_vff_carry_2.$add$/teamspace/studios/this_studio/Melodica-Integration-into-Fife-Core/bsc/lib/Verilog/SizedFIFO.v:75$1501.
  creating $alu model for $macc $flatten\quire.\seg_adder_vff_carry_14.$add$/teamspace/studios/this_studio/Melodica-Integration-into-Fife-Core/bsc/lib/Verilog/SizedFIFO.v:76$1502.
  creating $alu model for $macc $flatten\quire.\seg_adder_vff_carry_14.$add$/teamspace/studios/this_studio/Melodica-Integration-into-Fife-Core/bsc/lib/Verilog/SizedFIFO.v:75$1501.
  creating $alu model for $macc $flatten\quire.\seg_adder_vff_carry_13.$add$/teamspace/studios/this_studio/Melodica-Integration-into-Fife-Core/bsc/lib/Verilog/SizedFIFO.v:76$1502.
  creating $alu model for $macc $flatten\quire.\seg_adder_vff_carry_13.$add$/teamspace/studios/this_studio/Melodica-Integration-into-Fife-Core/bsc/lib/Verilog/SizedFIFO.v:75$1501.
  creating $alu model for $macc $flatten\quire.\seg_adder_vff_carry_12.$add$/teamspace/studios/this_studio/Melodica-Integration-into-Fife-Core/bsc/lib/Verilog/SizedFIFO.v:76$1502.
  creating $alu model for $macc $flatten\quire.\seg_adder_vff_carry_12.$add$/teamspace/studios/this_studio/Melodica-Integration-into-Fife-Core/bsc/lib/Verilog/SizedFIFO.v:75$1501.
  creating $alu model for $macc $flatten\quire.\seg_adder_vff_carry_11.$add$/teamspace/studios/this_studio/Melodica-Integration-into-Fife-Core/bsc/lib/Verilog/SizedFIFO.v:76$1502.
  creating $alu model for $macc $flatten\quire.\seg_adder_vff_carry_11.$add$/teamspace/studios/this_studio/Melodica-Integration-into-Fife-Core/bsc/lib/Verilog/SizedFIFO.v:75$1501.
  creating $alu model for $macc $flatten\quire.\seg_adder_vff_carry_10.$add$/teamspace/studios/this_studio/Melodica-Integration-into-Fife-Core/bsc/lib/Verilog/SizedFIFO.v:76$1502.
  creating $alu model for $macc $flatten\quire.\seg_adder_vff_carry_10.$add$/teamspace/studios/this_studio/Melodica-Integration-into-Fife-Core/bsc/lib/Verilog/SizedFIFO.v:75$1501.
  creating $alu model for $macc $flatten\quire.\seg_adder_vff_carry_1.$add$/teamspace/studios/this_studio/Melodica-Integration-into-Fife-Core/bsc/lib/Verilog/SizedFIFO.v:76$1502.
  creating $alu model for $macc $flatten\quire.\seg_adder_vff_carry_1.$add$/teamspace/studios/this_studio/Melodica-Integration-into-Fife-Core/bsc/lib/Verilog/SizedFIFO.v:75$1501.
  creating $alu model for $macc $flatten\quire.\seg_adder_vff_carry_0.$add$/teamspace/studios/this_studio/Melodica-Integration-into-Fife-Core/bsc/lib/Verilog/SizedFIFO.v:76$1502.
  creating $alu model for $macc $flatten\quire.\seg_adder_vff_carry_0.$add$/teamspace/studios/this_studio/Melodica-Integration-into-Fife-Core/bsc/lib/Verilog/SizedFIFO.v:75$1501.
  creating $alu model for $macc $flatten\quire.\instance_fn_twosC_quire_2.$add$/teamspace/studios/this_studio/Melodica-Integration-into-Fife-Core/Learn_Bluespec_and_RISCV_Design/Code/Build/Fife/verilog/module_fn_twosC_quire.v:93$90.
  creating $alu model for $macc $flatten\quire.\instance_fn_twosC_quire_2.$add$/teamspace/studios/this_studio/Melodica-Integration-into-Fife-Core/Learn_Bluespec_and_RISCV_Design/Code/Build/Fife/verilog/module_fn_twosC_quire.v:86$84.
  creating $alu model for $macc $flatten\quire.\instance_fn_twosC_quire_2.$add$/teamspace/studios/this_studio/Melodica-Integration-into-Fife-Core/Learn_Bluespec_and_RISCV_Design/Code/Build/Fife/verilog/module_fn_twosC_quire.v:194$177.
  creating $alu model for $macc $flatten\quire.\instance_fn_twosC_quire_2.$add$/teamspace/studios/this_studio/Melodica-Integration-into-Fife-Core/Learn_Bluespec_and_RISCV_Design/Code/Build/Fife/verilog/module_fn_twosC_quire.v:191$174.
  creating $alu model for $macc $flatten\quire.\instance_fn_twosC_quire_2.$add$/teamspace/studios/this_studio/Melodica-Integration-into-Fife-Core/Learn_Bluespec_and_RISCV_Design/Code/Build/Fife/verilog/module_fn_twosC_quire.v:184$168.
  creating $alu model for $macc $flatten\quire.\instance_fn_twosC_quire_2.$add$/teamspace/studios/this_studio/Melodica-Integration-into-Fife-Core/Learn_Bluespec_and_RISCV_Design/Code/Build/Fife/verilog/module_fn_twosC_quire.v:177$162.
  creating $alu model for $macc $flatten\quire.\instance_fn_twosC_quire_2.$add$/teamspace/studios/this_studio/Melodica-Integration-into-Fife-Core/Learn_Bluespec_and_RISCV_Design/Code/Build/Fife/verilog/module_fn_twosC_quire.v:170$156.
  creating $alu model for $macc $flatten\quire.\instance_fn_twosC_quire_2.$add$/teamspace/studios/this_studio/Melodica-Integration-into-Fife-Core/Learn_Bluespec_and_RISCV_Design/Code/Build/Fife/verilog/module_fn_twosC_quire.v:163$150.
  creating $alu model for $macc $flatten\quire.\instance_fn_twosC_quire_2.$add$/teamspace/studios/this_studio/Melodica-Integration-into-Fife-Core/Learn_Bluespec_and_RISCV_Design/Code/Build/Fife/verilog/module_fn_twosC_quire.v:156$144.
  creating $alu model for $macc $flatten\quire.\instance_fn_twosC_quire_2.$add$/teamspace/studios/this_studio/Melodica-Integration-into-Fife-Core/Learn_Bluespec_and_RISCV_Design/Code/Build/Fife/verilog/module_fn_twosC_quire.v:149$138.
  creating $alu model for $macc $flatten\quire.\instance_fn_twosC_quire_2.$add$/teamspace/studios/this_studio/Melodica-Integration-into-Fife-Core/Learn_Bluespec_and_RISCV_Design/Code/Build/Fife/verilog/module_fn_twosC_quire.v:142$132.
  creating $alu model for $macc $flatten\quire.\instance_fn_twosC_quire_2.$add$/teamspace/studios/this_studio/Melodica-Integration-into-Fife-Core/Learn_Bluespec_and_RISCV_Design/Code/Build/Fife/verilog/module_fn_twosC_quire.v:135$126.
  creating $alu model for $macc $flatten\quire.\instance_fn_twosC_quire_2.$add$/teamspace/studios/this_studio/Melodica-Integration-into-Fife-Core/Learn_Bluespec_and_RISCV_Design/Code/Build/Fife/verilog/module_fn_twosC_quire.v:121$114.
  creating $alu model for $macc $flatten\quire.\instance_fn_twosC_quire_2.$add$/teamspace/studios/this_studio/Melodica-Integration-into-Fife-Core/Learn_Bluespec_and_RISCV_Design/Code/Build/Fife/verilog/module_fn_twosC_quire.v:114$108.
  creating $alu model for $macc $flatten\quire.\instance_fn_twosC_quire_2.$add$/teamspace/studios/this_studio/Melodica-Integration-into-Fife-Core/Learn_Bluespec_and_RISCV_Design/Code/Build/Fife/verilog/module_fn_twosC_quire.v:107$102.
  creating $alu model for $macc $flatten\quire.\instance_fn_twosC_quire_2.$add$/teamspace/studios/this_studio/Melodica-Integration-into-Fife-Core/Learn_Bluespec_and_RISCV_Design/Code/Build/Fife/verilog/module_fn_twosC_quire.v:100$96.
  creating $alu model for $macc $flatten\quire.\instance_fn_twosC_quire_1.$add$/teamspace/studios/this_studio/Melodica-Integration-into-Fife-Core/Learn_Bluespec_and_RISCV_Design/Code/Build/Fife/verilog/module_fn_twosC_quire.v:93$90.
  creating $alu model for $macc $flatten\quire.\instance_fn_twosC_quire_1.$add$/teamspace/studios/this_studio/Melodica-Integration-into-Fife-Core/Learn_Bluespec_and_RISCV_Design/Code/Build/Fife/verilog/module_fn_twosC_quire.v:86$84.
  creating $alu model for $macc $flatten\quire.\instance_fn_twosC_quire_1.$add$/teamspace/studios/this_studio/Melodica-Integration-into-Fife-Core/Learn_Bluespec_and_RISCV_Design/Code/Build/Fife/verilog/module_fn_twosC_quire.v:194$177.
  creating $alu model for $macc $flatten\quire.\instance_fn_twosC_quire_1.$add$/teamspace/studios/this_studio/Melodica-Integration-into-Fife-Core/Learn_Bluespec_and_RISCV_Design/Code/Build/Fife/verilog/module_fn_twosC_quire.v:191$174.
  creating $alu model for $macc $flatten\quire.\instance_fn_twosC_quire_1.$add$/teamspace/studios/this_studio/Melodica-Integration-into-Fife-Core/Learn_Bluespec_and_RISCV_Design/Code/Build/Fife/verilog/module_fn_twosC_quire.v:184$168.
  creating $alu model for $macc $flatten\quire.\instance_fn_twosC_quire_1.$add$/teamspace/studios/this_studio/Melodica-Integration-into-Fife-Core/Learn_Bluespec_and_RISCV_Design/Code/Build/Fife/verilog/module_fn_twosC_quire.v:177$162.
  creating $alu model for $macc $flatten\quire.\instance_fn_twosC_quire_1.$add$/teamspace/studios/this_studio/Melodica-Integration-into-Fife-Core/Learn_Bluespec_and_RISCV_Design/Code/Build/Fife/verilog/module_fn_twosC_quire.v:170$156.
  creating $alu model for $macc $flatten\quire.\instance_fn_twosC_quire_1.$add$/teamspace/studios/this_studio/Melodica-Integration-into-Fife-Core/Learn_Bluespec_and_RISCV_Design/Code/Build/Fife/verilog/module_fn_twosC_quire.v:163$150.
  creating $alu model for $macc $flatten\quire.\instance_fn_twosC_quire_1.$add$/teamspace/studios/this_studio/Melodica-Integration-into-Fife-Core/Learn_Bluespec_and_RISCV_Design/Code/Build/Fife/verilog/module_fn_twosC_quire.v:156$144.
  creating $alu model for $macc $flatten\quire.\instance_fn_twosC_quire_1.$add$/teamspace/studios/this_studio/Melodica-Integration-into-Fife-Core/Learn_Bluespec_and_RISCV_Design/Code/Build/Fife/verilog/module_fn_twosC_quire.v:149$138.
  creating $alu model for $macc $flatten\quire.\instance_fn_twosC_quire_1.$add$/teamspace/studios/this_studio/Melodica-Integration-into-Fife-Core/Learn_Bluespec_and_RISCV_Design/Code/Build/Fife/verilog/module_fn_twosC_quire.v:142$132.
  creating $alu model for $macc $flatten\quire.\instance_fn_twosC_quire_1.$add$/teamspace/studios/this_studio/Melodica-Integration-into-Fife-Core/Learn_Bluespec_and_RISCV_Design/Code/Build/Fife/verilog/module_fn_twosC_quire.v:135$126.
  creating $alu model for $macc $flatten\quire.\instance_fn_twosC_quire_1.$add$/teamspace/studios/this_studio/Melodica-Integration-into-Fife-Core/Learn_Bluespec_and_RISCV_Design/Code/Build/Fife/verilog/module_fn_twosC_quire.v:128$120.
  creating $alu model for $macc $flatten\quire.\instance_fn_twosC_quire_1.$add$/teamspace/studios/this_studio/Melodica-Integration-into-Fife-Core/Learn_Bluespec_and_RISCV_Design/Code/Build/Fife/verilog/module_fn_twosC_quire.v:121$114.
  creating $alu model for $macc $flatten\quire.\instance_fn_twosC_quire_1.$add$/teamspace/studios/this_studio/Melodica-Integration-into-Fife-Core/Learn_Bluespec_and_RISCV_Design/Code/Build/Fife/verilog/module_fn_twosC_quire.v:114$108.
  creating $alu model for $macc $flatten\quire.\instance_fn_twosC_quire_1.$add$/teamspace/studios/this_studio/Melodica-Integration-into-Fife-Core/Learn_Bluespec_and_RISCV_Design/Code/Build/Fife/verilog/module_fn_twosC_quire.v:107$102.
  creating $alu model for $macc $flatten\quire.\instance_fn_twosC_quire_1.$add$/teamspace/studios/this_studio/Melodica-Integration-into-Fife-Core/Learn_Bluespec_and_RISCV_Design/Code/Build/Fife/verilog/module_fn_twosC_quire.v:100$96.
  creating $alu model for $macc $flatten\quire.\instance_fn_twosC_quire_0.$add$/teamspace/studios/this_studio/Melodica-Integration-into-Fife-Core/Learn_Bluespec_and_RISCV_Design/Code/Build/Fife/verilog/module_fn_twosC_quire.v:93$90.
  creating $alu model for $macc $flatten\quire.\instance_fn_twosC_quire_0.$add$/teamspace/studios/this_studio/Melodica-Integration-into-Fife-Core/Learn_Bluespec_and_RISCV_Design/Code/Build/Fife/verilog/module_fn_twosC_quire.v:86$84.
  creating $alu model for $macc $flatten\quire.\instance_fn_twosC_quire_0.$add$/teamspace/studios/this_studio/Melodica-Integration-into-Fife-Core/Learn_Bluespec_and_RISCV_Design/Code/Build/Fife/verilog/module_fn_twosC_quire.v:194$177.
  creating $alu model for $macc $flatten\quire.\instance_fn_twosC_quire_0.$add$/teamspace/studios/this_studio/Melodica-Integration-into-Fife-Core/Learn_Bluespec_and_RISCV_Design/Code/Build/Fife/verilog/module_fn_twosC_quire.v:191$174.
  creating $alu model for $macc $flatten\quire.\instance_fn_twosC_quire_0.$add$/teamspace/studios/this_studio/Melodica-Integration-into-Fife-Core/Learn_Bluespec_and_RISCV_Design/Code/Build/Fife/verilog/module_fn_twosC_quire.v:184$168.
  creating $alu model for $macc $flatten\quire.\instance_fn_twosC_quire_0.$add$/teamspace/studios/this_studio/Melodica-Integration-into-Fife-Core/Learn_Bluespec_and_RISCV_Design/Code/Build/Fife/verilog/module_fn_twosC_quire.v:177$162.
  creating $alu model for $macc $flatten\quire.\instance_fn_twosC_quire_0.$add$/teamspace/studios/this_studio/Melodica-Integration-into-Fife-Core/Learn_Bluespec_and_RISCV_Design/Code/Build/Fife/verilog/module_fn_twosC_quire.v:170$156.
  creating $alu model for $macc $flatten\quire.\instance_fn_twosC_quire_0.$add$/teamspace/studios/this_studio/Melodica-Integration-into-Fife-Core/Learn_Bluespec_and_RISCV_Design/Code/Build/Fife/verilog/module_fn_twosC_quire.v:163$150.
  creating $alu model for $macc $flatten\quire.\instance_fn_twosC_quire_0.$add$/teamspace/studios/this_studio/Melodica-Integration-into-Fife-Core/Learn_Bluespec_and_RISCV_Design/Code/Build/Fife/verilog/module_fn_twosC_quire.v:156$144.
  creating $alu model for $macc $flatten\quire.\instance_fn_twosC_quire_0.$add$/teamspace/studios/this_studio/Melodica-Integration-into-Fife-Core/Learn_Bluespec_and_RISCV_Design/Code/Build/Fife/verilog/module_fn_twosC_quire.v:149$138.
  creating $alu model for $macc $flatten\quire.\instance_fn_twosC_quire_0.$add$/teamspace/studios/this_studio/Melodica-Integration-into-Fife-Core/Learn_Bluespec_and_RISCV_Design/Code/Build/Fife/verilog/module_fn_twosC_quire.v:142$132.
  creating $alu model for $macc $flatten\quire.\instance_fn_twosC_quire_0.$add$/teamspace/studios/this_studio/Melodica-Integration-into-Fife-Core/Learn_Bluespec_and_RISCV_Design/Code/Build/Fife/verilog/module_fn_twosC_quire.v:135$126.
  creating $alu model for $macc $flatten\quire.\instance_fn_twosC_quire_0.$add$/teamspace/studios/this_studio/Melodica-Integration-into-Fife-Core/Learn_Bluespec_and_RISCV_Design/Code/Build/Fife/verilog/module_fn_twosC_quire.v:121$114.
  creating $alu model for $macc $flatten\quire.\instance_fn_twosC_quire_0.$add$/teamspace/studios/this_studio/Melodica-Integration-into-Fife-Core/Learn_Bluespec_and_RISCV_Design/Code/Build/Fife/verilog/module_fn_twosC_quire.v:114$108.
  creating $alu model for $macc $flatten\quire.\instance_fn_twosC_quire_0.$add$/teamspace/studios/this_studio/Melodica-Integration-into-Fife-Core/Learn_Bluespec_and_RISCV_Design/Code/Build/Fife/verilog/module_fn_twosC_quire.v:107$102.
  creating $alu model for $macc $flatten\quire.\instance_fn_twosC_quire_0.$add$/teamspace/studios/this_studio/Melodica-Integration-into-Fife-Core/Learn_Bluespec_and_RISCV_Design/Code/Build/Fife/verilog/module_fn_twosC_quire.v:100$96.
  creating $alu model for $macc $flatten\quire.$sub$/teamspace/studios/this_studio/Melodica-Integration-into-Fife-Core/Learn_Bluespec_and_RISCV_Design/Code/Build/Fife/verilog/mkQuire.v:2930$915.
  creating $alu model for $macc $flatten\quire.$sub$/teamspace/studios/this_studio/Melodica-Integration-into-Fife-Core/Learn_Bluespec_and_RISCV_Design/Code/Build/Fife/verilog/mkQuire.v:1492$325.
  creating $alu model for $macc $flatten\quire.$neg$/teamspace/studios/this_studio/Melodica-Integration-into-Fife-Core/Learn_Bluespec_and_RISCV_Design/Code/Build/Fife/verilog/mkQuire.v:3225$1008.
  creating $alu model for $macc $flatten\quire.\seg_adder_vff_in_2.$add$/teamspace/studios/this_studio/Melodica-Integration-into-Fife-Core/bsc/lib/Verilog/SizedFIFO.v:76$1471.
  creating $alu model for $macc $flatten\quire.\seg_adder_vff_in_3.$add$/teamspace/studios/this_studio/Melodica-Integration-into-Fife-Core/bsc/lib/Verilog/SizedFIFO.v:75$1470.
  creating $alu model for $macc $flatten\quire.\seg_adder_vff_in_3.$add$/teamspace/studios/this_studio/Melodica-Integration-into-Fife-Core/bsc/lib/Verilog/SizedFIFO.v:76$1471.
  creating $alu model for $macc $flatten\quire.\seg_adder_vff_in_4.$add$/teamspace/studios/this_studio/Melodica-Integration-into-Fife-Core/bsc/lib/Verilog/SizedFIFO.v:75$1470.
  creating $alu model for $macc $flatten\quire.\seg_adder_vff_in_4.$add$/teamspace/studios/this_studio/Melodica-Integration-into-Fife-Core/bsc/lib/Verilog/SizedFIFO.v:76$1471.
  creating $alu model for $macc $flatten\quire.\seg_adder_vff_in_5.$add$/teamspace/studios/this_studio/Melodica-Integration-into-Fife-Core/bsc/lib/Verilog/SizedFIFO.v:75$1470.
  creating $alu model for $macc $flatten\quire.\seg_adder_vff_in_5.$add$/teamspace/studios/this_studio/Melodica-Integration-into-Fife-Core/bsc/lib/Verilog/SizedFIFO.v:76$1471.
  creating $alu model for $macc $flatten\quire.\seg_adder_vff_in_6.$add$/teamspace/studios/this_studio/Melodica-Integration-into-Fife-Core/bsc/lib/Verilog/SizedFIFO.v:75$1470.
  creating $alu model for $macc $flatten\quire.\seg_adder_vff_in_6.$add$/teamspace/studios/this_studio/Melodica-Integration-into-Fife-Core/bsc/lib/Verilog/SizedFIFO.v:76$1471.
  creating $alu model for $macc $flatten\quire.\seg_adder_vff_in_7.$add$/teamspace/studios/this_studio/Melodica-Integration-into-Fife-Core/bsc/lib/Verilog/SizedFIFO.v:75$1470.
  creating $alu model for $macc $flatten\quire.\seg_adder_vff_in_7.$add$/teamspace/studios/this_studio/Melodica-Integration-into-Fife-Core/bsc/lib/Verilog/SizedFIFO.v:76$1471.
  creating $alu model for $macc $flatten\quire.\seg_adder_vff_in_8.$add$/teamspace/studios/this_studio/Melodica-Integration-into-Fife-Core/bsc/lib/Verilog/SizedFIFO.v:75$1470.
  creating $alu model for $macc $flatten\quire.\seg_adder_vff_in_8.$add$/teamspace/studios/this_studio/Melodica-Integration-into-Fife-Core/bsc/lib/Verilog/SizedFIFO.v:76$1471.
  creating $alu model for $macc $flatten\quire.\seg_adder_vff_in_9.$add$/teamspace/studios/this_studio/Melodica-Integration-into-Fife-Core/bsc/lib/Verilog/SizedFIFO.v:75$1470.
  creating $alu model for $macc $flatten\quire.\seg_adder_vff_in_9.$add$/teamspace/studios/this_studio/Melodica-Integration-into-Fife-Core/bsc/lib/Verilog/SizedFIFO.v:76$1471.
  creating $alu model for $macc $flatten\quire.\seg_adder_vff_in_2.$add$/teamspace/studios/this_studio/Melodica-Integration-into-Fife-Core/bsc/lib/Verilog/SizedFIFO.v:75$1470.
  creating $alu model for $macc $flatten\quire.$add$/teamspace/studios/this_studio/Melodica-Integration-into-Fife-Core/Learn_Bluespec_and_RISCV_Design/Code/Build/Fife/verilog/mkQuire.v:3001$934.
  creating $alu model for $macc $flatten\quire.$add$/teamspace/studios/this_studio/Melodica-Integration-into-Fife-Core/Learn_Bluespec_and_RISCV_Design/Code/Build/Fife/verilog/mkQuire.v:2982$932.
  creating $alu model for $macc $flatten\quire.$add$/teamspace/studios/this_studio/Melodica-Integration-into-Fife-Core/Learn_Bluespec_and_RISCV_Design/Code/Build/Fife/verilog/mkQuire.v:2980$931.
  creating $alu model for $macc $flatten\quire.$add$/teamspace/studios/this_studio/Melodica-Integration-into-Fife-Core/Learn_Bluespec_and_RISCV_Design/Code/Build/Fife/verilog/mkQuire.v:2978$930.
  creating $alu model for $macc $flatten\quire.$add$/teamspace/studios/this_studio/Melodica-Integration-into-Fife-Core/Learn_Bluespec_and_RISCV_Design/Code/Build/Fife/verilog/mkQuire.v:2976$929.
  creating $alu model for $macc $flatten\quire.$add$/teamspace/studios/this_studio/Melodica-Integration-into-Fife-Core/Learn_Bluespec_and_RISCV_Design/Code/Build/Fife/verilog/mkQuire.v:2974$928.
  creating $alu model for $macc $flatten\quire.$add$/teamspace/studios/this_studio/Melodica-Integration-into-Fife-Core/Learn_Bluespec_and_RISCV_Design/Code/Build/Fife/verilog/mkQuire.v:2972$927.
  creating $alu model for $macc $flatten\quire.$add$/teamspace/studios/this_studio/Melodica-Integration-into-Fife-Core/Learn_Bluespec_and_RISCV_Design/Code/Build/Fife/verilog/mkQuire.v:2970$926.
  creating $alu model for $macc $flatten\quire.$add$/teamspace/studios/this_studio/Melodica-Integration-into-Fife-Core/Learn_Bluespec_and_RISCV_Design/Code/Build/Fife/verilog/mkQuire.v:2968$925.
  creating $alu model for $macc $flatten\quire.$add$/teamspace/studios/this_studio/Melodica-Integration-into-Fife-Core/Learn_Bluespec_and_RISCV_Design/Code/Build/Fife/verilog/mkQuire.v:2966$924.
  creating $alu model for $macc $flatten\quire.$add$/teamspace/studios/this_studio/Melodica-Integration-into-Fife-Core/Learn_Bluespec_and_RISCV_Design/Code/Build/Fife/verilog/mkQuire.v:2964$923.
  creating $alu model for $macc $flatten\quire.$add$/teamspace/studios/this_studio/Melodica-Integration-into-Fife-Core/Learn_Bluespec_and_RISCV_Design/Code/Build/Fife/verilog/mkQuire.v:2962$922.
  creating $alu model for $macc $flatten\quire.$add$/teamspace/studios/this_studio/Melodica-Integration-into-Fife-Core/Learn_Bluespec_and_RISCV_Design/Code/Build/Fife/verilog/mkQuire.v:2960$921.
  creating $alu model for $macc $flatten\quire.$add$/teamspace/studios/this_studio/Melodica-Integration-into-Fife-Core/Learn_Bluespec_and_RISCV_Design/Code/Build/Fife/verilog/mkQuire.v:2958$920.
  creating $alu model for $macc $flatten\quire.$add$/teamspace/studios/this_studio/Melodica-Integration-into-Fife-Core/Learn_Bluespec_and_RISCV_Design/Code/Build/Fife/verilog/mkQuire.v:2956$919.
  creating $alu model for $macc $flatten\quire.$add$/teamspace/studios/this_studio/Melodica-Integration-into-Fife-Core/Learn_Bluespec_and_RISCV_Design/Code/Build/Fife/verilog/mkQuire.v:2954$918.
  creating $alu model for $macc $flatten\quire.$add$/teamspace/studios/this_studio/Melodica-Integration-into-Fife-Core/Learn_Bluespec_and_RISCV_Design/Code/Build/Fife/verilog/mkQuire.v:2952$917.
  creating $alu model for $macc $flatten\quire.$add$/teamspace/studios/this_studio/Melodica-Integration-into-Fife-Core/Learn_Bluespec_and_RISCV_Design/Code/Build/Fife/verilog/mkQuire.v:1490$324.
  creating $alu model for $macc $flatten\ptof.$sub$/teamspace/studios/this_studio/Melodica-Integration-into-Fife-Core/Learn_Bluespec_and_RISCV_Design/Code/Build/Fife/verilog/mkPtoF_PNE.v:187$1314.
  creating $alu model for $macc $flatten\ptof.$sub$/teamspace/studios/this_studio/Melodica-Integration-into-Fife-Core/Learn_Bluespec_and_RISCV_Design/Code/Build/Fife/verilog/mkPtoF_PNE.v:185$1313.
  creating $alu model for $macc $flatten\ptof.$neg$/teamspace/studios/this_studio/Melodica-Integration-into-Fife-Core/Learn_Bluespec_and_RISCV_Design/Code/Build/Fife/verilog/mkPtoF_PNE.v:148$1296.
  creating $alu model for $macc $flatten\ptof.$add$/teamspace/studios/this_studio/Melodica-Integration-into-Fife-Core/Learn_Bluespec_and_RISCV_Design/Code/Build/Fife/verilog/mkPtoF_PNE.v:225$1340.
  creating $alu model for $macc $flatten\ptof.$add$/teamspace/studios/this_studio/Melodica-Integration-into-Fife-Core/Learn_Bluespec_and_RISCV_Design/Code/Build/Fife/verilog/mkPtoF_PNE.v:209$1330.
  creating $alu model for $macc $flatten\ptof.$add$/teamspace/studios/this_studio/Melodica-Integration-into-Fife-Core/Learn_Bluespec_and_RISCV_Design/Code/Build/Fife/verilog/mkPtoF_PNE.v:205$1328.
  creating $alu model for $macc $flatten\normalizer.$sub$/teamspace/studios/this_studio/Melodica-Integration-into-Fife-Core/Learn_Bluespec_and_RISCV_Design/Code/Build/Fife/verilog/mkNormalizer.v:384$1209.
  creating $alu model for $macc $flatten\normalizer.$sub$/teamspace/studios/this_studio/Melodica-Integration-into-Fife-Core/Learn_Bluespec_and_RISCV_Design/Code/Build/Fife/verilog/mkNormalizer.v:367$1198.
  creating $alu model for $macc $flatten\normalizer.$sub$/teamspace/studios/this_studio/Melodica-Integration-into-Fife-Core/Learn_Bluespec_and_RISCV_Design/Code/Build/Fife/verilog/mkNormalizer.v:362$1196.
  creating $alu model for $macc $flatten\normalizer.$sub$/teamspace/studios/this_studio/Melodica-Integration-into-Fife-Core/Learn_Bluespec_and_RISCV_Design/Code/Build/Fife/verilog/mkNormalizer.v:332$1183.
  creating $alu model for $macc $flatten\normalizer.$sub$/teamspace/studios/this_studio/Melodica-Integration-into-Fife-Core/Learn_Bluespec_and_RISCV_Design/Code/Build/Fife/verilog/mkNormalizer.v:331$1182.
  creating $alu model for $macc $flatten\normalizer.$sub$/teamspace/studios/this_studio/Melodica-Integration-into-Fife-Core/Learn_Bluespec_and_RISCV_Design/Code/Build/Fife/verilog/mkNormalizer.v:275$1134.
  creating $alu model for $macc $flatten\normalizer.$sub$/teamspace/studios/this_studio/Melodica-Integration-into-Fife-Core/Learn_Bluespec_and_RISCV_Design/Code/Build/Fife/verilog/mkNormalizer.v:211$1075.
  creating $alu model for $macc $flatten\normalizer.$sub$/teamspace/studios/this_studio/Melodica-Integration-into-Fife-Core/Learn_Bluespec_and_RISCV_Design/Code/Build/Fife/verilog/mkNormalizer.v:188$1071.
  creating $alu model for $macc $flatten\normalizer.$add$/teamspace/studios/this_studio/Melodica-Integration-into-Fife-Core/Learn_Bluespec_and_RISCV_Design/Code/Build/Fife/verilog/mkNormalizer.v:402$1218.
  creating $alu model for $macc $sub$/teamspace/studios/this_studio/Melodica-Integration-into-Fife-Core/Learn_Bluespec_and_RISCV_Design/Code/Build/Fife/verilog/mkPositCore.v:493$1430.
  creating $alu model for $macc $flatten\normalizer.$add$/teamspace/studios/this_studio/Melodica-Integration-into-Fife-Core/Learn_Bluespec_and_RISCV_Design/Code/Build/Fife/verilog/mkNormalizer.v:377$1203.
  creating $alu model for $macc $flatten\normalizer.$add$/teamspace/studios/this_studio/Melodica-Integration-into-Fife-Core/Learn_Bluespec_and_RISCV_Design/Code/Build/Fife/verilog/mkNormalizer.v:350$1191.
  creating $alu model for $macc $flatten\normalizer.$add$/teamspace/studios/this_studio/Melodica-Integration-into-Fife-Core/Learn_Bluespec_and_RISCV_Design/Code/Build/Fife/verilog/mkNormalizer.v:326$1179.
  creating $alu model for $macc $flatten\normalizer.$add$/teamspace/studios/this_studio/Melodica-Integration-into-Fife-Core/Learn_Bluespec_and_RISCV_Design/Code/Build/Fife/verilog/mkNormalizer.v:252$1107.
  creating $alu model for $macc $flatten\normalizer.$add$/teamspace/studios/this_studio/Melodica-Integration-into-Fife-Core/Learn_Bluespec_and_RISCV_Design/Code/Build/Fife/verilog/mkNormalizer.v:245$1104.
  creating $alu model for $macc $flatten\normalizer.$add$/teamspace/studios/this_studio/Melodica-Integration-into-Fife-Core/Learn_Bluespec_and_RISCV_Design/Code/Build/Fife/verilog/mkNormalizer.v:217$1078.
  creating $alu model for $macc $flatten\multiplier.$neg$/teamspace/studios/this_studio/Melodica-Integration-into-Fife-Core/Learn_Bluespec_and_RISCV_Design/Code/Build/Fife/verilog/mkMultiplier.v:236$1066.
  creating $alu model for $macc $flatten\multiplier.$add$/teamspace/studios/this_studio/Melodica-Integration-into-Fife-Core/Learn_Bluespec_and_RISCV_Design/Code/Build/Fife/verilog/mkMultiplier.v:214$1058.
  creating $alu model for $macc $flatten\multiplier.$add$/teamspace/studios/this_studio/Melodica-Integration-into-Fife-Core/Learn_Bluespec_and_RISCV_Design/Code/Build/Fife/verilog/mkMultiplier.v:201$1056.
  creating $alu model for $macc $flatten\ftop.$sub$/teamspace/studios/this_studio/Melodica-Integration-into-Fife-Core/Learn_Bluespec_and_RISCV_Design/Code/Build/Fife/verilog/mkFtoP_PNE.v:182$1289.
  creating $alu model for $macc $flatten\ftop.$sub$/teamspace/studios/this_studio/Melodica-Integration-into-Fife-Core/Learn_Bluespec_and_RISCV_Design/Code/Build/Fife/verilog/mkFtoP_PNE.v:180$1288.
  creating $alu model for $macc $flatten\ftop.$sub$/teamspace/studios/this_studio/Melodica-Integration-into-Fife-Core/Learn_Bluespec_and_RISCV_Design/Code/Build/Fife/verilog/mkFtoP_PNE.v:178$1287.
  creating $alu model for $macc $flatten\ftop.$neg$/teamspace/studios/this_studio/Melodica-Integration-into-Fife-Core/Learn_Bluespec_and_RISCV_Design/Code/Build/Fife/verilog/mkFtoP_PNE.v:149$1270.
  creating $alu model for $macc $flatten\ftop.$add$/teamspace/studios/this_studio/Melodica-Integration-into-Fife-Core/Learn_Bluespec_and_RISCV_Design/Code/Build/Fife/verilog/mkFtoP_PNE.v:187$1291.
  creating $alu model for $macc $flatten\extracter2.$add$/teamspace/studios/this_studio/Melodica-Integration-into-Fife-Core/Learn_Bluespec_and_RISCV_Design/Code/Build/Fife/verilog/mkExtracter.v:195$1250.
  creating $alu model for $macc $flatten\extracter2.$add$/teamspace/studios/this_studio/Melodica-Integration-into-Fife-Core/Learn_Bluespec_and_RISCV_Design/Code/Build/Fife/verilog/mkExtracter.v:189$1248.
  creating $alu model for $macc $flatten\extracter2.$add$/teamspace/studios/this_studio/Melodica-Integration-into-Fife-Core/Learn_Bluespec_and_RISCV_Design/Code/Build/Fife/verilog/mkExtracter.v:183$1246.
  creating $alu model for $macc $flatten\extracter2.$add$/teamspace/studios/this_studio/Melodica-Integration-into-Fife-Core/Learn_Bluespec_and_RISCV_Design/Code/Build/Fife/verilog/mkExtracter.v:158$1236.
  creating $alu model for $macc $flatten\extracter1.$add$/teamspace/studios/this_studio/Melodica-Integration-into-Fife-Core/Learn_Bluespec_and_RISCV_Design/Code/Build/Fife/verilog/mkExtracter.v:195$1250.
  creating $alu model for $macc $flatten\extracter1.$add$/teamspace/studios/this_studio/Melodica-Integration-into-Fife-Core/Learn_Bluespec_and_RISCV_Design/Code/Build/Fife/verilog/mkExtracter.v:189$1248.
  creating $alu model for $macc $flatten\extracter1.$add$/teamspace/studios/this_studio/Melodica-Integration-into-Fife-Core/Learn_Bluespec_and_RISCV_Design/Code/Build/Fife/verilog/mkExtracter.v:183$1246.
  creating $alu model for $macc $flatten\extracter1.$add$/teamspace/studios/this_studio/Melodica-Integration-into-Fife-Core/Learn_Bluespec_and_RISCV_Design/Code/Build/Fife/verilog/mkExtracter.v:158$1236.
  creating $alu model for $macc $add$/teamspace/studios/this_studio/Melodica-Integration-into-Fife-Core/Learn_Bluespec_and_RISCV_Design/Code/Build/Fife/verilog/mkPositCore.v:546$1456.
  creating $alu model for $macc $add$/teamspace/studios/this_studio/Melodica-Integration-into-Fife-Core/Learn_Bluespec_and_RISCV_Design/Code/Build/Fife/verilog/mkPositCore.v:492$1429.
  creating $macc cell for $flatten\multiplier.$mul$/teamspace/studios/this_studio/Melodica-Integration-into-Fife-Core/Learn_Bluespec_and_RISCV_Design/Code/Build/Fife/verilog/mkMultiplier.v:206$1057: $auto$alumacc.cc:365:replace_macc$3818
  creating $macc cell for $flatten\quire.$sub$/teamspace/studios/this_studio/Melodica-Integration-into-Fife-Core/Learn_Bluespec_and_RISCV_Design/Code/Build/Fife/verilog/mkQuire.v:2465$801: $auto$alumacc.cc:365:replace_macc$3819
  creating $macc cell for $flatten\normalizer.$sub$/teamspace/studios/this_studio/Melodica-Integration-into-Fife-Core/Learn_Bluespec_and_RISCV_Design/Code/Build/Fife/verilog/mkNormalizer.v:313$1174: $auto$alumacc.cc:365:replace_macc$3820
  creating $alu model for $flatten\ftop.$le$/teamspace/studios/this_studio/Melodica-Integration-into-Fife-Core/Learn_Bluespec_and_RISCV_Design/Code/Build/Fife/verilog/mkFtoP_PNE.v:136$1265 ($le): new $alu
  creating $alu model for $flatten\ftop.$le$/teamspace/studios/this_studio/Melodica-Integration-into-Fife-Core/Learn_Bluespec_and_RISCV_Design/Code/Build/Fife/verilog/mkFtoP_PNE.v:142$1268 ($le): new $alu
  creating $alu model for $flatten\ftop.$le$/teamspace/studios/this_studio/Melodica-Integration-into-Fife-Core/Learn_Bluespec_and_RISCV_Design/Code/Build/Fife/verilog/mkFtoP_PNE.v:174$1286 ($le): new $alu
  creating $alu model for $flatten\ftop.$lt$/teamspace/studios/this_studio/Melodica-Integration-into-Fife-Core/Learn_Bluespec_and_RISCV_Design/Code/Build/Fife/verilog/mkFtoP_PNE.v:170$1284 ($lt): new $alu
  creating $alu model for $flatten\normalizer.$lt$/teamspace/studios/this_studio/Melodica-Integration-into-Fife-Core/Learn_Bluespec_and_RISCV_Design/Code/Build/Fife/verilog/mkNormalizer.v:273$1133 ($lt): new $alu
  creating $alu model for $flatten\normalizer.$lt$/teamspace/studios/this_studio/Melodica-Integration-into-Fife-Core/Learn_Bluespec_and_RISCV_Design/Code/Build/Fife/verilog/mkNormalizer.v:278$1135 ($lt): merged with $flatten\normalizer.$sub$/teamspace/studios/this_studio/Melodica-Integration-into-Fife-Core/Learn_Bluespec_and_RISCV_Design/Code/Build/Fife/verilog/mkNormalizer.v:367$1198.
  creating $alu model for $flatten\ptof.$le$/teamspace/studios/this_studio/Melodica-Integration-into-Fife-Core/Learn_Bluespec_and_RISCV_Design/Code/Build/Fife/verilog/mkPtoF_PNE.v:151$1299 ($le): new $alu
  creating $alu model for $flatten\ptof.$le$/teamspace/studios/this_studio/Melodica-Integration-into-Fife-Core/Learn_Bluespec_and_RISCV_Design/Code/Build/Fife/verilog/mkPtoF_PNE.v:155$1302 ($le): new $alu
  creating $alu model for $flatten\ptof.$le$/teamspace/studios/this_studio/Melodica-Integration-into-Fife-Core/Learn_Bluespec_and_RISCV_Design/Code/Build/Fife/verilog/mkPtoF_PNE.v:189$1316 ($le): new $alu
  creating $alu model for $flatten\ptof.$lt$/teamspace/studios/this_studio/Melodica-Integration-into-Fife-Core/Learn_Bluespec_and_RISCV_Design/Code/Build/Fife/verilog/mkPtoF_PNE.v:191$1318 ($lt): new $alu
  creating $alu model for $flatten\quire.$le$/teamspace/studios/this_studio/Melodica-Integration-into-Fife-Core/Learn_Bluespec_and_RISCV_Design/Code/Build/Fife/verilog/mkQuire.v:2880$905 ($le): new $alu
  creating $alu model for $flatten\quire.$lt$/teamspace/studios/this_studio/Melodica-Integration-into-Fife-Core/Learn_Bluespec_and_RISCV_Design/Code/Build/Fife/verilog/mkQuire.v:2876$903 ($lt): new $alu
  creating $alu cell for $flatten\quire.$lt$/teamspace/studios/this_studio/Melodica-Integration-into-Fife-Core/Learn_Bluespec_and_RISCV_Design/Code/Build/Fife/verilog/mkQuire.v:2876$903: $auto$alumacc.cc:485:replace_alu$3832
  creating $alu cell for $flatten\quire.$le$/teamspace/studios/this_studio/Melodica-Integration-into-Fife-Core/Learn_Bluespec_and_RISCV_Design/Code/Build/Fife/verilog/mkQuire.v:2880$905: $auto$alumacc.cc:485:replace_alu$3843
  creating $alu cell for $flatten\ptof.$lt$/teamspace/studios/this_studio/Melodica-Integration-into-Fife-Core/Learn_Bluespec_and_RISCV_Design/Code/Build/Fife/verilog/mkPtoF_PNE.v:191$1318: $auto$alumacc.cc:485:replace_alu$3856
  creating $alu cell for $flatten\ptof.$le$/teamspace/studios/this_studio/Melodica-Integration-into-Fife-Core/Learn_Bluespec_and_RISCV_Design/Code/Build/Fife/verilog/mkPtoF_PNE.v:189$1316: $auto$alumacc.cc:485:replace_alu$3867
  creating $alu cell for $flatten\ptof.$le$/teamspace/studios/this_studio/Melodica-Integration-into-Fife-Core/Learn_Bluespec_and_RISCV_Design/Code/Build/Fife/verilog/mkPtoF_PNE.v:155$1302: $auto$alumacc.cc:485:replace_alu$3880
  creating $alu cell for $flatten\ptof.$le$/teamspace/studios/this_studio/Melodica-Integration-into-Fife-Core/Learn_Bluespec_and_RISCV_Design/Code/Build/Fife/verilog/mkPtoF_PNE.v:151$1299: $auto$alumacc.cc:485:replace_alu$3893
  creating $alu cell for $flatten\normalizer.$lt$/teamspace/studios/this_studio/Melodica-Integration-into-Fife-Core/Learn_Bluespec_and_RISCV_Design/Code/Build/Fife/verilog/mkNormalizer.v:273$1133: $auto$alumacc.cc:485:replace_alu$3906
  creating $alu cell for $flatten\ftop.$lt$/teamspace/studios/this_studio/Melodica-Integration-into-Fife-Core/Learn_Bluespec_and_RISCV_Design/Code/Build/Fife/verilog/mkFtoP_PNE.v:170$1284: $auto$alumacc.cc:485:replace_alu$3917
  creating $alu cell for $flatten\ftop.$le$/teamspace/studios/this_studio/Melodica-Integration-into-Fife-Core/Learn_Bluespec_and_RISCV_Design/Code/Build/Fife/verilog/mkFtoP_PNE.v:174$1286: $auto$alumacc.cc:485:replace_alu$3928
  creating $alu cell for $flatten\ftop.$le$/teamspace/studios/this_studio/Melodica-Integration-into-Fife-Core/Learn_Bluespec_and_RISCV_Design/Code/Build/Fife/verilog/mkFtoP_PNE.v:142$1268: $auto$alumacc.cc:485:replace_alu$3941
  creating $alu cell for $flatten\ftop.$le$/teamspace/studios/this_studio/Melodica-Integration-into-Fife-Core/Learn_Bluespec_and_RISCV_Design/Code/Build/Fife/verilog/mkFtoP_PNE.v:136$1265: $auto$alumacc.cc:485:replace_alu$3954
  creating $alu cell for $add$/teamspace/studios/this_studio/Melodica-Integration-into-Fife-Core/Learn_Bluespec_and_RISCV_Design/Code/Build/Fife/verilog/mkPositCore.v:492$1429: $auto$alumacc.cc:485:replace_alu$3967
  creating $alu cell for $add$/teamspace/studios/this_studio/Melodica-Integration-into-Fife-Core/Learn_Bluespec_and_RISCV_Design/Code/Build/Fife/verilog/mkPositCore.v:546$1456: $auto$alumacc.cc:485:replace_alu$3970
  creating $alu cell for $flatten\extracter1.$add$/teamspace/studios/this_studio/Melodica-Integration-into-Fife-Core/Learn_Bluespec_and_RISCV_Design/Code/Build/Fife/verilog/mkExtracter.v:158$1236: $auto$alumacc.cc:485:replace_alu$3973
  creating $alu cell for $flatten\extracter1.$add$/teamspace/studios/this_studio/Melodica-Integration-into-Fife-Core/Learn_Bluespec_and_RISCV_Design/Code/Build/Fife/verilog/mkExtracter.v:183$1246: $auto$alumacc.cc:485:replace_alu$3976
  creating $alu cell for $flatten\extracter1.$add$/teamspace/studios/this_studio/Melodica-Integration-into-Fife-Core/Learn_Bluespec_and_RISCV_Design/Code/Build/Fife/verilog/mkExtracter.v:189$1248: $auto$alumacc.cc:485:replace_alu$3979
  creating $alu cell for $flatten\extracter1.$add$/teamspace/studios/this_studio/Melodica-Integration-into-Fife-Core/Learn_Bluespec_and_RISCV_Design/Code/Build/Fife/verilog/mkExtracter.v:195$1250: $auto$alumacc.cc:485:replace_alu$3982
  creating $alu cell for $flatten\extracter2.$add$/teamspace/studios/this_studio/Melodica-Integration-into-Fife-Core/Learn_Bluespec_and_RISCV_Design/Code/Build/Fife/verilog/mkExtracter.v:158$1236: $auto$alumacc.cc:485:replace_alu$3985
  creating $alu cell for $flatten\extracter2.$add$/teamspace/studios/this_studio/Melodica-Integration-into-Fife-Core/Learn_Bluespec_and_RISCV_Design/Code/Build/Fife/verilog/mkExtracter.v:183$1246: $auto$alumacc.cc:485:replace_alu$3988
  creating $alu cell for $flatten\extracter2.$add$/teamspace/studios/this_studio/Melodica-Integration-into-Fife-Core/Learn_Bluespec_and_RISCV_Design/Code/Build/Fife/verilog/mkExtracter.v:189$1248: $auto$alumacc.cc:485:replace_alu$3991
  creating $alu cell for $flatten\extracter2.$add$/teamspace/studios/this_studio/Melodica-Integration-into-Fife-Core/Learn_Bluespec_and_RISCV_Design/Code/Build/Fife/verilog/mkExtracter.v:195$1250: $auto$alumacc.cc:485:replace_alu$3994
  creating $alu cell for $flatten\ftop.$add$/teamspace/studios/this_studio/Melodica-Integration-into-Fife-Core/Learn_Bluespec_and_RISCV_Design/Code/Build/Fife/verilog/mkFtoP_PNE.v:187$1291: $auto$alumacc.cc:485:replace_alu$3997
  creating $alu cell for $flatten\ftop.$neg$/teamspace/studios/this_studio/Melodica-Integration-into-Fife-Core/Learn_Bluespec_and_RISCV_Design/Code/Build/Fife/verilog/mkFtoP_PNE.v:149$1270: $auto$alumacc.cc:485:replace_alu$4000
  creating $alu cell for $flatten\ftop.$sub$/teamspace/studios/this_studio/Melodica-Integration-into-Fife-Core/Learn_Bluespec_and_RISCV_Design/Code/Build/Fife/verilog/mkFtoP_PNE.v:178$1287: $auto$alumacc.cc:485:replace_alu$4003
  creating $alu cell for $flatten\ftop.$sub$/teamspace/studios/this_studio/Melodica-Integration-into-Fife-Core/Learn_Bluespec_and_RISCV_Design/Code/Build/Fife/verilog/mkFtoP_PNE.v:180$1288: $auto$alumacc.cc:485:replace_alu$4006
  creating $alu cell for $flatten\ftop.$sub$/teamspace/studios/this_studio/Melodica-Integration-into-Fife-Core/Learn_Bluespec_and_RISCV_Design/Code/Build/Fife/verilog/mkFtoP_PNE.v:182$1289: $auto$alumacc.cc:485:replace_alu$4009
  creating $alu cell for $flatten\multiplier.$add$/teamspace/studios/this_studio/Melodica-Integration-into-Fife-Core/Learn_Bluespec_and_RISCV_Design/Code/Build/Fife/verilog/mkMultiplier.v:201$1056: $auto$alumacc.cc:485:replace_alu$4012
  creating $alu cell for $flatten\multiplier.$add$/teamspace/studios/this_studio/Melodica-Integration-into-Fife-Core/Learn_Bluespec_and_RISCV_Design/Code/Build/Fife/verilog/mkMultiplier.v:214$1058: $auto$alumacc.cc:485:replace_alu$4015
  creating $alu cell for $flatten\multiplier.$neg$/teamspace/studios/this_studio/Melodica-Integration-into-Fife-Core/Learn_Bluespec_and_RISCV_Design/Code/Build/Fife/verilog/mkMultiplier.v:236$1066: $auto$alumacc.cc:485:replace_alu$4018
  creating $alu cell for $flatten\normalizer.$add$/teamspace/studios/this_studio/Melodica-Integration-into-Fife-Core/Learn_Bluespec_and_RISCV_Design/Code/Build/Fife/verilog/mkNormalizer.v:217$1078: $auto$alumacc.cc:485:replace_alu$4021
  creating $alu cell for $flatten\normalizer.$add$/teamspace/studios/this_studio/Melodica-Integration-into-Fife-Core/Learn_Bluespec_and_RISCV_Design/Code/Build/Fife/verilog/mkNormalizer.v:245$1104: $auto$alumacc.cc:485:replace_alu$4024
  creating $alu cell for $flatten\normalizer.$add$/teamspace/studios/this_studio/Melodica-Integration-into-Fife-Core/Learn_Bluespec_and_RISCV_Design/Code/Build/Fife/verilog/mkNormalizer.v:252$1107: $auto$alumacc.cc:485:replace_alu$4027
  creating $alu cell for $flatten\normalizer.$add$/teamspace/studios/this_studio/Melodica-Integration-into-Fife-Core/Learn_Bluespec_and_RISCV_Design/Code/Build/Fife/verilog/mkNormalizer.v:326$1179: $auto$alumacc.cc:485:replace_alu$4030
  creating $alu cell for $flatten\normalizer.$add$/teamspace/studios/this_studio/Melodica-Integration-into-Fife-Core/Learn_Bluespec_and_RISCV_Design/Code/Build/Fife/verilog/mkNormalizer.v:350$1191: $auto$alumacc.cc:485:replace_alu$4033
  creating $alu cell for $flatten\normalizer.$add$/teamspace/studios/this_studio/Melodica-Integration-into-Fife-Core/Learn_Bluespec_and_RISCV_Design/Code/Build/Fife/verilog/mkNormalizer.v:377$1203: $auto$alumacc.cc:485:replace_alu$4036
  creating $alu cell for $sub$/teamspace/studios/this_studio/Melodica-Integration-into-Fife-Core/Learn_Bluespec_and_RISCV_Design/Code/Build/Fife/verilog/mkPositCore.v:493$1430: $auto$alumacc.cc:485:replace_alu$4039
  creating $alu cell for $flatten\normalizer.$add$/teamspace/studios/this_studio/Melodica-Integration-into-Fife-Core/Learn_Bluespec_and_RISCV_Design/Code/Build/Fife/verilog/mkNormalizer.v:402$1218: $auto$alumacc.cc:485:replace_alu$4042
  creating $alu cell for $flatten\normalizer.$sub$/teamspace/studios/this_studio/Melodica-Integration-into-Fife-Core/Learn_Bluespec_and_RISCV_Design/Code/Build/Fife/verilog/mkNormalizer.v:188$1071: $auto$alumacc.cc:485:replace_alu$4045
  creating $alu cell for $flatten\normalizer.$sub$/teamspace/studios/this_studio/Melodica-Integration-into-Fife-Core/Learn_Bluespec_and_RISCV_Design/Code/Build/Fife/verilog/mkNormalizer.v:211$1075: $auto$alumacc.cc:485:replace_alu$4048
  creating $alu cell for $flatten\normalizer.$sub$/teamspace/studios/this_studio/Melodica-Integration-into-Fife-Core/Learn_Bluespec_and_RISCV_Design/Code/Build/Fife/verilog/mkNormalizer.v:275$1134: $auto$alumacc.cc:485:replace_alu$4051
  creating $alu cell for $flatten\normalizer.$sub$/teamspace/studios/this_studio/Melodica-Integration-into-Fife-Core/Learn_Bluespec_and_RISCV_Design/Code/Build/Fife/verilog/mkNormalizer.v:331$1182: $auto$alumacc.cc:485:replace_alu$4054
  creating $alu cell for $flatten\normalizer.$sub$/teamspace/studios/this_studio/Melodica-Integration-into-Fife-Core/Learn_Bluespec_and_RISCV_Design/Code/Build/Fife/verilog/mkNormalizer.v:332$1183: $auto$alumacc.cc:485:replace_alu$4057
  creating $alu cell for $flatten\normalizer.$sub$/teamspace/studios/this_studio/Melodica-Integration-into-Fife-Core/Learn_Bluespec_and_RISCV_Design/Code/Build/Fife/verilog/mkNormalizer.v:362$1196: $auto$alumacc.cc:485:replace_alu$4060
  creating $alu cell for $flatten\normalizer.$sub$/teamspace/studios/this_studio/Melodica-Integration-into-Fife-Core/Learn_Bluespec_and_RISCV_Design/Code/Build/Fife/verilog/mkNormalizer.v:367$1198, $flatten\normalizer.$lt$/teamspace/studios/this_studio/Melodica-Integration-into-Fife-Core/Learn_Bluespec_and_RISCV_Design/Code/Build/Fife/verilog/mkNormalizer.v:278$1135: $auto$alumacc.cc:485:replace_alu$4063
  creating $alu cell for $flatten\normalizer.$sub$/teamspace/studios/this_studio/Melodica-Integration-into-Fife-Core/Learn_Bluespec_and_RISCV_Design/Code/Build/Fife/verilog/mkNormalizer.v:384$1209: $auto$alumacc.cc:485:replace_alu$4074
  creating $alu cell for $flatten\ptof.$add$/teamspace/studios/this_studio/Melodica-Integration-into-Fife-Core/Learn_Bluespec_and_RISCV_Design/Code/Build/Fife/verilog/mkPtoF_PNE.v:205$1328: $auto$alumacc.cc:485:replace_alu$4077
  creating $alu cell for $flatten\ptof.$add$/teamspace/studios/this_studio/Melodica-Integration-into-Fife-Core/Learn_Bluespec_and_RISCV_Design/Code/Build/Fife/verilog/mkPtoF_PNE.v:209$1330: $auto$alumacc.cc:485:replace_alu$4080
  creating $alu cell for $flatten\ptof.$add$/teamspace/studios/this_studio/Melodica-Integration-into-Fife-Core/Learn_Bluespec_and_RISCV_Design/Code/Build/Fife/verilog/mkPtoF_PNE.v:225$1340: $auto$alumacc.cc:485:replace_alu$4083
  creating $alu cell for $flatten\ptof.$neg$/teamspace/studios/this_studio/Melodica-Integration-into-Fife-Core/Learn_Bluespec_and_RISCV_Design/Code/Build/Fife/verilog/mkPtoF_PNE.v:148$1296: $auto$alumacc.cc:485:replace_alu$4086
  creating $alu cell for $flatten\ptof.$sub$/teamspace/studios/this_studio/Melodica-Integration-into-Fife-Core/Learn_Bluespec_and_RISCV_Design/Code/Build/Fife/verilog/mkPtoF_PNE.v:185$1313: $auto$alumacc.cc:485:replace_alu$4089
  creating $alu cell for $flatten\ptof.$sub$/teamspace/studios/this_studio/Melodica-Integration-into-Fife-Core/Learn_Bluespec_and_RISCV_Design/Code/Build/Fife/verilog/mkPtoF_PNE.v:187$1314: $auto$alumacc.cc:485:replace_alu$4092
  creating $alu cell for $flatten\quire.$add$/teamspace/studios/this_studio/Melodica-Integration-into-Fife-Core/Learn_Bluespec_and_RISCV_Design/Code/Build/Fife/verilog/mkQuire.v:1490$324: $auto$alumacc.cc:485:replace_alu$4095
  creating $alu cell for $flatten\quire.$add$/teamspace/studios/this_studio/Melodica-Integration-into-Fife-Core/Learn_Bluespec_and_RISCV_Design/Code/Build/Fife/verilog/mkQuire.v:2952$917: $auto$alumacc.cc:485:replace_alu$4098
  creating $alu cell for $flatten\quire.$add$/teamspace/studios/this_studio/Melodica-Integration-into-Fife-Core/Learn_Bluespec_and_RISCV_Design/Code/Build/Fife/verilog/mkQuire.v:2954$918: $auto$alumacc.cc:485:replace_alu$4101
  creating $alu cell for $flatten\quire.$add$/teamspace/studios/this_studio/Melodica-Integration-into-Fife-Core/Learn_Bluespec_and_RISCV_Design/Code/Build/Fife/verilog/mkQuire.v:2956$919: $auto$alumacc.cc:485:replace_alu$4104
  creating $alu cell for $flatten\quire.$add$/teamspace/studios/this_studio/Melodica-Integration-into-Fife-Core/Learn_Bluespec_and_RISCV_Design/Code/Build/Fife/verilog/mkQuire.v:2958$920: $auto$alumacc.cc:485:replace_alu$4107
  creating $alu cell for $flatten\quire.$add$/teamspace/studios/this_studio/Melodica-Integration-into-Fife-Core/Learn_Bluespec_and_RISCV_Design/Code/Build/Fife/verilog/mkQuire.v:2960$921: $auto$alumacc.cc:485:replace_alu$4110
  creating $alu cell for $flatten\quire.$add$/teamspace/studios/this_studio/Melodica-Integration-into-Fife-Core/Learn_Bluespec_and_RISCV_Design/Code/Build/Fife/verilog/mkQuire.v:2962$922: $auto$alumacc.cc:485:replace_alu$4113
  creating $alu cell for $flatten\quire.$add$/teamspace/studios/this_studio/Melodica-Integration-into-Fife-Core/Learn_Bluespec_and_RISCV_Design/Code/Build/Fife/verilog/mkQuire.v:2964$923: $auto$alumacc.cc:485:replace_alu$4116
  creating $alu cell for $flatten\quire.$add$/teamspace/studios/this_studio/Melodica-Integration-into-Fife-Core/Learn_Bluespec_and_RISCV_Design/Code/Build/Fife/verilog/mkQuire.v:2966$924: $auto$alumacc.cc:485:replace_alu$4119
  creating $alu cell for $flatten\quire.$add$/teamspace/studios/this_studio/Melodica-Integration-into-Fife-Core/Learn_Bluespec_and_RISCV_Design/Code/Build/Fife/verilog/mkQuire.v:2968$925: $auto$alumacc.cc:485:replace_alu$4122
  creating $alu cell for $flatten\quire.$add$/teamspace/studios/this_studio/Melodica-Integration-into-Fife-Core/Learn_Bluespec_and_RISCV_Design/Code/Build/Fife/verilog/mkQuire.v:2970$926: $auto$alumacc.cc:485:replace_alu$4125
  creating $alu cell for $flatten\quire.$add$/teamspace/studios/this_studio/Melodica-Integration-into-Fife-Core/Learn_Bluespec_and_RISCV_Design/Code/Build/Fife/verilog/mkQuire.v:2972$927: $auto$alumacc.cc:485:replace_alu$4128
  creating $alu cell for $flatten\quire.$add$/teamspace/studios/this_studio/Melodica-Integration-into-Fife-Core/Learn_Bluespec_and_RISCV_Design/Code/Build/Fife/verilog/mkQuire.v:2974$928: $auto$alumacc.cc:485:replace_alu$4131
  creating $alu cell for $flatten\quire.$add$/teamspace/studios/this_studio/Melodica-Integration-into-Fife-Core/Learn_Bluespec_and_RISCV_Design/Code/Build/Fife/verilog/mkQuire.v:2976$929: $auto$alumacc.cc:485:replace_alu$4134
  creating $alu cell for $flatten\quire.$add$/teamspace/studios/this_studio/Melodica-Integration-into-Fife-Core/Learn_Bluespec_and_RISCV_Design/Code/Build/Fife/verilog/mkQuire.v:2978$930: $auto$alumacc.cc:485:replace_alu$4137
  creating $alu cell for $flatten\quire.$add$/teamspace/studios/this_studio/Melodica-Integration-into-Fife-Core/Learn_Bluespec_and_RISCV_Design/Code/Build/Fife/verilog/mkQuire.v:2980$931: $auto$alumacc.cc:485:replace_alu$4140
  creating $alu cell for $flatten\quire.$add$/teamspace/studios/this_studio/Melodica-Integration-into-Fife-Core/Learn_Bluespec_and_RISCV_Design/Code/Build/Fife/verilog/mkQuire.v:2982$932: $auto$alumacc.cc:485:replace_alu$4143
  creating $alu cell for $flatten\quire.$add$/teamspace/studios/this_studio/Melodica-Integration-into-Fife-Core/Learn_Bluespec_and_RISCV_Design/Code/Build/Fife/verilog/mkQuire.v:3001$934: $auto$alumacc.cc:485:replace_alu$4146
  creating $alu cell for $flatten\quire.\seg_adder_vff_in_2.$add$/teamspace/studios/this_studio/Melodica-Integration-into-Fife-Core/bsc/lib/Verilog/SizedFIFO.v:75$1470: $auto$alumacc.cc:485:replace_alu$4149
  creating $alu cell for $flatten\quire.\seg_adder_vff_in_9.$add$/teamspace/studios/this_studio/Melodica-Integration-into-Fife-Core/bsc/lib/Verilog/SizedFIFO.v:76$1471: $auto$alumacc.cc:485:replace_alu$4152
  creating $alu cell for $flatten\quire.\seg_adder_vff_in_9.$add$/teamspace/studios/this_studio/Melodica-Integration-into-Fife-Core/bsc/lib/Verilog/SizedFIFO.v:75$1470: $auto$alumacc.cc:485:replace_alu$4155
  creating $alu cell for $flatten\quire.\seg_adder_vff_in_8.$add$/teamspace/studios/this_studio/Melodica-Integration-into-Fife-Core/bsc/lib/Verilog/SizedFIFO.v:76$1471: $auto$alumacc.cc:485:replace_alu$4158
  creating $alu cell for $flatten\quire.\seg_adder_vff_in_8.$add$/teamspace/studios/this_studio/Melodica-Integration-into-Fife-Core/bsc/lib/Verilog/SizedFIFO.v:75$1470: $auto$alumacc.cc:485:replace_alu$4161
  creating $alu cell for $flatten\quire.\seg_adder_vff_in_7.$add$/teamspace/studios/this_studio/Melodica-Integration-into-Fife-Core/bsc/lib/Verilog/SizedFIFO.v:76$1471: $auto$alumacc.cc:485:replace_alu$4164
  creating $alu cell for $flatten\quire.\seg_adder_vff_in_7.$add$/teamspace/studios/this_studio/Melodica-Integration-into-Fife-Core/bsc/lib/Verilog/SizedFIFO.v:75$1470: $auto$alumacc.cc:485:replace_alu$4167
  creating $alu cell for $flatten\quire.\seg_adder_vff_in_6.$add$/teamspace/studios/this_studio/Melodica-Integration-into-Fife-Core/bsc/lib/Verilog/SizedFIFO.v:76$1471: $auto$alumacc.cc:485:replace_alu$4170
  creating $alu cell for $flatten\quire.\seg_adder_vff_in_6.$add$/teamspace/studios/this_studio/Melodica-Integration-into-Fife-Core/bsc/lib/Verilog/SizedFIFO.v:75$1470: $auto$alumacc.cc:485:replace_alu$4173
  creating $alu cell for $flatten\quire.\seg_adder_vff_in_5.$add$/teamspace/studios/this_studio/Melodica-Integration-into-Fife-Core/bsc/lib/Verilog/SizedFIFO.v:76$1471: $auto$alumacc.cc:485:replace_alu$4176
  creating $alu cell for $flatten\quire.\seg_adder_vff_in_5.$add$/teamspace/studios/this_studio/Melodica-Integration-into-Fife-Core/bsc/lib/Verilog/SizedFIFO.v:75$1470: $auto$alumacc.cc:485:replace_alu$4179
  creating $alu cell for $flatten\quire.\seg_adder_vff_in_4.$add$/teamspace/studios/this_studio/Melodica-Integration-into-Fife-Core/bsc/lib/Verilog/SizedFIFO.v:76$1471: $auto$alumacc.cc:485:replace_alu$4182
  creating $alu cell for $flatten\quire.\seg_adder_vff_in_4.$add$/teamspace/studios/this_studio/Melodica-Integration-into-Fife-Core/bsc/lib/Verilog/SizedFIFO.v:75$1470: $auto$alumacc.cc:485:replace_alu$4185
  creating $alu cell for $flatten\quire.\seg_adder_vff_in_3.$add$/teamspace/studios/this_studio/Melodica-Integration-into-Fife-Core/bsc/lib/Verilog/SizedFIFO.v:76$1471: $auto$alumacc.cc:485:replace_alu$4188
  creating $alu cell for $flatten\quire.\seg_adder_vff_in_3.$add$/teamspace/studios/this_studio/Melodica-Integration-into-Fife-Core/bsc/lib/Verilog/SizedFIFO.v:75$1470: $auto$alumacc.cc:485:replace_alu$4191
  creating $alu cell for $flatten\quire.\seg_adder_vff_in_2.$add$/teamspace/studios/this_studio/Melodica-Integration-into-Fife-Core/bsc/lib/Verilog/SizedFIFO.v:76$1471: $auto$alumacc.cc:485:replace_alu$4194
  creating $alu cell for $flatten\quire.$neg$/teamspace/studios/this_studio/Melodica-Integration-into-Fife-Core/Learn_Bluespec_and_RISCV_Design/Code/Build/Fife/verilog/mkQuire.v:3225$1008: $auto$alumacc.cc:485:replace_alu$4197
  creating $alu cell for $flatten\quire.$sub$/teamspace/studios/this_studio/Melodica-Integration-into-Fife-Core/Learn_Bluespec_and_RISCV_Design/Code/Build/Fife/verilog/mkQuire.v:1492$325: $auto$alumacc.cc:485:replace_alu$4200
  creating $alu cell for $flatten\quire.$sub$/teamspace/studios/this_studio/Melodica-Integration-into-Fife-Core/Learn_Bluespec_and_RISCV_Design/Code/Build/Fife/verilog/mkQuire.v:2930$915: $auto$alumacc.cc:485:replace_alu$4203
  creating $alu cell for $flatten\quire.\instance_fn_twosC_quire_0.$add$/teamspace/studios/this_studio/Melodica-Integration-into-Fife-Core/Learn_Bluespec_and_RISCV_Design/Code/Build/Fife/verilog/module_fn_twosC_quire.v:100$96: $auto$alumacc.cc:485:replace_alu$4206
  creating $alu cell for $flatten\quire.\instance_fn_twosC_quire_0.$add$/teamspace/studios/this_studio/Melodica-Integration-into-Fife-Core/Learn_Bluespec_and_RISCV_Design/Code/Build/Fife/verilog/module_fn_twosC_quire.v:107$102: $auto$alumacc.cc:485:replace_alu$4209
  creating $alu cell for $flatten\quire.\instance_fn_twosC_quire_0.$add$/teamspace/studios/this_studio/Melodica-Integration-into-Fife-Core/Learn_Bluespec_and_RISCV_Design/Code/Build/Fife/verilog/module_fn_twosC_quire.v:114$108: $auto$alumacc.cc:485:replace_alu$4212
  creating $alu cell for $flatten\quire.\instance_fn_twosC_quire_0.$add$/teamspace/studios/this_studio/Melodica-Integration-into-Fife-Core/Learn_Bluespec_and_RISCV_Design/Code/Build/Fife/verilog/module_fn_twosC_quire.v:121$114: $auto$alumacc.cc:485:replace_alu$4215
  creating $alu cell for $flatten\quire.\instance_fn_twosC_quire_0.$add$/teamspace/studios/this_studio/Melodica-Integration-into-Fife-Core/Learn_Bluespec_and_RISCV_Design/Code/Build/Fife/verilog/module_fn_twosC_quire.v:135$126: $auto$alumacc.cc:485:replace_alu$4218
  creating $alu cell for $flatten\quire.\instance_fn_twosC_quire_0.$add$/teamspace/studios/this_studio/Melodica-Integration-into-Fife-Core/Learn_Bluespec_and_RISCV_Design/Code/Build/Fife/verilog/module_fn_twosC_quire.v:142$132: $auto$alumacc.cc:485:replace_alu$4221
  creating $alu cell for $flatten\quire.\instance_fn_twosC_quire_0.$add$/teamspace/studios/this_studio/Melodica-Integration-into-Fife-Core/Learn_Bluespec_and_RISCV_Design/Code/Build/Fife/verilog/module_fn_twosC_quire.v:149$138: $auto$alumacc.cc:485:replace_alu$4224
  creating $alu cell for $flatten\quire.\instance_fn_twosC_quire_0.$add$/teamspace/studios/this_studio/Melodica-Integration-into-Fife-Core/Learn_Bluespec_and_RISCV_Design/Code/Build/Fife/verilog/module_fn_twosC_quire.v:156$144: $auto$alumacc.cc:485:replace_alu$4227
  creating $alu cell for $flatten\quire.\instance_fn_twosC_quire_0.$add$/teamspace/studios/this_studio/Melodica-Integration-into-Fife-Core/Learn_Bluespec_and_RISCV_Design/Code/Build/Fife/verilog/module_fn_twosC_quire.v:163$150: $auto$alumacc.cc:485:replace_alu$4230
  creating $alu cell for $flatten\quire.\instance_fn_twosC_quire_0.$add$/teamspace/studios/this_studio/Melodica-Integration-into-Fife-Core/Learn_Bluespec_and_RISCV_Design/Code/Build/Fife/verilog/module_fn_twosC_quire.v:170$156: $auto$alumacc.cc:485:replace_alu$4233
  creating $alu cell for $flatten\quire.\instance_fn_twosC_quire_0.$add$/teamspace/studios/this_studio/Melodica-Integration-into-Fife-Core/Learn_Bluespec_and_RISCV_Design/Code/Build/Fife/verilog/module_fn_twosC_quire.v:177$162: $auto$alumacc.cc:485:replace_alu$4236
  creating $alu cell for $flatten\quire.\instance_fn_twosC_quire_0.$add$/teamspace/studios/this_studio/Melodica-Integration-into-Fife-Core/Learn_Bluespec_and_RISCV_Design/Code/Build/Fife/verilog/module_fn_twosC_quire.v:184$168: $auto$alumacc.cc:485:replace_alu$4239
  creating $alu cell for $flatten\quire.\instance_fn_twosC_quire_0.$add$/teamspace/studios/this_studio/Melodica-Integration-into-Fife-Core/Learn_Bluespec_and_RISCV_Design/Code/Build/Fife/verilog/module_fn_twosC_quire.v:191$174: $auto$alumacc.cc:485:replace_alu$4242
  creating $alu cell for $flatten\quire.\instance_fn_twosC_quire_0.$add$/teamspace/studios/this_studio/Melodica-Integration-into-Fife-Core/Learn_Bluespec_and_RISCV_Design/Code/Build/Fife/verilog/module_fn_twosC_quire.v:194$177: $auto$alumacc.cc:485:replace_alu$4245
  creating $alu cell for $flatten\quire.\instance_fn_twosC_quire_0.$add$/teamspace/studios/this_studio/Melodica-Integration-into-Fife-Core/Learn_Bluespec_and_RISCV_Design/Code/Build/Fife/verilog/module_fn_twosC_quire.v:86$84: $auto$alumacc.cc:485:replace_alu$4248
  creating $alu cell for $flatten\quire.\instance_fn_twosC_quire_0.$add$/teamspace/studios/this_studio/Melodica-Integration-into-Fife-Core/Learn_Bluespec_and_RISCV_Design/Code/Build/Fife/verilog/module_fn_twosC_quire.v:93$90: $auto$alumacc.cc:485:replace_alu$4251
  creating $alu cell for $flatten\quire.\instance_fn_twosC_quire_1.$add$/teamspace/studios/this_studio/Melodica-Integration-into-Fife-Core/Learn_Bluespec_and_RISCV_Design/Code/Build/Fife/verilog/module_fn_twosC_quire.v:100$96: $auto$alumacc.cc:485:replace_alu$4254
  creating $alu cell for $flatten\quire.\instance_fn_twosC_quire_1.$add$/teamspace/studios/this_studio/Melodica-Integration-into-Fife-Core/Learn_Bluespec_and_RISCV_Design/Code/Build/Fife/verilog/module_fn_twosC_quire.v:107$102: $auto$alumacc.cc:485:replace_alu$4257
  creating $alu cell for $flatten\quire.\instance_fn_twosC_quire_1.$add$/teamspace/studios/this_studio/Melodica-Integration-into-Fife-Core/Learn_Bluespec_and_RISCV_Design/Code/Build/Fife/verilog/module_fn_twosC_quire.v:114$108: $auto$alumacc.cc:485:replace_alu$4260
  creating $alu cell for $flatten\quire.\instance_fn_twosC_quire_1.$add$/teamspace/studios/this_studio/Melodica-Integration-into-Fife-Core/Learn_Bluespec_and_RISCV_Design/Code/Build/Fife/verilog/module_fn_twosC_quire.v:121$114: $auto$alumacc.cc:485:replace_alu$4263
  creating $alu cell for $flatten\quire.\instance_fn_twosC_quire_1.$add$/teamspace/studios/this_studio/Melodica-Integration-into-Fife-Core/Learn_Bluespec_and_RISCV_Design/Code/Build/Fife/verilog/module_fn_twosC_quire.v:128$120: $auto$alumacc.cc:485:replace_alu$4266
  creating $alu cell for $flatten\quire.\instance_fn_twosC_quire_1.$add$/teamspace/studios/this_studio/Melodica-Integration-into-Fife-Core/Learn_Bluespec_and_RISCV_Design/Code/Build/Fife/verilog/module_fn_twosC_quire.v:135$126: $auto$alumacc.cc:485:replace_alu$4269
  creating $alu cell for $flatten\quire.\instance_fn_twosC_quire_1.$add$/teamspace/studios/this_studio/Melodica-Integration-into-Fife-Core/Learn_Bluespec_and_RISCV_Design/Code/Build/Fife/verilog/module_fn_twosC_quire.v:142$132: $auto$alumacc.cc:485:replace_alu$4272
  creating $alu cell for $flatten\quire.\instance_fn_twosC_quire_1.$add$/teamspace/studios/this_studio/Melodica-Integration-into-Fife-Core/Learn_Bluespec_and_RISCV_Design/Code/Build/Fife/verilog/module_fn_twosC_quire.v:149$138: $auto$alumacc.cc:485:replace_alu$4275
  creating $alu cell for $flatten\quire.\instance_fn_twosC_quire_1.$add$/teamspace/studios/this_studio/Melodica-Integration-into-Fife-Core/Learn_Bluespec_and_RISCV_Design/Code/Build/Fife/verilog/module_fn_twosC_quire.v:156$144: $auto$alumacc.cc:485:replace_alu$4278
  creating $alu cell for $flatten\quire.\instance_fn_twosC_quire_1.$add$/teamspace/studios/this_studio/Melodica-Integration-into-Fife-Core/Learn_Bluespec_and_RISCV_Design/Code/Build/Fife/verilog/module_fn_twosC_quire.v:163$150: $auto$alumacc.cc:485:replace_alu$4281
  creating $alu cell for $flatten\quire.\instance_fn_twosC_quire_1.$add$/teamspace/studios/this_studio/Melodica-Integration-into-Fife-Core/Learn_Bluespec_and_RISCV_Design/Code/Build/Fife/verilog/module_fn_twosC_quire.v:170$156: $auto$alumacc.cc:485:replace_alu$4284
  creating $alu cell for $flatten\quire.\instance_fn_twosC_quire_1.$add$/teamspace/studios/this_studio/Melodica-Integration-into-Fife-Core/Learn_Bluespec_and_RISCV_Design/Code/Build/Fife/verilog/module_fn_twosC_quire.v:177$162: $auto$alumacc.cc:485:replace_alu$4287
  creating $alu cell for $flatten\quire.\instance_fn_twosC_quire_1.$add$/teamspace/studios/this_studio/Melodica-Integration-into-Fife-Core/Learn_Bluespec_and_RISCV_Design/Code/Build/Fife/verilog/module_fn_twosC_quire.v:184$168: $auto$alumacc.cc:485:replace_alu$4290
  creating $alu cell for $flatten\quire.\instance_fn_twosC_quire_1.$add$/teamspace/studios/this_studio/Melodica-Integration-into-Fife-Core/Learn_Bluespec_and_RISCV_Design/Code/Build/Fife/verilog/module_fn_twosC_quire.v:191$174: $auto$alumacc.cc:485:replace_alu$4293
  creating $alu cell for $flatten\quire.\instance_fn_twosC_quire_1.$add$/teamspace/studios/this_studio/Melodica-Integration-into-Fife-Core/Learn_Bluespec_and_RISCV_Design/Code/Build/Fife/verilog/module_fn_twosC_quire.v:194$177: $auto$alumacc.cc:485:replace_alu$4296
  creating $alu cell for $flatten\quire.\instance_fn_twosC_quire_1.$add$/teamspace/studios/this_studio/Melodica-Integration-into-Fife-Core/Learn_Bluespec_and_RISCV_Design/Code/Build/Fife/verilog/module_fn_twosC_quire.v:86$84: $auto$alumacc.cc:485:replace_alu$4299
  creating $alu cell for $flatten\quire.\instance_fn_twosC_quire_1.$add$/teamspace/studios/this_studio/Melodica-Integration-into-Fife-Core/Learn_Bluespec_and_RISCV_Design/Code/Build/Fife/verilog/module_fn_twosC_quire.v:93$90: $auto$alumacc.cc:485:replace_alu$4302
  creating $alu cell for $flatten\quire.\instance_fn_twosC_quire_2.$add$/teamspace/studios/this_studio/Melodica-Integration-into-Fife-Core/Learn_Bluespec_and_RISCV_Design/Code/Build/Fife/verilog/module_fn_twosC_quire.v:100$96: $auto$alumacc.cc:485:replace_alu$4305
  creating $alu cell for $flatten\quire.\instance_fn_twosC_quire_2.$add$/teamspace/studios/this_studio/Melodica-Integration-into-Fife-Core/Learn_Bluespec_and_RISCV_Design/Code/Build/Fife/verilog/module_fn_twosC_quire.v:107$102: $auto$alumacc.cc:485:replace_alu$4308
  creating $alu cell for $flatten\quire.\instance_fn_twosC_quire_2.$add$/teamspace/studios/this_studio/Melodica-Integration-into-Fife-Core/Learn_Bluespec_and_RISCV_Design/Code/Build/Fife/verilog/module_fn_twosC_quire.v:114$108: $auto$alumacc.cc:485:replace_alu$4311
  creating $alu cell for $flatten\quire.\instance_fn_twosC_quire_2.$add$/teamspace/studios/this_studio/Melodica-Integration-into-Fife-Core/Learn_Bluespec_and_RISCV_Design/Code/Build/Fife/verilog/module_fn_twosC_quire.v:121$114: $auto$alumacc.cc:485:replace_alu$4314
  creating $alu cell for $flatten\quire.\instance_fn_twosC_quire_2.$add$/teamspace/studios/this_studio/Melodica-Integration-into-Fife-Core/Learn_Bluespec_and_RISCV_Design/Code/Build/Fife/verilog/module_fn_twosC_quire.v:135$126: $auto$alumacc.cc:485:replace_alu$4317
  creating $alu cell for $flatten\quire.\instance_fn_twosC_quire_2.$add$/teamspace/studios/this_studio/Melodica-Integration-into-Fife-Core/Learn_Bluespec_and_RISCV_Design/Code/Build/Fife/verilog/module_fn_twosC_quire.v:142$132: $auto$alumacc.cc:485:replace_alu$4320
  creating $alu cell for $flatten\quire.\instance_fn_twosC_quire_2.$add$/teamspace/studios/this_studio/Melodica-Integration-into-Fife-Core/Learn_Bluespec_and_RISCV_Design/Code/Build/Fife/verilog/module_fn_twosC_quire.v:149$138: $auto$alumacc.cc:485:replace_alu$4323
  creating $alu cell for $flatten\quire.\instance_fn_twosC_quire_2.$add$/teamspace/studios/this_studio/Melodica-Integration-into-Fife-Core/Learn_Bluespec_and_RISCV_Design/Code/Build/Fife/verilog/module_fn_twosC_quire.v:156$144: $auto$alumacc.cc:485:replace_alu$4326
  creating $alu cell for $flatten\quire.\instance_fn_twosC_quire_2.$add$/teamspace/studios/this_studio/Melodica-Integration-into-Fife-Core/Learn_Bluespec_and_RISCV_Design/Code/Build/Fife/verilog/module_fn_twosC_quire.v:163$150: $auto$alumacc.cc:485:replace_alu$4329
  creating $alu cell for $flatten\quire.\instance_fn_twosC_quire_2.$add$/teamspace/studios/this_studio/Melodica-Integration-into-Fife-Core/Learn_Bluespec_and_RISCV_Design/Code/Build/Fife/verilog/module_fn_twosC_quire.v:170$156: $auto$alumacc.cc:485:replace_alu$4332
  creating $alu cell for $flatten\quire.\instance_fn_twosC_quire_2.$add$/teamspace/studios/this_studio/Melodica-Integration-into-Fife-Core/Learn_Bluespec_and_RISCV_Design/Code/Build/Fife/verilog/module_fn_twosC_quire.v:177$162: $auto$alumacc.cc:485:replace_alu$4335
  creating $alu cell for $flatten\quire.\instance_fn_twosC_quire_2.$add$/teamspace/studios/this_studio/Melodica-Integration-into-Fife-Core/Learn_Bluespec_and_RISCV_Design/Code/Build/Fife/verilog/module_fn_twosC_quire.v:184$168: $auto$alumacc.cc:485:replace_alu$4338
  creating $alu cell for $flatten\quire.\instance_fn_twosC_quire_2.$add$/teamspace/studios/this_studio/Melodica-Integration-into-Fife-Core/Learn_Bluespec_and_RISCV_Design/Code/Build/Fife/verilog/module_fn_twosC_quire.v:191$174: $auto$alumacc.cc:485:replace_alu$4341
  creating $alu cell for $flatten\quire.\instance_fn_twosC_quire_2.$add$/teamspace/studios/this_studio/Melodica-Integration-into-Fife-Core/Learn_Bluespec_and_RISCV_Design/Code/Build/Fife/verilog/module_fn_twosC_quire.v:194$177: $auto$alumacc.cc:485:replace_alu$4344
  creating $alu cell for $flatten\quire.\instance_fn_twosC_quire_2.$add$/teamspace/studios/this_studio/Melodica-Integration-into-Fife-Core/Learn_Bluespec_and_RISCV_Design/Code/Build/Fife/verilog/module_fn_twosC_quire.v:86$84: $auto$alumacc.cc:485:replace_alu$4347
  creating $alu cell for $flatten\quire.\instance_fn_twosC_quire_2.$add$/teamspace/studios/this_studio/Melodica-Integration-into-Fife-Core/Learn_Bluespec_and_RISCV_Design/Code/Build/Fife/verilog/module_fn_twosC_quire.v:93$90: $auto$alumacc.cc:485:replace_alu$4350
  creating $alu cell for $flatten\quire.\seg_adder_vff_carry_0.$add$/teamspace/studios/this_studio/Melodica-Integration-into-Fife-Core/bsc/lib/Verilog/SizedFIFO.v:75$1501: $auto$alumacc.cc:485:replace_alu$4353
  creating $alu cell for $flatten\quire.\seg_adder_vff_carry_0.$add$/teamspace/studios/this_studio/Melodica-Integration-into-Fife-Core/bsc/lib/Verilog/SizedFIFO.v:76$1502: $auto$alumacc.cc:485:replace_alu$4356
  creating $alu cell for $flatten\quire.\seg_adder_vff_carry_1.$add$/teamspace/studios/this_studio/Melodica-Integration-into-Fife-Core/bsc/lib/Verilog/SizedFIFO.v:75$1501: $auto$alumacc.cc:485:replace_alu$4359
  creating $alu cell for $flatten\quire.\seg_adder_vff_carry_1.$add$/teamspace/studios/this_studio/Melodica-Integration-into-Fife-Core/bsc/lib/Verilog/SizedFIFO.v:76$1502: $auto$alumacc.cc:485:replace_alu$4362
  creating $alu cell for $flatten\quire.\seg_adder_vff_carry_10.$add$/teamspace/studios/this_studio/Melodica-Integration-into-Fife-Core/bsc/lib/Verilog/SizedFIFO.v:75$1501: $auto$alumacc.cc:485:replace_alu$4365
  creating $alu cell for $flatten\quire.\seg_adder_vff_carry_10.$add$/teamspace/studios/this_studio/Melodica-Integration-into-Fife-Core/bsc/lib/Verilog/SizedFIFO.v:76$1502: $auto$alumacc.cc:485:replace_alu$4368
  creating $alu cell for $flatten\quire.\seg_adder_vff_carry_11.$add$/teamspace/studios/this_studio/Melodica-Integration-into-Fife-Core/bsc/lib/Verilog/SizedFIFO.v:75$1501: $auto$alumacc.cc:485:replace_alu$4371
  creating $alu cell for $flatten\quire.\seg_adder_vff_carry_11.$add$/teamspace/studios/this_studio/Melodica-Integration-into-Fife-Core/bsc/lib/Verilog/SizedFIFO.v:76$1502: $auto$alumacc.cc:485:replace_alu$4374
  creating $alu cell for $flatten\quire.\seg_adder_vff_carry_12.$add$/teamspace/studios/this_studio/Melodica-Integration-into-Fife-Core/bsc/lib/Verilog/SizedFIFO.v:75$1501: $auto$alumacc.cc:485:replace_alu$4377
  creating $alu cell for $flatten\quire.\seg_adder_vff_carry_12.$add$/teamspace/studios/this_studio/Melodica-Integration-into-Fife-Core/bsc/lib/Verilog/SizedFIFO.v:76$1502: $auto$alumacc.cc:485:replace_alu$4380
  creating $alu cell for $flatten\quire.\seg_adder_vff_carry_13.$add$/teamspace/studios/this_studio/Melodica-Integration-into-Fife-Core/bsc/lib/Verilog/SizedFIFO.v:75$1501: $auto$alumacc.cc:485:replace_alu$4383
  creating $alu cell for $flatten\quire.\seg_adder_vff_carry_13.$add$/teamspace/studios/this_studio/Melodica-Integration-into-Fife-Core/bsc/lib/Verilog/SizedFIFO.v:76$1502: $auto$alumacc.cc:485:replace_alu$4386
  creating $alu cell for $flatten\quire.\seg_adder_vff_carry_14.$add$/teamspace/studios/this_studio/Melodica-Integration-into-Fife-Core/bsc/lib/Verilog/SizedFIFO.v:75$1501: $auto$alumacc.cc:485:replace_alu$4389
  creating $alu cell for $flatten\quire.\seg_adder_vff_carry_14.$add$/teamspace/studios/this_studio/Melodica-Integration-into-Fife-Core/bsc/lib/Verilog/SizedFIFO.v:76$1502: $auto$alumacc.cc:485:replace_alu$4392
  creating $alu cell for $flatten\quire.\seg_adder_vff_carry_2.$add$/teamspace/studios/this_studio/Melodica-Integration-into-Fife-Core/bsc/lib/Verilog/SizedFIFO.v:75$1501: $auto$alumacc.cc:485:replace_alu$4395
  creating $alu cell for $flatten\quire.\seg_adder_vff_carry_2.$add$/teamspace/studios/this_studio/Melodica-Integration-into-Fife-Core/bsc/lib/Verilog/SizedFIFO.v:76$1502: $auto$alumacc.cc:485:replace_alu$4398
  creating $alu cell for $flatten\quire.\seg_adder_vff_carry_3.$add$/teamspace/studios/this_studio/Melodica-Integration-into-Fife-Core/bsc/lib/Verilog/SizedFIFO.v:75$1501: $auto$alumacc.cc:485:replace_alu$4401
  creating $alu cell for $flatten\quire.\seg_adder_vff_carry_3.$add$/teamspace/studios/this_studio/Melodica-Integration-into-Fife-Core/bsc/lib/Verilog/SizedFIFO.v:76$1502: $auto$alumacc.cc:485:replace_alu$4404
  creating $alu cell for $flatten\quire.\seg_adder_vff_carry_4.$add$/teamspace/studios/this_studio/Melodica-Integration-into-Fife-Core/bsc/lib/Verilog/SizedFIFO.v:75$1501: $auto$alumacc.cc:485:replace_alu$4407
  creating $alu cell for $flatten\quire.\seg_adder_vff_carry_4.$add$/teamspace/studios/this_studio/Melodica-Integration-into-Fife-Core/bsc/lib/Verilog/SizedFIFO.v:76$1502: $auto$alumacc.cc:485:replace_alu$4410
  creating $alu cell for $flatten\quire.\seg_adder_vff_carry_5.$add$/teamspace/studios/this_studio/Melodica-Integration-into-Fife-Core/bsc/lib/Verilog/SizedFIFO.v:75$1501: $auto$alumacc.cc:485:replace_alu$4413
  creating $alu cell for $flatten\quire.\seg_adder_vff_carry_5.$add$/teamspace/studios/this_studio/Melodica-Integration-into-Fife-Core/bsc/lib/Verilog/SizedFIFO.v:76$1502: $auto$alumacc.cc:485:replace_alu$4416
  creating $alu cell for $flatten\quire.\seg_adder_vff_carry_6.$add$/teamspace/studios/this_studio/Melodica-Integration-into-Fife-Core/bsc/lib/Verilog/SizedFIFO.v:75$1501: $auto$alumacc.cc:485:replace_alu$4419
  creating $alu cell for $flatten\quire.\seg_adder_vff_carry_6.$add$/teamspace/studios/this_studio/Melodica-Integration-into-Fife-Core/bsc/lib/Verilog/SizedFIFO.v:76$1502: $auto$alumacc.cc:485:replace_alu$4422
  creating $alu cell for $flatten\quire.\seg_adder_vff_carry_7.$add$/teamspace/studios/this_studio/Melodica-Integration-into-Fife-Core/bsc/lib/Verilog/SizedFIFO.v:75$1501: $auto$alumacc.cc:485:replace_alu$4425
  creating $alu cell for $flatten\quire.\seg_adder_vff_carry_7.$add$/teamspace/studios/this_studio/Melodica-Integration-into-Fife-Core/bsc/lib/Verilog/SizedFIFO.v:76$1502: $auto$alumacc.cc:485:replace_alu$4428
  creating $alu cell for $flatten\quire.\seg_adder_vff_carry_8.$add$/teamspace/studios/this_studio/Melodica-Integration-into-Fife-Core/bsc/lib/Verilog/SizedFIFO.v:75$1501: $auto$alumacc.cc:485:replace_alu$4431
  creating $alu cell for $flatten\quire.\seg_adder_vff_carry_8.$add$/teamspace/studios/this_studio/Melodica-Integration-into-Fife-Core/bsc/lib/Verilog/SizedFIFO.v:76$1502: $auto$alumacc.cc:485:replace_alu$4434
  creating $alu cell for $flatten\quire.\seg_adder_vff_carry_9.$add$/teamspace/studios/this_studio/Melodica-Integration-into-Fife-Core/bsc/lib/Verilog/SizedFIFO.v:75$1501: $auto$alumacc.cc:485:replace_alu$4437
  creating $alu cell for $flatten\quire.\seg_adder_vff_carry_9.$add$/teamspace/studios/this_studio/Melodica-Integration-into-Fife-Core/bsc/lib/Verilog/SizedFIFO.v:76$1502: $auto$alumacc.cc:485:replace_alu$4440
  creating $alu cell for $flatten\quire.\seg_adder_vff_in_0.$add$/teamspace/studios/this_studio/Melodica-Integration-into-Fife-Core/bsc/lib/Verilog/SizedFIFO.v:75$1470: $auto$alumacc.cc:485:replace_alu$4443
  creating $alu cell for $flatten\quire.\seg_adder_vff_in_0.$add$/teamspace/studios/this_studio/Melodica-Integration-into-Fife-Core/bsc/lib/Verilog/SizedFIFO.v:76$1471: $auto$alumacc.cc:485:replace_alu$4446
  creating $alu cell for $flatten\quire.\seg_adder_vff_in_1.$add$/teamspace/studios/this_studio/Melodica-Integration-into-Fife-Core/bsc/lib/Verilog/SizedFIFO.v:75$1470: $auto$alumacc.cc:485:replace_alu$4449
  creating $alu cell for $flatten\quire.\seg_adder_vff_in_1.$add$/teamspace/studios/this_studio/Melodica-Integration-into-Fife-Core/bsc/lib/Verilog/SizedFIFO.v:76$1471: $auto$alumacc.cc:485:replace_alu$4452
  creating $alu cell for $flatten\quire.\seg_adder_vff_in_10.$add$/teamspace/studios/this_studio/Melodica-Integration-into-Fife-Core/bsc/lib/Verilog/SizedFIFO.v:75$1470: $auto$alumacc.cc:485:replace_alu$4455
  creating $alu cell for $flatten\quire.\seg_adder_vff_in_10.$add$/teamspace/studios/this_studio/Melodica-Integration-into-Fife-Core/bsc/lib/Verilog/SizedFIFO.v:76$1471: $auto$alumacc.cc:485:replace_alu$4458
  creating $alu cell for $flatten\quire.\seg_adder_vff_in_11.$add$/teamspace/studios/this_studio/Melodica-Integration-into-Fife-Core/bsc/lib/Verilog/SizedFIFO.v:75$1470: $auto$alumacc.cc:485:replace_alu$4461
  creating $alu cell for $flatten\quire.\seg_adder_vff_in_11.$add$/teamspace/studios/this_studio/Melodica-Integration-into-Fife-Core/bsc/lib/Verilog/SizedFIFO.v:76$1471: $auto$alumacc.cc:485:replace_alu$4464
  creating $alu cell for $flatten\quire.\seg_adder_vff_in_12.$add$/teamspace/studios/this_studio/Melodica-Integration-into-Fife-Core/bsc/lib/Verilog/SizedFIFO.v:75$1470: $auto$alumacc.cc:485:replace_alu$4467
  creating $alu cell for $flatten\quire.\seg_adder_vff_in_12.$add$/teamspace/studios/this_studio/Melodica-Integration-into-Fife-Core/bsc/lib/Verilog/SizedFIFO.v:76$1471: $auto$alumacc.cc:485:replace_alu$4470
  creating $alu cell for $flatten\quire.\seg_adder_vff_in_13.$add$/teamspace/studios/this_studio/Melodica-Integration-into-Fife-Core/bsc/lib/Verilog/SizedFIFO.v:75$1470: $auto$alumacc.cc:485:replace_alu$4473
  creating $alu cell for $flatten\quire.\seg_adder_vff_in_13.$add$/teamspace/studios/this_studio/Melodica-Integration-into-Fife-Core/bsc/lib/Verilog/SizedFIFO.v:76$1471: $auto$alumacc.cc:485:replace_alu$4476
  creating $alu cell for $flatten\quire.\seg_adder_vff_in_14.$add$/teamspace/studios/this_studio/Melodica-Integration-into-Fife-Core/bsc/lib/Verilog/SizedFIFO.v:75$1470: $auto$alumacc.cc:485:replace_alu$4479
  creating $alu cell for $flatten\quire.\seg_adder_vff_in_14.$add$/teamspace/studios/this_studio/Melodica-Integration-into-Fife-Core/bsc/lib/Verilog/SizedFIFO.v:76$1471: $auto$alumacc.cc:485:replace_alu$4482
  creating $alu cell for $flatten\quire.\seg_adder_vff_in_15.$add$/teamspace/studios/this_studio/Melodica-Integration-into-Fife-Core/bsc/lib/Verilog/SizedFIFO.v:75$1470: $auto$alumacc.cc:485:replace_alu$4485
  creating $alu cell for $flatten\quire.\seg_adder_vff_in_15.$add$/teamspace/studios/this_studio/Melodica-Integration-into-Fife-Core/bsc/lib/Verilog/SizedFIFO.v:76$1471: $auto$alumacc.cc:485:replace_alu$4488
  created 183 $alu and 3 $macc cells.

14.14. Executing SHARE pass (SAT-based resource sharing).
Found 42 cells in module mkPositCore that may be considered for resource sharing.
  Analyzing resource sharing options for $flatten\quire.\seg_adder_vff_in_9.$memrd$\arr$/teamspace/studios/this_studio/Melodica-Integration-into-Fife-Core/bsc/lib/Verilog/SizedFIFO.v:179$1482 ($memrd):
    Found 1 activation_patterns using ctrl signal $auto$opt_reduce.cc:134:opt_pmux$2703.
    No candidates found.
  Analyzing resource sharing options for $flatten\quire.\seg_adder_vff_in_8.$memrd$\arr$/teamspace/studios/this_studio/Melodica-Integration-into-Fife-Core/bsc/lib/Verilog/SizedFIFO.v:179$1482 ($memrd):
    Found 1 activation_patterns using ctrl signal $auto$opt_reduce.cc:134:opt_pmux$2697.
    No candidates found.
  Analyzing resource sharing options for $flatten\quire.\seg_adder_vff_in_7.$memrd$\arr$/teamspace/studios/this_studio/Melodica-Integration-into-Fife-Core/bsc/lib/Verilog/SizedFIFO.v:179$1482 ($memrd):
    Found 1 activation_patterns using ctrl signal $auto$opt_reduce.cc:134:opt_pmux$2691.
    No candidates found.
  Analyzing resource sharing options for $flatten\quire.\seg_adder_vff_in_6.$memrd$\arr$/teamspace/studios/this_studio/Melodica-Integration-into-Fife-Core/bsc/lib/Verilog/SizedFIFO.v:179$1482 ($memrd):
    Found 1 activation_patterns using ctrl signal $auto$opt_reduce.cc:134:opt_pmux$2685.
    No candidates found.
  Analyzing resource sharing options for $flatten\quire.\seg_adder_vff_in_5.$memrd$\arr$/teamspace/studios/this_studio/Melodica-Integration-into-Fife-Core/bsc/lib/Verilog/SizedFIFO.v:179$1482 ($memrd):
    Found 1 activation_patterns using ctrl signal $auto$opt_reduce.cc:134:opt_pmux$2679.
    No candidates found.
  Analyzing resource sharing options for $flatten\quire.\seg_adder_vff_in_4.$memrd$\arr$/teamspace/studios/this_studio/Melodica-Integration-into-Fife-Core/bsc/lib/Verilog/SizedFIFO.v:179$1482 ($memrd):
    Found 1 activation_patterns using ctrl signal $auto$opt_reduce.cc:134:opt_pmux$2673.
    No candidates found.
  Analyzing resource sharing options for $flatten\quire.\seg_adder_vff_in_3.$memrd$\arr$/teamspace/studios/this_studio/Melodica-Integration-into-Fife-Core/bsc/lib/Verilog/SizedFIFO.v:179$1482 ($memrd):
    Found 1 activation_patterns using ctrl signal $auto$opt_reduce.cc:134:opt_pmux$2667.
    No candidates found.
  Analyzing resource sharing options for $flatten\quire.\seg_adder_vff_in_2.$memrd$\arr$/teamspace/studios/this_studio/Melodica-Integration-into-Fife-Core/bsc/lib/Verilog/SizedFIFO.v:179$1482 ($memrd):
    Found 1 activation_patterns using ctrl signal $auto$opt_reduce.cc:134:opt_pmux$2661.
    No candidates found.
  Analyzing resource sharing options for $flatten\quire.\seg_adder_vff_in_15.$memrd$\arr$/teamspace/studios/this_studio/Melodica-Integration-into-Fife-Core/bsc/lib/Verilog/SizedFIFO.v:179$1482 ($memrd):
    Found 1 activation_patterns using ctrl signal $auto$opt_reduce.cc:134:opt_pmux$2655.
    No candidates found.
  Analyzing resource sharing options for $flatten\quire.\seg_adder_vff_in_14.$memrd$\arr$/teamspace/studios/this_studio/Melodica-Integration-into-Fife-Core/bsc/lib/Verilog/SizedFIFO.v:179$1482 ($memrd):
    Found 1 activation_patterns using ctrl signal $auto$opt_reduce.cc:134:opt_pmux$2649.
    No candidates found.
  Analyzing resource sharing options for $flatten\quire.\seg_adder_vff_in_13.$memrd$\arr$/teamspace/studios/this_studio/Melodica-Integration-into-Fife-Core/bsc/lib/Verilog/SizedFIFO.v:179$1482 ($memrd):
    Found 1 activation_patterns using ctrl signal $auto$opt_reduce.cc:134:opt_pmux$2643.
    No candidates found.
  Analyzing resource sharing options for $flatten\quire.\seg_adder_vff_in_12.$memrd$\arr$/teamspace/studios/this_studio/Melodica-Integration-into-Fife-Core/bsc/lib/Verilog/SizedFIFO.v:179$1482 ($memrd):
    Found 1 activation_patterns using ctrl signal $auto$opt_reduce.cc:134:opt_pmux$2637.
    No candidates found.
  Analyzing resource sharing options for $flatten\quire.\seg_adder_vff_in_11.$memrd$\arr$/teamspace/studios/this_studio/Melodica-Integration-into-Fife-Core/bsc/lib/Verilog/SizedFIFO.v:179$1482 ($memrd):
    Found 1 activation_patterns using ctrl signal $auto$opt_reduce.cc:134:opt_pmux$2631.
    No candidates found.
  Analyzing resource sharing options for $flatten\quire.\seg_adder_vff_in_10.$memrd$\arr$/teamspace/studios/this_studio/Melodica-Integration-into-Fife-Core/bsc/lib/Verilog/SizedFIFO.v:179$1482 ($memrd):
    Found 1 activation_patterns using ctrl signal $auto$opt_reduce.cc:134:opt_pmux$2625.
    No candidates found.
  Analyzing resource sharing options for $flatten\quire.\seg_adder_vff_in_1.$memrd$\arr$/teamspace/studios/this_studio/Melodica-Integration-into-Fife-Core/bsc/lib/Verilog/SizedFIFO.v:179$1482 ($memrd):
    Found 1 activation_patterns using ctrl signal $auto$opt_reduce.cc:134:opt_pmux$2619.
    No candidates found.
  Analyzing resource sharing options for $flatten\quire.\seg_adder_vff_in_0.$memrd$\arr$/teamspace/studios/this_studio/Melodica-Integration-into-Fife-Core/bsc/lib/Verilog/SizedFIFO.v:179$1482 ($memrd):
    Found 1 activation_patterns using ctrl signal $auto$opt_reduce.cc:134:opt_pmux$2613.
    No candidates found.
  Analyzing resource sharing options for $flatten\quire.\seg_adder_vff_carry_9.$memrd$\arr$/teamspace/studios/this_studio/Melodica-Integration-into-Fife-Core/bsc/lib/Verilog/SizedFIFO.v:179$1513 ($memrd):
    Found 1 activation_patterns using ctrl signal $auto$opt_reduce.cc:134:opt_pmux$2607.
    No candidates found.
  Analyzing resource sharing options for $flatten\quire.\seg_adder_vff_carry_8.$memrd$\arr$/teamspace/studios/this_studio/Melodica-Integration-into-Fife-Core/bsc/lib/Verilog/SizedFIFO.v:179$1513 ($memrd):
    Found 1 activation_patterns using ctrl signal $auto$opt_reduce.cc:134:opt_pmux$2601.
    No candidates found.
  Analyzing resource sharing options for $flatten\quire.\seg_adder_vff_carry_7.$memrd$\arr$/teamspace/studios/this_studio/Melodica-Integration-into-Fife-Core/bsc/lib/Verilog/SizedFIFO.v:179$1513 ($memrd):
    Found 1 activation_patterns using ctrl signal $auto$opt_reduce.cc:134:opt_pmux$2595.
    No candidates found.
  Analyzing resource sharing options for $flatten\quire.\seg_adder_vff_carry_6.$memrd$\arr$/teamspace/studios/this_studio/Melodica-Integration-into-Fife-Core/bsc/lib/Verilog/SizedFIFO.v:179$1513 ($memrd):
    Found 1 activation_patterns using ctrl signal $auto$opt_reduce.cc:134:opt_pmux$2589.
    No candidates found.
  Analyzing resource sharing options for $flatten\quire.\seg_adder_vff_carry_5.$memrd$\arr$/teamspace/studios/this_studio/Melodica-Integration-into-Fife-Core/bsc/lib/Verilog/SizedFIFO.v:179$1513 ($memrd):
    Found 1 activation_patterns using ctrl signal $auto$opt_reduce.cc:134:opt_pmux$2583.
    No candidates found.
  Analyzing resource sharing options for $flatten\quire.\seg_adder_vff_carry_4.$memrd$\arr$/teamspace/studios/this_studio/Melodica-Integration-into-Fife-Core/bsc/lib/Verilog/SizedFIFO.v:179$1513 ($memrd):
    Found 1 activation_patterns using ctrl signal $auto$opt_reduce.cc:134:opt_pmux$2577.
    No candidates found.
  Analyzing resource sharing options for $flatten\quire.\seg_adder_vff_carry_3.$memrd$\arr$/teamspace/studios/this_studio/Melodica-Integration-into-Fife-Core/bsc/lib/Verilog/SizedFIFO.v:179$1513 ($memrd):
    Found 1 activation_patterns using ctrl signal $auto$opt_reduce.cc:134:opt_pmux$2571.
    No candidates found.
  Analyzing resource sharing options for $flatten\quire.\seg_adder_vff_carry_2.$memrd$\arr$/teamspace/studios/this_studio/Melodica-Integration-into-Fife-Core/bsc/lib/Verilog/SizedFIFO.v:179$1513 ($memrd):
    Found 1 activation_patterns using ctrl signal $auto$opt_reduce.cc:134:opt_pmux$2565.
    No candidates found.
  Analyzing resource sharing options for $flatten\quire.\seg_adder_vff_carry_14.$memrd$\arr$/teamspace/studios/this_studio/Melodica-Integration-into-Fife-Core/bsc/lib/Verilog/SizedFIFO.v:179$1513 ($memrd):
    Found 1 activation_patterns using ctrl signal $auto$opt_reduce.cc:134:opt_pmux$2559.
    No candidates found.
  Analyzing resource sharing options for $flatten\quire.\seg_adder_vff_carry_13.$memrd$\arr$/teamspace/studios/this_studio/Melodica-Integration-into-Fife-Core/bsc/lib/Verilog/SizedFIFO.v:179$1513 ($memrd):
    Found 1 activation_patterns using ctrl signal $auto$opt_reduce.cc:134:opt_pmux$2553.
    No candidates found.
  Analyzing resource sharing options for $flatten\quire.\seg_adder_vff_carry_12.$memrd$\arr$/teamspace/studios/this_studio/Melodica-Integration-into-Fife-Core/bsc/lib/Verilog/SizedFIFO.v:179$1513 ($memrd):
    Found 1 activation_patterns using ctrl signal $auto$opt_reduce.cc:134:opt_pmux$2547.
    No candidates found.
  Analyzing resource sharing options for $flatten\quire.\seg_adder_vff_carry_11.$memrd$\arr$/teamspace/studios/this_studio/Melodica-Integration-into-Fife-Core/bsc/lib/Verilog/SizedFIFO.v:179$1513 ($memrd):
    Found 1 activation_patterns using ctrl signal $auto$opt_reduce.cc:134:opt_pmux$2541.
    No candidates found.
  Analyzing resource sharing options for $flatten\quire.\seg_adder_vff_carry_10.$memrd$\arr$/teamspace/studios/this_studio/Melodica-Integration-into-Fife-Core/bsc/lib/Verilog/SizedFIFO.v:179$1513 ($memrd):
    Found 1 activation_patterns using ctrl signal $auto$opt_reduce.cc:134:opt_pmux$2535.
    No candidates found.
  Analyzing resource sharing options for $flatten\quire.\seg_adder_vff_carry_1.$memrd$\arr$/teamspace/studios/this_studio/Melodica-Integration-into-Fife-Core/bsc/lib/Verilog/SizedFIFO.v:179$1513 ($memrd):
    Found 1 activation_patterns using ctrl signal $auto$opt_reduce.cc:134:opt_pmux$2529.
    No candidates found.
  Analyzing resource sharing options for $flatten\quire.\seg_adder_vff_carry_0.$memrd$\arr$/teamspace/studios/this_studio/Melodica-Integration-into-Fife-Core/bsc/lib/Verilog/SizedFIFO.v:179$1513 ($memrd):
    Found 1 activation_patterns using ctrl signal $auto$opt_reduce.cc:134:opt_pmux$2523.
    No candidates found.
  Analyzing resource sharing options for $flatten\quire.$shr$/teamspace/studios/this_studio/Melodica-Integration-into-Fife-Core/Learn_Bluespec_and_RISCV_Design/Code/Build/Fife/verilog/mkQuire.v:3056$941 ($shr):
    Found 31 activation_patterns using ctrl signal { \quire.EN_init \quire.WILL_FIRE_RL_seg_adder_acc_stage_0 \quire.WILL_FIRE_RL_seg_adder_acc_stage_i \quire.WILL_FIRE_RL_seg_adder_acc_stage_i_1 \quire.WILL_FIRE_RL_seg_adder_acc_stage_i_10 \quire.WILL_FIRE_RL_seg_adder_acc_stage_i_11 \quire.WILL_FIRE_RL_seg_adder_acc_stage_i_12 \quire.WILL_FIRE_RL_seg_adder_acc_stage_i_13 \quire.WILL_FIRE_RL_seg_adder_acc_stage_i_2 \quire.WILL_FIRE_RL_seg_adder_acc_stage_i_3 \quire.WILL_FIRE_RL_seg_adder_acc_stage_i_4 \quire.WILL_FIRE_RL_seg_adder_acc_stage_i_5 \quire.WILL_FIRE_RL_seg_adder_acc_stage_i_6 \quire.WILL_FIRE_RL_seg_adder_acc_stage_i_7 \quire.WILL_FIRE_RL_seg_adder_acc_stage_i_8 \quire.WILL_FIRE_RL_seg_adder_acc_stage_i_9 $flatten\quire.\instance_fn_twosC_quire_2.$eq$/teamspace/studios/this_studio/Melodica-Integration-into-Fife-Core/Learn_Bluespec_and_RISCV_Design/Code/Build/Fife/verilog/module_fn_twosC_quire.v:187$171_Y $flatten\quire.\instance_fn_twosC_quire_2.$eq$/teamspace/studios/this_studio/Melodica-Integration-into-Fife-Core/Learn_Bluespec_and_RISCV_Design/Code/Build/Fife/verilog/module_fn_twosC_quire.v:180$165_Y $flatten\quire.\instance_fn_twosC_quire_2.$eq$/teamspace/studios/this_studio/Melodica-Integration-into-Fife-Core/Learn_Bluespec_and_RISCV_Design/Code/Build/Fife/verilog/module_fn_twosC_quire.v:173$159_Y $flatten\quire.\instance_fn_twosC_quire_2.$eq$/teamspace/studios/this_studio/Melodica-Integration-into-Fife-Core/Learn_Bluespec_and_RISCV_Design/Code/Build/Fife/verilog/module_fn_twosC_quire.v:166$153_Y $flatten\quire.\instance_fn_twosC_quire_2.$eq$/teamspace/studios/this_studio/Melodica-Integration-into-Fife-Core/Learn_Bluespec_and_RISCV_Design/Code/Build/Fife/verilog/module_fn_twosC_quire.v:159$147_Y $flatten\quire.\instance_fn_twosC_quire_2.$eq$/teamspace/studios/this_studio/Melodica-Integration-into-Fife-Core/Learn_Bluespec_and_RISCV_Design/Code/Build/Fife/verilog/module_fn_twosC_quire.v:152$141_Y $flatten\quire.\instance_fn_twosC_quire_2.$eq$/teamspace/studios/this_studio/Melodica-Integration-into-Fife-Core/Learn_Bluespec_and_RISCV_Design/Code/Build/Fife/verilog/module_fn_twosC_quire.v:145$135_Y $flatten\quire.\instance_fn_twosC_quire_2.$eq$/teamspace/studios/this_studio/Melodica-Integration-into-Fife-Core/Learn_Bluespec_and_RISCV_Design/Code/Build/Fife/verilog/module_fn_twosC_quire.v:138$129_Y $flatten\quire.\instance_fn_twosC_quire_2.$eq$/teamspace/studios/this_studio/Melodica-Integration-into-Fife-Core/Learn_Bluespec_and_RISCV_Design/Code/Build/Fife/verilog/module_fn_twosC_quire.v:131$123_Y $flatten\quire.\instance_fn_twosC_quire_2.$eq$/teamspace/studios/this_studio/Melodica-Integration-into-Fife-Core/Learn_Bluespec_and_RISCV_Design/Code/Build/Fife/verilog/module_fn_twosC_quire.v:117$111_Y $flatten\quire.\instance_fn_twosC_quire_2.$eq$/teamspace/studios/this_studio/Melodica-Integration-into-Fife-Core/Learn_Bluespec_and_RISCV_Design/Code/Build/Fife/verilog/module_fn_twosC_quire.v:110$105_Y $flatten\quire.\instance_fn_twosC_quire_2.$eq$/teamspace/studios/this_studio/Melodica-Integration-into-Fife-Core/Learn_Bluespec_and_RISCV_Design/Code/Build/Fife/verilog/module_fn_twosC_quire.v:103$99_Y $flatten\quire.\instance_fn_twosC_quire_2.$eq$/teamspace/studios/this_studio/Melodica-Integration-into-Fife-Core/Learn_Bluespec_and_RISCV_Design/Code/Build/Fife/verilog/module_fn_twosC_quire.v:96$93_Y $flatten\quire.\instance_fn_twosC_quire_2.$eq$/teamspace/studios/this_studio/Melodica-Integration-into-Fife-Core/Learn_Bluespec_and_RISCV_Design/Code/Build/Fife/verilog/module_fn_twosC_quire.v:89$87_Y $flatten\quire.\instance_fn_twosC_quire_2.$eq$/teamspace/studios/this_studio/Melodica-Integration-into-Fife-Core/Learn_Bluespec_and_RISCV_Design/Code/Build/Fife/verilog/module_fn_twosC_quire.v:82$81_Y \extracter1.ff_extract_out.data0_reg [35:34] }.
    Found 1 candidates: $flatten\multiplier.$shr$/teamspace/studios/this_studio/Melodica-Integration-into-Fife-Core/Learn_Bluespec_and_RISCV_Design/Code/Build/Fife/verilog/mkMultiplier.v:218$1060
    Analyzing resource sharing with $flatten\multiplier.$shr$/teamspace/studios/this_studio/Melodica-Integration-into-Fife-Core/Learn_Bluespec_and_RISCV_Design/Code/Build/Fife/verilog/mkMultiplier.v:218$1060 ($shr):
      Found 1 activation_patterns using ctrl signal \multiplier.ff_pipe_reg_first_BITS_64_TO_56_PLUS_1___d7 [8].
      Forbidden control signals for this pair of cells: { $flatten\quire.\instance_fn_twosC_quire_2.$eq$/teamspace/studios/this_studio/Melodica-Integration-into-Fife-Core/Learn_Bluespec_and_RISCV_Design/Code/Build/Fife/verilog/module_fn_twosC_quire.v:187$171_Y $flatten\quire.\instance_fn_twosC_quire_2.$eq$/teamspace/studios/this_studio/Melodica-Integration-into-Fife-Core/Learn_Bluespec_and_RISCV_Design/Code/Build/Fife/verilog/module_fn_twosC_quire.v:180$165_Y $flatten\quire.\instance_fn_twosC_quire_2.$eq$/teamspace/studios/this_studio/Melodica-Integration-into-Fife-Core/Learn_Bluespec_and_RISCV_Design/Code/Build/Fife/verilog/module_fn_twosC_quire.v:173$159_Y $flatten\quire.\instance_fn_twosC_quire_2.$eq$/teamspace/studios/this_studio/Melodica-Integration-into-Fife-Core/Learn_Bluespec_and_RISCV_Design/Code/Build/Fife/verilog/module_fn_twosC_quire.v:166$153_Y $flatten\quire.\instance_fn_twosC_quire_2.$eq$/teamspace/studios/this_studio/Melodica-Integration-into-Fife-Core/Learn_Bluespec_and_RISCV_Design/Code/Build/Fife/verilog/module_fn_twosC_quire.v:159$147_Y $flatten\quire.\instance_fn_twosC_quire_2.$eq$/teamspace/studios/this_studio/Melodica-Integration-into-Fife-Core/Learn_Bluespec_and_RISCV_Design/Code/Build/Fife/verilog/module_fn_twosC_quire.v:152$141_Y $flatten\quire.\instance_fn_twosC_quire_2.$eq$/teamspace/studios/this_studio/Melodica-Integration-into-Fife-Core/Learn_Bluespec_and_RISCV_Design/Code/Build/Fife/verilog/module_fn_twosC_quire.v:145$135_Y $flatten\quire.\instance_fn_twosC_quire_2.$eq$/teamspace/studios/this_studio/Melodica-Integration-into-Fife-Core/Learn_Bluespec_and_RISCV_Design/Code/Build/Fife/verilog/module_fn_twosC_quire.v:138$129_Y $flatten\quire.\instance_fn_twosC_quire_2.$eq$/teamspace/studios/this_studio/Melodica-Integration-into-Fife-Core/Learn_Bluespec_and_RISCV_Design/Code/Build/Fife/verilog/module_fn_twosC_quire.v:131$123_Y $flatten\quire.\instance_fn_twosC_quire_2.$eq$/teamspace/studios/this_studio/Melodica-Integration-into-Fife-Core/Learn_Bluespec_and_RISCV_Design/Code/Build/Fife/verilog/module_fn_twosC_quire.v:117$111_Y $flatten\quire.\instance_fn_twosC_quire_2.$eq$/teamspace/studios/this_studio/Melodica-Integration-into-Fife-Core/Learn_Bluespec_and_RISCV_Design/Code/Build/Fife/verilog/module_fn_twosC_quire.v:110$105_Y $flatten\quire.\instance_fn_twosC_quire_2.$eq$/teamspace/studios/this_studio/Melodica-Integration-into-Fife-Core/Learn_Bluespec_and_RISCV_Design/Code/Build/Fife/verilog/module_fn_twosC_quire.v:103$99_Y $flatten\quire.\instance_fn_twosC_quire_2.$eq$/teamspace/studios/this_studio/Melodica-Integration-into-Fife-Core/Learn_Bluespec_and_RISCV_Design/Code/Build/Fife/verilog/module_fn_twosC_quire.v:96$93_Y $flatten\quire.\instance_fn_twosC_quire_2.$eq$/teamspace/studios/this_studio/Melodica-Integration-into-Fife-Core/Learn_Bluespec_and_RISCV_Design/Code/Build/Fife/verilog/module_fn_twosC_quire.v:89$87_Y $flatten\quire.\instance_fn_twosC_quire_2.$eq$/teamspace/studios/this_studio/Melodica-Integration-into-Fife-Core/Learn_Bluespec_and_RISCV_Design/Code/Build/Fife/verilog/module_fn_twosC_quire.v:82$81_Y \quire.instance_fn_twosC_quire_2.fn_twosC_quire_quire_seg_zero_PLUS_1___d1 }
      Activation pattern for cell $flatten\quire.$shr$/teamspace/studios/this_studio/Melodica-Integration-into-Fife-Core/Learn_Bluespec_and_RISCV_Design/Code/Build/Fife/verilog/mkQuire.v:3056$941: { \quire.EN_init \quire.WILL_FIRE_RL_seg_adder_acc_stage_i_13 \extracter1.ff_extract_out.data0_reg [34] } = 3'101
      Activation pattern for cell $flatten\quire.$shr$/teamspace/studios/this_studio/Melodica-Integration-into-Fife-Core/Learn_Bluespec_and_RISCV_Design/Code/Build/Fife/verilog/mkQuire.v:3056$941: { \quire.EN_init \quire.WILL_FIRE_RL_seg_adder_acc_stage_i_12 \extracter1.ff_extract_out.data0_reg [34] } = 3'101
      Activation pattern for cell $flatten\quire.$shr$/teamspace/studios/this_studio/Melodica-Integration-into-Fife-Core/Learn_Bluespec_and_RISCV_Design/Code/Build/Fife/verilog/mkQuire.v:3056$941: { \quire.EN_init \quire.WILL_FIRE_RL_seg_adder_acc_stage_i_11 \extracter1.ff_extract_out.data0_reg [34] } = 3'101
      Activation pattern for cell $flatten\quire.$shr$/teamspace/studios/this_studio/Melodica-Integration-into-Fife-Core/Learn_Bluespec_and_RISCV_Design/Code/Build/Fife/verilog/mkQuire.v:3056$941: { \quire.EN_init \quire.WILL_FIRE_RL_seg_adder_acc_stage_i_10 \extracter1.ff_extract_out.data0_reg [34] } = 3'101
      Activation pattern for cell $flatten\quire.$shr$/teamspace/studios/this_studio/Melodica-Integration-into-Fife-Core/Learn_Bluespec_and_RISCV_Design/Code/Build/Fife/verilog/mkQuire.v:3056$941: { \quire.EN_init \quire.WILL_FIRE_RL_seg_adder_acc_stage_i_9 \extracter1.ff_extract_out.data0_reg [34] } = 3'101
      Activation pattern for cell $flatten\quire.$shr$/teamspace/studios/this_studio/Melodica-Integration-into-Fife-Core/Learn_Bluespec_and_RISCV_Design/Code/Build/Fife/verilog/mkQuire.v:3056$941: { \quire.EN_init \quire.WILL_FIRE_RL_seg_adder_acc_stage_i_8 \extracter1.ff_extract_out.data0_reg [34] } = 3'101
      Activation pattern for cell $flatten\quire.$shr$/teamspace/studios/this_studio/Melodica-Integration-into-Fife-Core/Learn_Bluespec_and_RISCV_Design/Code/Build/Fife/verilog/mkQuire.v:3056$941: { \quire.EN_init \quire.WILL_FIRE_RL_seg_adder_acc_stage_i_7 \extracter1.ff_extract_out.data0_reg [34] } = 3'101
      Activation pattern for cell $flatten\quire.$shr$/teamspace/studios/this_studio/Melodica-Integration-into-Fife-Core/Learn_Bluespec_and_RISCV_Design/Code/Build/Fife/verilog/mkQuire.v:3056$941: { \quire.EN_init \quire.WILL_FIRE_RL_seg_adder_acc_stage_i_6 \extracter1.ff_extract_out.data0_reg [34] } = 3'101
      Activation pattern for cell $flatten\quire.$shr$/teamspace/studios/this_studio/Melodica-Integration-into-Fife-Core/Learn_Bluespec_and_RISCV_Design/Code/Build/Fife/verilog/mkQuire.v:3056$941: { \quire.EN_init \quire.WILL_FIRE_RL_seg_adder_acc_stage_i_5 \extracter1.ff_extract_out.data0_reg [34] } = 3'101
      Activation pattern for cell $flatten\quire.$shr$/teamspace/studios/this_studio/Melodica-Integration-into-Fife-Core/Learn_Bluespec_and_RISCV_Design/Code/Build/Fife/verilog/mkQuire.v:3056$941: { \quire.EN_init \quire.WILL_FIRE_RL_seg_adder_acc_stage_i_4 \extracter1.ff_extract_out.data0_reg [34] } = 3'101
      Activation pattern for cell $flatten\quire.$shr$/teamspace/studios/this_studio/Melodica-Integration-into-Fife-Core/Learn_Bluespec_and_RISCV_Design/Code/Build/Fife/verilog/mkQuire.v:3056$941: { \quire.EN_init \quire.WILL_FIRE_RL_seg_adder_acc_stage_i_3 \extracter1.ff_extract_out.data0_reg [34] } = 3'101
      Activation pattern for cell $flatten\quire.$shr$/teamspace/studios/this_studio/Melodica-Integration-into-Fife-Core/Learn_Bluespec_and_RISCV_Design/Code/Build/Fife/verilog/mkQuire.v:3056$941: { \quire.EN_init \quire.WILL_FIRE_RL_seg_adder_acc_stage_i_2 \extracter1.ff_extract_out.data0_reg [34] } = 3'101
      Activation pattern for cell $flatten\quire.$shr$/teamspace/studios/this_studio/Melodica-Integration-into-Fife-Core/Learn_Bluespec_and_RISCV_Design/Code/Build/Fife/verilog/mkQuire.v:3056$941: { \quire.EN_init \quire.WILL_FIRE_RL_seg_adder_acc_stage_i_1 \extracter1.ff_extract_out.data0_reg [34] } = 3'101
      Activation pattern for cell $flatten\quire.$shr$/teamspace/studios/this_studio/Melodica-Integration-into-Fife-Core/Learn_Bluespec_and_RISCV_Design/Code/Build/Fife/verilog/mkQuire.v:3056$941: { \quire.EN_init \quire.WILL_FIRE_RL_seg_adder_acc_stage_i \extracter1.ff_extract_out.data0_reg [34] } = 3'101
      Activation pattern for cell $flatten\quire.$shr$/teamspace/studios/this_studio/Melodica-Integration-into-Fife-Core/Learn_Bluespec_and_RISCV_Design/Code/Build/Fife/verilog/mkQuire.v:3056$941: { \quire.EN_init \extracter1.ff_extract_out.data0_reg [35:34] } = 3'111
      Activation pattern for cell $flatten\quire.$shr$/teamspace/studios/this_studio/Melodica-Integration-into-Fife-Core/Learn_Bluespec_and_RISCV_Design/Code/Build/Fife/verilog/mkQuire.v:3056$941: { \quire.EN_init \quire.WILL_FIRE_RL_seg_adder_acc_stage_0 \extracter1.ff_extract_out.data0_reg [34] } = 3'101
      Activation pattern for cell $flatten\quire.$shr$/teamspace/studios/this_studio/Melodica-Integration-into-Fife-Core/Learn_Bluespec_and_RISCV_Design/Code/Build/Fife/verilog/mkQuire.v:3056$941: { \quire.EN_init \extracter1.ff_extract_out.data0_reg [34] } = 2'11
      Activation pattern for cell $flatten\multiplier.$shr$/teamspace/studios/this_studio/Melodica-Integration-into-Fife-Core/Learn_Bluespec_and_RISCV_Design/Code/Build/Fife/verilog/mkMultiplier.v:218$1060: \multiplier.ff_pipe_reg_first_BITS_64_TO_56_PLUS_1___d7 [8] = 1'1
      Size of SAT problem: 0 cells, 1035 variables, 2541 clauses
      According to the SAT solver this pair of cells can not be shared.
      Model from SAT solver: { \quire.EN_init \quire.WILL_FIRE_RL_seg_adder_acc_stage_0 \quire.WILL_FIRE_RL_seg_adder_acc_stage_i \quire.WILL_FIRE_RL_seg_adder_acc_stage_i_1 \quire.WILL_FIRE_RL_seg_adder_acc_stage_i_10 \quire.WILL_FIRE_RL_seg_adder_acc_stage_i_11 \quire.WILL_FIRE_RL_seg_adder_acc_stage_i_12 \quire.WILL_FIRE_RL_seg_adder_acc_stage_i_13 \quire.WILL_FIRE_RL_seg_adder_acc_stage_i_2 \quire.WILL_FIRE_RL_seg_adder_acc_stage_i_3 \quire.WILL_FIRE_RL_seg_adder_acc_stage_i_4 \quire.WILL_FIRE_RL_seg_adder_acc_stage_i_5 \quire.WILL_FIRE_RL_seg_adder_acc_stage_i_6 \quire.WILL_FIRE_RL_seg_adder_acc_stage_i_7 \quire.WILL_FIRE_RL_seg_adder_acc_stage_i_8 \quire.WILL_FIRE_RL_seg_adder_acc_stage_i_9 \multiplier.ff_pipe_reg_first_BITS_64_TO_56_PLUS_1___d7 [8] \extracter1.ff_extract_out.data0_reg [35:34] } = 19'1000000000000000101
  Analyzing resource sharing options for $flatten\quire.$shl$/teamspace/studios/this_studio/Melodica-Integration-into-Fife-Core/Learn_Bluespec_and_RISCV_Design/Code/Build/Fife/verilog/mkQuire.v:3053$939 ($shl):
    Found 31 activation_patterns using ctrl signal { \quire.EN_init \quire.WILL_FIRE_RL_seg_adder_acc_stage_0 \quire.WILL_FIRE_RL_seg_adder_acc_stage_i \quire.WILL_FIRE_RL_seg_adder_acc_stage_i_1 \quire.WILL_FIRE_RL_seg_adder_acc_stage_i_10 \quire.WILL_FIRE_RL_seg_adder_acc_stage_i_11 \quire.WILL_FIRE_RL_seg_adder_acc_stage_i_12 \quire.WILL_FIRE_RL_seg_adder_acc_stage_i_13 \quire.WILL_FIRE_RL_seg_adder_acc_stage_i_2 \quire.WILL_FIRE_RL_seg_adder_acc_stage_i_3 \quire.WILL_FIRE_RL_seg_adder_acc_stage_i_4 \quire.WILL_FIRE_RL_seg_adder_acc_stage_i_5 \quire.WILL_FIRE_RL_seg_adder_acc_stage_i_6 \quire.WILL_FIRE_RL_seg_adder_acc_stage_i_7 \quire.WILL_FIRE_RL_seg_adder_acc_stage_i_8 \quire.WILL_FIRE_RL_seg_adder_acc_stage_i_9 $flatten\quire.\instance_fn_twosC_quire_2.$eq$/teamspace/studios/this_studio/Melodica-Integration-into-Fife-Core/Learn_Bluespec_and_RISCV_Design/Code/Build/Fife/verilog/module_fn_twosC_quire.v:187$171_Y $flatten\quire.\instance_fn_twosC_quire_2.$eq$/teamspace/studios/this_studio/Melodica-Integration-into-Fife-Core/Learn_Bluespec_and_RISCV_Design/Code/Build/Fife/verilog/module_fn_twosC_quire.v:180$165_Y $flatten\quire.\instance_fn_twosC_quire_2.$eq$/teamspace/studios/this_studio/Melodica-Integration-into-Fife-Core/Learn_Bluespec_and_RISCV_Design/Code/Build/Fife/verilog/module_fn_twosC_quire.v:173$159_Y $flatten\quire.\instance_fn_twosC_quire_2.$eq$/teamspace/studios/this_studio/Melodica-Integration-into-Fife-Core/Learn_Bluespec_and_RISCV_Design/Code/Build/Fife/verilog/module_fn_twosC_quire.v:166$153_Y $flatten\quire.\instance_fn_twosC_quire_2.$eq$/teamspace/studios/this_studio/Melodica-Integration-into-Fife-Core/Learn_Bluespec_and_RISCV_Design/Code/Build/Fife/verilog/module_fn_twosC_quire.v:159$147_Y $flatten\quire.\instance_fn_twosC_quire_2.$eq$/teamspace/studios/this_studio/Melodica-Integration-into-Fife-Core/Learn_Bluespec_and_RISCV_Design/Code/Build/Fife/verilog/module_fn_twosC_quire.v:152$141_Y $flatten\quire.\instance_fn_twosC_quire_2.$eq$/teamspace/studios/this_studio/Melodica-Integration-into-Fife-Core/Learn_Bluespec_and_RISCV_Design/Code/Build/Fife/verilog/module_fn_twosC_quire.v:145$135_Y $flatten\quire.\instance_fn_twosC_quire_2.$eq$/teamspace/studios/this_studio/Melodica-Integration-into-Fife-Core/Learn_Bluespec_and_RISCV_Design/Code/Build/Fife/verilog/module_fn_twosC_quire.v:138$129_Y $flatten\quire.\instance_fn_twosC_quire_2.$eq$/teamspace/studios/this_studio/Melodica-Integration-into-Fife-Core/Learn_Bluespec_and_RISCV_Design/Code/Build/Fife/verilog/module_fn_twosC_quire.v:131$123_Y $flatten\quire.\instance_fn_twosC_quire_2.$eq$/teamspace/studios/this_studio/Melodica-Integration-into-Fife-Core/Learn_Bluespec_and_RISCV_Design/Code/Build/Fife/verilog/module_fn_twosC_quire.v:117$111_Y $flatten\quire.\instance_fn_twosC_quire_2.$eq$/teamspace/studios/this_studio/Melodica-Integration-into-Fife-Core/Learn_Bluespec_and_RISCV_Design/Code/Build/Fife/verilog/module_fn_twosC_quire.v:110$105_Y $flatten\quire.\instance_fn_twosC_quire_2.$eq$/teamspace/studios/this_studio/Melodica-Integration-into-Fife-Core/Learn_Bluespec_and_RISCV_Design/Code/Build/Fife/verilog/module_fn_twosC_quire.v:103$99_Y $flatten\quire.\instance_fn_twosC_quire_2.$eq$/teamspace/studios/this_studio/Melodica-Integration-into-Fife-Core/Learn_Bluespec_and_RISCV_Design/Code/Build/Fife/verilog/module_fn_twosC_quire.v:96$93_Y $flatten\quire.\instance_fn_twosC_quire_2.$eq$/teamspace/studios/this_studio/Melodica-Integration-into-Fife-Core/Learn_Bluespec_and_RISCV_Design/Code/Build/Fife/verilog/module_fn_twosC_quire.v:89$87_Y $flatten\quire.\instance_fn_twosC_quire_2.$eq$/teamspace/studios/this_studio/Melodica-Integration-into-Fife-Core/Learn_Bluespec_and_RISCV_Design/Code/Build/Fife/verilog/module_fn_twosC_quire.v:82$81_Y \extracter1.ff_extract_out.data0_reg [35:34] }.
    Found 1 candidates: $flatten\multiplier.$shl$/teamspace/studios/this_studio/Melodica-Integration-into-Fife-Core/Learn_Bluespec_and_RISCV_Design/Code/Build/Fife/verilog/mkMultiplier.v:216$1059
    Analyzing resource sharing with $flatten\multiplier.$shl$/teamspace/studios/this_studio/Melodica-Integration-into-Fife-Core/Learn_Bluespec_and_RISCV_Design/Code/Build/Fife/verilog/mkMultiplier.v:216$1059 ($shl):
      Found 1 activation_patterns using ctrl signal \multiplier.ff_pipe_reg_first_BITS_64_TO_56_PLUS_1___d7 [8].
      Forbidden control signals for this pair of cells: { $flatten\quire.\instance_fn_twosC_quire_2.$eq$/teamspace/studios/this_studio/Melodica-Integration-into-Fife-Core/Learn_Bluespec_and_RISCV_Design/Code/Build/Fife/verilog/module_fn_twosC_quire.v:187$171_Y $flatten\quire.\instance_fn_twosC_quire_2.$eq$/teamspace/studios/this_studio/Melodica-Integration-into-Fife-Core/Learn_Bluespec_and_RISCV_Design/Code/Build/Fife/verilog/module_fn_twosC_quire.v:180$165_Y $flatten\quire.\instance_fn_twosC_quire_2.$eq$/teamspace/studios/this_studio/Melodica-Integration-into-Fife-Core/Learn_Bluespec_and_RISCV_Design/Code/Build/Fife/verilog/module_fn_twosC_quire.v:173$159_Y $flatten\quire.\instance_fn_twosC_quire_2.$eq$/teamspace/studios/this_studio/Melodica-Integration-into-Fife-Core/Learn_Bluespec_and_RISCV_Design/Code/Build/Fife/verilog/module_fn_twosC_quire.v:166$153_Y $flatten\quire.\instance_fn_twosC_quire_2.$eq$/teamspace/studios/this_studio/Melodica-Integration-into-Fife-Core/Learn_Bluespec_and_RISCV_Design/Code/Build/Fife/verilog/module_fn_twosC_quire.v:159$147_Y $flatten\quire.\instance_fn_twosC_quire_2.$eq$/teamspace/studios/this_studio/Melodica-Integration-into-Fife-Core/Learn_Bluespec_and_RISCV_Design/Code/Build/Fife/verilog/module_fn_twosC_quire.v:152$141_Y $flatten\quire.\instance_fn_twosC_quire_2.$eq$/teamspace/studios/this_studio/Melodica-Integration-into-Fife-Core/Learn_Bluespec_and_RISCV_Design/Code/Build/Fife/verilog/module_fn_twosC_quire.v:145$135_Y $flatten\quire.\instance_fn_twosC_quire_2.$eq$/teamspace/studios/this_studio/Melodica-Integration-into-Fife-Core/Learn_Bluespec_and_RISCV_Design/Code/Build/Fife/verilog/module_fn_twosC_quire.v:138$129_Y $flatten\quire.\instance_fn_twosC_quire_2.$eq$/teamspace/studios/this_studio/Melodica-Integration-into-Fife-Core/Learn_Bluespec_and_RISCV_Design/Code/Build/Fife/verilog/module_fn_twosC_quire.v:131$123_Y $flatten\quire.\instance_fn_twosC_quire_2.$eq$/teamspace/studios/this_studio/Melodica-Integration-into-Fife-Core/Learn_Bluespec_and_RISCV_Design/Code/Build/Fife/verilog/module_fn_twosC_quire.v:117$111_Y $flatten\quire.\instance_fn_twosC_quire_2.$eq$/teamspace/studios/this_studio/Melodica-Integration-into-Fife-Core/Learn_Bluespec_and_RISCV_Design/Code/Build/Fife/verilog/module_fn_twosC_quire.v:110$105_Y $flatten\quire.\instance_fn_twosC_quire_2.$eq$/teamspace/studios/this_studio/Melodica-Integration-into-Fife-Core/Learn_Bluespec_and_RISCV_Design/Code/Build/Fife/verilog/module_fn_twosC_quire.v:103$99_Y $flatten\quire.\instance_fn_twosC_quire_2.$eq$/teamspace/studios/this_studio/Melodica-Integration-into-Fife-Core/Learn_Bluespec_and_RISCV_Design/Code/Build/Fife/verilog/module_fn_twosC_quire.v:96$93_Y $flatten\quire.\instance_fn_twosC_quire_2.$eq$/teamspace/studios/this_studio/Melodica-Integration-into-Fife-Core/Learn_Bluespec_and_RISCV_Design/Code/Build/Fife/verilog/module_fn_twosC_quire.v:89$87_Y $flatten\quire.\instance_fn_twosC_quire_2.$eq$/teamspace/studios/this_studio/Melodica-Integration-into-Fife-Core/Learn_Bluespec_and_RISCV_Design/Code/Build/Fife/verilog/module_fn_twosC_quire.v:82$81_Y \quire.instance_fn_twosC_quire_2.fn_twosC_quire_quire_seg_zero_PLUS_1___d1 }
      Activation pattern for cell $flatten\quire.$shl$/teamspace/studios/this_studio/Melodica-Integration-into-Fife-Core/Learn_Bluespec_and_RISCV_Design/Code/Build/Fife/verilog/mkQuire.v:3053$939: { \quire.EN_init \quire.WILL_FIRE_RL_seg_adder_acc_stage_i_13 \extracter1.ff_extract_out.data0_reg [34] } = 3'100
      Activation pattern for cell $flatten\quire.$shl$/teamspace/studios/this_studio/Melodica-Integration-into-Fife-Core/Learn_Bluespec_and_RISCV_Design/Code/Build/Fife/verilog/mkQuire.v:3053$939: { \quire.EN_init \quire.WILL_FIRE_RL_seg_adder_acc_stage_i_12 \extracter1.ff_extract_out.data0_reg [34] } = 3'100
      Activation pattern for cell $flatten\quire.$shl$/teamspace/studios/this_studio/Melodica-Integration-into-Fife-Core/Learn_Bluespec_and_RISCV_Design/Code/Build/Fife/verilog/mkQuire.v:3053$939: { \quire.EN_init \quire.WILL_FIRE_RL_seg_adder_acc_stage_i_11 \extracter1.ff_extract_out.data0_reg [34] } = 3'100
      Activation pattern for cell $flatten\quire.$shl$/teamspace/studios/this_studio/Melodica-Integration-into-Fife-Core/Learn_Bluespec_and_RISCV_Design/Code/Build/Fife/verilog/mkQuire.v:3053$939: { \quire.EN_init \quire.WILL_FIRE_RL_seg_adder_acc_stage_i_10 \extracter1.ff_extract_out.data0_reg [34] } = 3'100
      Activation pattern for cell $flatten\quire.$shl$/teamspace/studios/this_studio/Melodica-Integration-into-Fife-Core/Learn_Bluespec_and_RISCV_Design/Code/Build/Fife/verilog/mkQuire.v:3053$939: { \quire.EN_init \quire.WILL_FIRE_RL_seg_adder_acc_stage_i_9 \extracter1.ff_extract_out.data0_reg [34] } = 3'100
      Activation pattern for cell $flatten\quire.$shl$/teamspace/studios/this_studio/Melodica-Integration-into-Fife-Core/Learn_Bluespec_and_RISCV_Design/Code/Build/Fife/verilog/mkQuire.v:3053$939: { \quire.EN_init \quire.WILL_FIRE_RL_seg_adder_acc_stage_i_8 \extracter1.ff_extract_out.data0_reg [34] } = 3'100
      Activation pattern for cell $flatten\quire.$shl$/teamspace/studios/this_studio/Melodica-Integration-into-Fife-Core/Learn_Bluespec_and_RISCV_Design/Code/Build/Fife/verilog/mkQuire.v:3053$939: { \quire.EN_init \quire.WILL_FIRE_RL_seg_adder_acc_stage_i_7 \extracter1.ff_extract_out.data0_reg [34] } = 3'100
      Activation pattern for cell $flatten\quire.$shl$/teamspace/studios/this_studio/Melodica-Integration-into-Fife-Core/Learn_Bluespec_and_RISCV_Design/Code/Build/Fife/verilog/mkQuire.v:3053$939: { \quire.EN_init \quire.WILL_FIRE_RL_seg_adder_acc_stage_i_6 \extracter1.ff_extract_out.data0_reg [34] } = 3'100
      Activation pattern for cell $flatten\quire.$shl$/teamspace/studios/this_studio/Melodica-Integration-into-Fife-Core/Learn_Bluespec_and_RISCV_Design/Code/Build/Fife/verilog/mkQuire.v:3053$939: { \quire.EN_init \quire.WILL_FIRE_RL_seg_adder_acc_stage_i_5 \extracter1.ff_extract_out.data0_reg [34] } = 3'100
      Activation pattern for cell $flatten\quire.$shl$/teamspace/studios/this_studio/Melodica-Integration-into-Fife-Core/Learn_Bluespec_and_RISCV_Design/Code/Build/Fife/verilog/mkQuire.v:3053$939: { \quire.EN_init \quire.WILL_FIRE_RL_seg_adder_acc_stage_i_4 \extracter1.ff_extract_out.data0_reg [34] } = 3'100
      Activation pattern for cell $flatten\quire.$shl$/teamspace/studios/this_studio/Melodica-Integration-into-Fife-Core/Learn_Bluespec_and_RISCV_Design/Code/Build/Fife/verilog/mkQuire.v:3053$939: { \quire.EN_init \quire.WILL_FIRE_RL_seg_adder_acc_stage_i_3 \extracter1.ff_extract_out.data0_reg [34] } = 3'100
      Activation pattern for cell $flatten\quire.$shl$/teamspace/studios/this_studio/Melodica-Integration-into-Fife-Core/Learn_Bluespec_and_RISCV_Design/Code/Build/Fife/verilog/mkQuire.v:3053$939: { \quire.EN_init \quire.WILL_FIRE_RL_seg_adder_acc_stage_i_2 \extracter1.ff_extract_out.data0_reg [34] } = 3'100
      Activation pattern for cell $flatten\quire.$shl$/teamspace/studios/this_studio/Melodica-Integration-into-Fife-Core/Learn_Bluespec_and_RISCV_Design/Code/Build/Fife/verilog/mkQuire.v:3053$939: { \quire.EN_init \quire.WILL_FIRE_RL_seg_adder_acc_stage_i_1 \extracter1.ff_extract_out.data0_reg [34] } = 3'100
      Activation pattern for cell $flatten\quire.$shl$/teamspace/studios/this_studio/Melodica-Integration-into-Fife-Core/Learn_Bluespec_and_RISCV_Design/Code/Build/Fife/verilog/mkQuire.v:3053$939: { \quire.EN_init \quire.WILL_FIRE_RL_seg_adder_acc_stage_i \extracter1.ff_extract_out.data0_reg [34] } = 3'100
      Activation pattern for cell $flatten\quire.$shl$/teamspace/studios/this_studio/Melodica-Integration-into-Fife-Core/Learn_Bluespec_and_RISCV_Design/Code/Build/Fife/verilog/mkQuire.v:3053$939: { \quire.EN_init \extracter1.ff_extract_out.data0_reg [35:34] } = 3'110
      Activation pattern for cell $flatten\quire.$shl$/teamspace/studios/this_studio/Melodica-Integration-into-Fife-Core/Learn_Bluespec_and_RISCV_Design/Code/Build/Fife/verilog/mkQuire.v:3053$939: { \quire.EN_init \quire.WILL_FIRE_RL_seg_adder_acc_stage_0 \extracter1.ff_extract_out.data0_reg [34] } = 3'100
      Activation pattern for cell $flatten\quire.$shl$/teamspace/studios/this_studio/Melodica-Integration-into-Fife-Core/Learn_Bluespec_and_RISCV_Design/Code/Build/Fife/verilog/mkQuire.v:3053$939: { \quire.EN_init \extracter1.ff_extract_out.data0_reg [34] } = 2'10
      Activation pattern for cell $flatten\multiplier.$shl$/teamspace/studios/this_studio/Melodica-Integration-into-Fife-Core/Learn_Bluespec_and_RISCV_Design/Code/Build/Fife/verilog/mkMultiplier.v:216$1059: \multiplier.ff_pipe_reg_first_BITS_64_TO_56_PLUS_1___d7 [8] = 1'0
      Size of SAT problem: 0 cells, 1035 variables, 2541 clauses
      According to the SAT solver this pair of cells can not be shared.
      Model from SAT solver: { \quire.EN_init \quire.WILL_FIRE_RL_seg_adder_acc_stage_0 \quire.WILL_FIRE_RL_seg_adder_acc_stage_i \quire.WILL_FIRE_RL_seg_adder_acc_stage_i_1 \quire.WILL_FIRE_RL_seg_adder_acc_stage_i_10 \quire.WILL_FIRE_RL_seg_adder_acc_stage_i_11 \quire.WILL_FIRE_RL_seg_adder_acc_stage_i_12 \quire.WILL_FIRE_RL_seg_adder_acc_stage_i_13 \quire.WILL_FIRE_RL_seg_adder_acc_stage_i_2 \quire.WILL_FIRE_RL_seg_adder_acc_stage_i_3 \quire.WILL_FIRE_RL_seg_adder_acc_stage_i_4 \quire.WILL_FIRE_RL_seg_adder_acc_stage_i_5 \quire.WILL_FIRE_RL_seg_adder_acc_stage_i_6 \quire.WILL_FIRE_RL_seg_adder_acc_stage_i_7 \quire.WILL_FIRE_RL_seg_adder_acc_stage_i_8 \quire.WILL_FIRE_RL_seg_adder_acc_stage_i_9 \multiplier.ff_pipe_reg_first_BITS_64_TO_56_PLUS_1___d7 [8] \extracter1.ff_extract_out.data0_reg [35:34] } = 19'1000000000000000000
  Analyzing resource sharing options for $flatten\ptof.$shr$/teamspace/studios/this_studio/Melodica-Integration-into-Fife-Core/Learn_Bluespec_and_RISCV_Design/Code/Build/Fife/verilog/mkPtoF_PNE.v:207$1329 ($shr):
    Found 1 activation_patterns using ctrl signal \ptof.IF_request_put_BITS_34_TO_27_SLT_129_THEN_IF_r_ETC___d24 [5].
    Found 2 candidates: $flatten\normalizer.$shr$/teamspace/studios/this_studio/Melodica-Integration-into-Fife-Core/Learn_Bluespec_and_RISCV_Design/Code/Build/Fife/verilog/mkNormalizer.v:364$1197 $flatten\ftop.$shr$/teamspace/studios/this_studio/Melodica-Integration-into-Fife-Core/Learn_Bluespec_and_RISCV_Design/Code/Build/Fife/verilog/mkFtoP_PNE.v:185$1290
    Analyzing resource sharing with $flatten\normalizer.$shr$/teamspace/studios/this_studio/Melodica-Integration-into-Fife-Core/Learn_Bluespec_and_RISCV_Design/Code/Build/Fife/verilog/mkNormalizer.v:364$1197 ($shr):
      Found 1 activation_patterns using ctrl signal \normalizer.request_put [36].
      Forbidden control signals for this pair of cells: { $flatten\ptof.$procmux$1910_CMP $flatten\ptof.$procmux$1911_CMP }
      Activation pattern for cell $flatten\ptof.$shr$/teamspace/studios/this_studio/Melodica-Integration-into-Fife-Core/Learn_Bluespec_and_RISCV_Design/Code/Build/Fife/verilog/mkPtoF_PNE.v:207$1329: \ptof.IF_request_put_BITS_34_TO_27_SLT_129_THEN_IF_r_ETC___d24 [5] = 1'1
      Activation pattern for cell $flatten\normalizer.$shr$/teamspace/studios/this_studio/Melodica-Integration-into-Fife-Core/Learn_Bluespec_and_RISCV_Design/Code/Build/Fife/verilog/mkNormalizer.v:364$1197: \normalizer.request_put [36] = 1'0
      Size of SAT problem: 0 cells, 1511 variables, 3833 clauses
      According to the SAT solver this pair of cells can not be shared.
      Model from SAT solver: { \ptof.IF_request_put_BITS_34_TO_27_SLT_129_THEN_IF_r_ETC___d24 [5] \normalizer.request_put [36] } = 2'10
    Analyzing resource sharing with $flatten\ftop.$shr$/teamspace/studios/this_studio/Melodica-Integration-into-Fife-Core/Learn_Bluespec_and_RISCV_Design/Code/Build/Fife/verilog/mkFtoP_PNE.v:185$1290 ($shr):
      Found 1 activation_patterns using ctrl signal \ftop.IF_0_CONCAT_request_put_BITS_30_TO_23_3_MINUS__ETC___d29 [5].
      Forbidden control signals for this pair of cells: { $flatten\ptof.$procmux$1910_CMP $flatten\ptof.$procmux$1911_CMP }
      Activation pattern for cell $flatten\ptof.$shr$/teamspace/studios/this_studio/Melodica-Integration-into-Fife-Core/Learn_Bluespec_and_RISCV_Design/Code/Build/Fife/verilog/mkPtoF_PNE.v:207$1329: \ptof.IF_request_put_BITS_34_TO_27_SLT_129_THEN_IF_r_ETC___d24 [5] = 1'1
      Activation pattern for cell $flatten\ftop.$shr$/teamspace/studios/this_studio/Melodica-Integration-into-Fife-Core/Learn_Bluespec_and_RISCV_Design/Code/Build/Fife/verilog/mkFtoP_PNE.v:185$1290: \ftop.IF_0_CONCAT_request_put_BITS_30_TO_23_3_MINUS__ETC___d29 [5] = 1'1
      Size of SAT problem: 0 cells, 2335 variables, 6286 clauses
      According to the SAT solver this pair of cells can not be shared.
      Model from SAT solver: { \ptof.IF_request_put_BITS_34_TO_27_SLT_129_THEN_IF_r_ETC___d24 [5] \ftop.IF_0_CONCAT_request_put_BITS_30_TO_23_3_MINUS__ETC___d29 [5] } = 2'11
  Analyzing resource sharing options for $flatten\ptof.$shl$/teamspace/studios/this_studio/Melodica-Integration-into-Fife-Core/Learn_Bluespec_and_RISCV_Design/Code/Build/Fife/verilog/mkPtoF_PNE.v:216$1334 ($shl):
    Found 1 activation_patterns using ctrl signal \ptof.IF_request_put_BITS_34_TO_27_SLT_129_THEN_IF_r_ETC___d24 [5].
    Found 2 candidates: $flatten\normalizer.$shl$/teamspace/studios/this_studio/Melodica-Integration-into-Fife-Core/Learn_Bluespec_and_RISCV_Design/Code/Build/Fife/verilog/mkNormalizer.v:387$1210 $flatten\ftop.$shl$/teamspace/studios/this_studio/Melodica-Integration-into-Fife-Core/Learn_Bluespec_and_RISCV_Design/Code/Build/Fife/verilog/mkFtoP_PNE.v:157$1272
    Analyzing resource sharing with $flatten\normalizer.$shl$/teamspace/studios/this_studio/Melodica-Integration-into-Fife-Core/Learn_Bluespec_and_RISCV_Design/Code/Build/Fife/verilog/mkNormalizer.v:387$1210 ($shl):
      Found 1 activation_patterns using ctrl signal { $flatten\normalizer.$eq$/teamspace/studios/this_studio/Melodica-Integration-into-Fife-Core/Learn_Bluespec_and_RISCV_Design/Code/Build/Fife/verilog/mkNormalizer.v:282$1136_Y $flatten\normalizer.$eq$/teamspace/studios/this_studio/Melodica-Integration-into-Fife-Core/Learn_Bluespec_and_RISCV_Design/Code/Build/Fife/verilog/mkNormalizer.v:345$1189_Y }.
      Forbidden control signals for this pair of cells: { $flatten\ptof.$procmux$1910_CMP $flatten\ptof.$procmux$1911_CMP }
      Activation pattern for cell $flatten\ptof.$shl$/teamspace/studios/this_studio/Melodica-Integration-into-Fife-Core/Learn_Bluespec_and_RISCV_Design/Code/Build/Fife/verilog/mkPtoF_PNE.v:216$1334: \ptof.IF_request_put_BITS_34_TO_27_SLT_129_THEN_IF_r_ETC___d24 [5] = 1'1
      Activation pattern for cell $flatten\normalizer.$shl$/teamspace/studios/this_studio/Melodica-Integration-into-Fife-Core/Learn_Bluespec_and_RISCV_Design/Code/Build/Fife/verilog/mkNormalizer.v:387$1210: { $flatten\normalizer.$eq$/teamspace/studios/this_studio/Melodica-Integration-into-Fife-Core/Learn_Bluespec_and_RISCV_Design/Code/Build/Fife/verilog/mkNormalizer.v:282$1136_Y $flatten\normalizer.$eq$/teamspace/studios/this_studio/Melodica-Integration-into-Fife-Core/Learn_Bluespec_and_RISCV_Design/Code/Build/Fife/verilog/mkNormalizer.v:345$1189_Y } = 2'00
      Size of SAT problem: 0 cells, 2082 variables, 5364 clauses
      According to the SAT solver this pair of cells can not be shared.
      Model from SAT solver: { \ptof.IF_request_put_BITS_34_TO_27_SLT_129_THEN_IF_r_ETC___d24 [5] $flatten\normalizer.$eq$/teamspace/studios/this_studio/Melodica-Integration-into-Fife-Core/Learn_Bluespec_and_RISCV_Design/Code/Build/Fife/verilog/mkNormalizer.v:282$1136_Y $flatten\normalizer.$eq$/teamspace/studios/this_studio/Melodica-Integration-into-Fife-Core/Learn_Bluespec_and_RISCV_Design/Code/Build/Fife/verilog/mkNormalizer.v:345$1189_Y } = 3'100
    Analyzing resource sharing with $flatten\ftop.$shl$/teamspace/studios/this_studio/Melodica-Integration-into-Fife-Core/Learn_Bluespec_and_RISCV_Design/Code/Build/Fife/verilog/mkFtoP_PNE.v:157$1272 ($shl):
      Found 1 activation_patterns using ctrl signal \ftop.IF_0_CONCAT_request_put_BITS_30_TO_23_3_MINUS__ETC___d29 [5].
      Forbidden control signals for this pair of cells: { $flatten\ptof.$procmux$1910_CMP $flatten\ptof.$procmux$1911_CMP }
      Activation pattern for cell $flatten\ptof.$shl$/teamspace/studios/this_studio/Melodica-Integration-into-Fife-Core/Learn_Bluespec_and_RISCV_Design/Code/Build/Fife/verilog/mkPtoF_PNE.v:216$1334: \ptof.IF_request_put_BITS_34_TO_27_SLT_129_THEN_IF_r_ETC___d24 [5] = 1'1
      Activation pattern for cell $flatten\ftop.$shl$/teamspace/studios/this_studio/Melodica-Integration-into-Fife-Core/Learn_Bluespec_and_RISCV_Design/Code/Build/Fife/verilog/mkFtoP_PNE.v:157$1272: \ftop.IF_0_CONCAT_request_put_BITS_30_TO_23_3_MINUS__ETC___d29 [5] = 1'1
      Size of SAT problem: 0 cells, 2335 variables, 6286 clauses
      According to the SAT solver this pair of cells can not be shared.
      Model from SAT solver: { \ptof.IF_request_put_BITS_34_TO_27_SLT_129_THEN_IF_r_ETC___d24 [5] \ftop.IF_0_CONCAT_request_put_BITS_30_TO_23_3_MINUS__ETC___d29 [5] } = 2'11
  Analyzing resource sharing options for $flatten\normalizer.$shr$/teamspace/studios/this_studio/Melodica-Integration-into-Fife-Core/Learn_Bluespec_and_RISCV_Design/Code/Build/Fife/verilog/mkNormalizer.v:364$1197 ($shr):
    Found 1 activation_patterns using ctrl signal \normalizer.request_put [36].
    Found 1 candidates: $flatten\ftop.$shr$/teamspace/studios/this_studio/Melodica-Integration-into-Fife-Core/Learn_Bluespec_and_RISCV_Design/Code/Build/Fife/verilog/mkFtoP_PNE.v:185$1290
    Analyzing resource sharing with $flatten\ftop.$shr$/teamspace/studios/this_studio/Melodica-Integration-into-Fife-Core/Learn_Bluespec_and_RISCV_Design/Code/Build/Fife/verilog/mkFtoP_PNE.v:185$1290 ($shr):
      Found 1 activation_patterns using ctrl signal \ftop.IF_0_CONCAT_request_put_BITS_30_TO_23_3_MINUS__ETC___d29 [5].
      Activation pattern for cell $flatten\normalizer.$shr$/teamspace/studios/this_studio/Melodica-Integration-into-Fife-Core/Learn_Bluespec_and_RISCV_Design/Code/Build/Fife/verilog/mkNormalizer.v:364$1197: \normalizer.request_put [36] = 1'0
      Activation pattern for cell $flatten\ftop.$shr$/teamspace/studios/this_studio/Melodica-Integration-into-Fife-Core/Learn_Bluespec_and_RISCV_Design/Code/Build/Fife/verilog/mkFtoP_PNE.v:185$1290: \ftop.IF_0_CONCAT_request_put_BITS_30_TO_23_3_MINUS__ETC___d29 [5] = 1'1
      Size of SAT problem: 0 cells, 1653 variables, 4218 clauses
      According to the SAT solver this pair of cells can not be shared.
      Model from SAT solver: { \normalizer.request_put [36] \ftop.IF_0_CONCAT_request_put_BITS_30_TO_23_3_MINUS__ETC___d29 [5] } = 2'01
  Analyzing resource sharing options for $flatten\normalizer.$shl$/teamspace/studios/this_studio/Melodica-Integration-into-Fife-Core/Learn_Bluespec_and_RISCV_Design/Code/Build/Fife/verilog/mkNormalizer.v:387$1210 ($shl):
    Found 1 activation_patterns using ctrl signal { $flatten\normalizer.$eq$/teamspace/studios/this_studio/Melodica-Integration-into-Fife-Core/Learn_Bluespec_and_RISCV_Design/Code/Build/Fife/verilog/mkNormalizer.v:282$1136_Y $flatten\normalizer.$eq$/teamspace/studios/this_studio/Melodica-Integration-into-Fife-Core/Learn_Bluespec_and_RISCV_Design/Code/Build/Fife/verilog/mkNormalizer.v:345$1189_Y }.
    Found 1 candidates: $flatten\ftop.$shl$/teamspace/studios/this_studio/Melodica-Integration-into-Fife-Core/Learn_Bluespec_and_RISCV_Design/Code/Build/Fife/verilog/mkFtoP_PNE.v:157$1272
    Analyzing resource sharing with $flatten\ftop.$shl$/teamspace/studios/this_studio/Melodica-Integration-into-Fife-Core/Learn_Bluespec_and_RISCV_Design/Code/Build/Fife/verilog/mkFtoP_PNE.v:157$1272 ($shl):
      Found 1 activation_patterns using ctrl signal \ftop.IF_0_CONCAT_request_put_BITS_30_TO_23_3_MINUS__ETC___d29 [5].
      Activation pattern for cell $flatten\normalizer.$shl$/teamspace/studios/this_studio/Melodica-Integration-into-Fife-Core/Learn_Bluespec_and_RISCV_Design/Code/Build/Fife/verilog/mkNormalizer.v:387$1210: { $flatten\normalizer.$eq$/teamspace/studios/this_studio/Melodica-Integration-into-Fife-Core/Learn_Bluespec_and_RISCV_Design/Code/Build/Fife/verilog/mkNormalizer.v:282$1136_Y $flatten\normalizer.$eq$/teamspace/studios/this_studio/Melodica-Integration-into-Fife-Core/Learn_Bluespec_and_RISCV_Design/Code/Build/Fife/verilog/mkNormalizer.v:345$1189_Y } = 2'00
      Activation pattern for cell $flatten\ftop.$shl$/teamspace/studios/this_studio/Melodica-Integration-into-Fife-Core/Learn_Bluespec_and_RISCV_Design/Code/Build/Fife/verilog/mkFtoP_PNE.v:157$1272: \ftop.IF_0_CONCAT_request_put_BITS_30_TO_23_3_MINUS__ETC___d29 [5] = 1'1
      Size of SAT problem: 0 cells, 2226 variables, 5755 clauses
      According to the SAT solver this pair of cells can not be shared.
      Model from SAT solver: { $flatten\normalizer.$eq$/teamspace/studios/this_studio/Melodica-Integration-into-Fife-Core/Learn_Bluespec_and_RISCV_Design/Code/Build/Fife/verilog/mkNormalizer.v:282$1136_Y $flatten\normalizer.$eq$/teamspace/studios/this_studio/Melodica-Integration-into-Fife-Core/Learn_Bluespec_and_RISCV_Design/Code/Build/Fife/verilog/mkNormalizer.v:345$1189_Y \ftop.IF_0_CONCAT_request_put_BITS_30_TO_23_3_MINUS__ETC___d29 [5] } = 3'001
  Analyzing resource sharing options for $flatten\normalizer.$shl$/teamspace/studios/this_studio/Melodica-Integration-into-Fife-Core/Learn_Bluespec_and_RISCV_Design/Code/Build/Fife/verilog/mkNormalizer.v:333$1184 ($shl):
    Found 1 activation_patterns using ctrl signal \normalizer.request_put [36].
    No candidates found.
  Analyzing resource sharing options for $flatten\multiplier.$shr$/teamspace/studios/this_studio/Melodica-Integration-into-Fife-Core/Learn_Bluespec_and_RISCV_Design/Code/Build/Fife/verilog/mkMultiplier.v:218$1060 ($shr):
    Found 1 activation_patterns using ctrl signal \multiplier.ff_pipe_reg_first_BITS_64_TO_56_PLUS_1___d7 [8].
    No candidates found.
  Analyzing resource sharing options for $flatten\multiplier.$shl$/teamspace/studios/this_studio/Melodica-Integration-into-Fife-Core/Learn_Bluespec_and_RISCV_Design/Code/Build/Fife/verilog/mkMultiplier.v:216$1059 ($shl):
    Found 1 activation_patterns using ctrl signal \multiplier.ff_pipe_reg_first_BITS_64_TO_56_PLUS_1___d7 [8].
    No candidates found.
  Analyzing resource sharing options for $flatten\ftop.$shr$/teamspace/studios/this_studio/Melodica-Integration-into-Fife-Core/Learn_Bluespec_and_RISCV_Design/Code/Build/Fife/verilog/mkFtoP_PNE.v:185$1290 ($shr):
    Found 1 activation_patterns using ctrl signal \ftop.IF_0_CONCAT_request_put_BITS_30_TO_23_3_MINUS__ETC___d29 [5].
    No candidates found.
  Analyzing resource sharing options for $flatten\ftop.$shl$/teamspace/studios/this_studio/Melodica-Integration-into-Fife-Core/Learn_Bluespec_and_RISCV_Design/Code/Build/Fife/verilog/mkFtoP_PNE.v:157$1272 ($shl):
    Found 1 activation_patterns using ctrl signal \ftop.IF_0_CONCAT_request_put_BITS_30_TO_23_3_MINUS__ETC___d29 [5].
    No candidates found.

14.15. Executing OPT pass (performing simple optimizations).

14.15.1. Executing OPT_EXPR pass (perform const folding).
Optimizing module mkPositCore.
<suppressed ~10 debug messages>

14.15.2. Executing OPT_MERGE pass (detect identical cells).
Finding identical cells in module `\mkPositCore'.
Removed a total of 0 cells.

14.15.3. Executing OPT_MUXTREE pass (detect dead branches in mux trees).
Running muxtree optimizer on module \mkPositCore..
  Creating internal representation of mux trees.
  Evaluating internal representation of mux trees.
  Analyzing evaluation results.
Removed 0 multiplexer ports.
<suppressed ~425 debug messages>

14.15.4. Executing OPT_REDUCE pass (consolidate $*mux and $reduce_* inputs).
  Optimizing cells in module \mkPositCore.
Performed a total of 0 changes.

14.15.5. Executing OPT_MERGE pass (detect identical cells).
Finding identical cells in module `\mkPositCore'.
Removed a total of 0 cells.

14.15.6. Executing OPT_DFF pass (perform DFF optimizations).

14.15.7. Executing OPT_CLEAN pass (remove unused cells and wires).
Finding unused cells or wires in module \mkPositCore..
Removed 19 unused cells and 33 unused wires.
<suppressed ~39 debug messages>

14.15.8. Executing OPT_EXPR pass (perform const folding).
Optimizing module mkPositCore.

14.15.9. Rerunning OPT passes. (Maybe there is more to do..)

14.15.10. Executing OPT_MUXTREE pass (detect dead branches in mux trees).
Running muxtree optimizer on module \mkPositCore..
  Creating internal representation of mux trees.
  Evaluating internal representation of mux trees.
  Analyzing evaluation results.
Removed 0 multiplexer ports.
<suppressed ~425 debug messages>

14.15.11. Executing OPT_REDUCE pass (consolidate $*mux and $reduce_* inputs).
  Optimizing cells in module \mkPositCore.
Performed a total of 0 changes.

14.15.12. Executing OPT_MERGE pass (detect identical cells).
Finding identical cells in module `\mkPositCore'.
Removed a total of 0 cells.

14.15.13. Executing OPT_DFF pass (perform DFF optimizations).

14.15.14. Executing OPT_CLEAN pass (remove unused cells and wires).
Finding unused cells or wires in module \mkPositCore..

14.15.15. Executing OPT_EXPR pass (perform const folding).
Optimizing module mkPositCore.

14.15.16. Finished OPT passes. (There is nothing left to do.)

14.16. Executing MEMORY pass.

14.16.1. Executing OPT_MEM pass (optimize memories).
Performed a total of 0 transformations.

14.16.2. Executing OPT_MEM_PRIORITY pass (removing unnecessary memory write priority relations).
Performed a total of 0 transformations.

14.16.3. Executing OPT_MEM_FEEDBACK pass (finding memory read-to-write feedback paths).
  Analyzing mkPositCore.quire.seg_adder_vff_carry_0.arr write port 0.
  Analyzing mkPositCore.quire.seg_adder_vff_carry_1.arr write port 0.
  Analyzing mkPositCore.quire.seg_adder_vff_carry_10.arr write port 0.
  Analyzing mkPositCore.quire.seg_adder_vff_carry_11.arr write port 0.
  Analyzing mkPositCore.quire.seg_adder_vff_carry_12.arr write port 0.
  Analyzing mkPositCore.quire.seg_adder_vff_carry_13.arr write port 0.
  Analyzing mkPositCore.quire.seg_adder_vff_carry_14.arr write port 0.
  Analyzing mkPositCore.quire.seg_adder_vff_carry_2.arr write port 0.
  Analyzing mkPositCore.quire.seg_adder_vff_carry_3.arr write port 0.
  Analyzing mkPositCore.quire.seg_adder_vff_carry_4.arr write port 0.
  Analyzing mkPositCore.quire.seg_adder_vff_carry_5.arr write port 0.
  Analyzing mkPositCore.quire.seg_adder_vff_carry_6.arr write port 0.
  Analyzing mkPositCore.quire.seg_adder_vff_carry_7.arr write port 0.
  Analyzing mkPositCore.quire.seg_adder_vff_carry_8.arr write port 0.
  Analyzing mkPositCore.quire.seg_adder_vff_carry_9.arr write port 0.
  Analyzing mkPositCore.quire.seg_adder_vff_in_0.arr write port 0.
  Analyzing mkPositCore.quire.seg_adder_vff_in_1.arr write port 0.
  Analyzing mkPositCore.quire.seg_adder_vff_in_10.arr write port 0.
  Analyzing mkPositCore.quire.seg_adder_vff_in_11.arr write port 0.
  Analyzing mkPositCore.quire.seg_adder_vff_in_12.arr write port 0.
  Analyzing mkPositCore.quire.seg_adder_vff_in_13.arr write port 0.
  Analyzing mkPositCore.quire.seg_adder_vff_in_14.arr write port 0.
  Analyzing mkPositCore.quire.seg_adder_vff_in_15.arr write port 0.
  Analyzing mkPositCore.quire.seg_adder_vff_in_2.arr write port 0.
  Analyzing mkPositCore.quire.seg_adder_vff_in_3.arr write port 0.
  Analyzing mkPositCore.quire.seg_adder_vff_in_4.arr write port 0.
  Analyzing mkPositCore.quire.seg_adder_vff_in_5.arr write port 0.
  Analyzing mkPositCore.quire.seg_adder_vff_in_6.arr write port 0.
  Analyzing mkPositCore.quire.seg_adder_vff_in_7.arr write port 0.
  Analyzing mkPositCore.quire.seg_adder_vff_in_8.arr write port 0.
  Analyzing mkPositCore.quire.seg_adder_vff_in_9.arr write port 0.

14.16.4. Executing MEMORY_BMUX2ROM pass (converting muxes to ROMs).

14.16.5. Executing MEMORY_DFF pass (merging $dff cells to $memrd).
Checking read port `\quire.seg_adder_vff_carry_0.arr'[0] in module `\mkPositCore': no output FF found.
Checking read port `\quire.seg_adder_vff_carry_1.arr'[0] in module `\mkPositCore': no output FF found.
Checking read port `\quire.seg_adder_vff_carry_10.arr'[0] in module `\mkPositCore': no output FF found.
Checking read port `\quire.seg_adder_vff_carry_11.arr'[0] in module `\mkPositCore': no output FF found.
Checking read port `\quire.seg_adder_vff_carry_12.arr'[0] in module `\mkPositCore': no output FF found.
Checking read port `\quire.seg_adder_vff_carry_13.arr'[0] in module `\mkPositCore': no output FF found.
Checking read port `\quire.seg_adder_vff_carry_14.arr'[0] in module `\mkPositCore': no output FF found.
Checking read port `\quire.seg_adder_vff_carry_2.arr'[0] in module `\mkPositCore': no output FF found.
Checking read port `\quire.seg_adder_vff_carry_3.arr'[0] in module `\mkPositCore': no output FF found.
Checking read port `\quire.seg_adder_vff_carry_4.arr'[0] in module `\mkPositCore': no output FF found.
Checking read port `\quire.seg_adder_vff_carry_5.arr'[0] in module `\mkPositCore': no output FF found.
Checking read port `\quire.seg_adder_vff_carry_6.arr'[0] in module `\mkPositCore': no output FF found.
Checking read port `\quire.seg_adder_vff_carry_7.arr'[0] in module `\mkPositCore': no output FF found.
Checking read port `\quire.seg_adder_vff_carry_8.arr'[0] in module `\mkPositCore': no output FF found.
Checking read port `\quire.seg_adder_vff_carry_9.arr'[0] in module `\mkPositCore': no output FF found.
Checking read port `\quire.seg_adder_vff_in_0.arr'[0] in module `\mkPositCore': no output FF found.
Checking read port `\quire.seg_adder_vff_in_1.arr'[0] in module `\mkPositCore': no output FF found.
Checking read port `\quire.seg_adder_vff_in_10.arr'[0] in module `\mkPositCore': no output FF found.
Checking read port `\quire.seg_adder_vff_in_11.arr'[0] in module `\mkPositCore': no output FF found.
Checking read port `\quire.seg_adder_vff_in_12.arr'[0] in module `\mkPositCore': no output FF found.
Checking read port `\quire.seg_adder_vff_in_13.arr'[0] in module `\mkPositCore': no output FF found.
Checking read port `\quire.seg_adder_vff_in_14.arr'[0] in module `\mkPositCore': no output FF found.
Checking read port `\quire.seg_adder_vff_in_15.arr'[0] in module `\mkPositCore': no output FF found.
Checking read port `\quire.seg_adder_vff_in_2.arr'[0] in module `\mkPositCore': no output FF found.
Checking read port `\quire.seg_adder_vff_in_3.arr'[0] in module `\mkPositCore': no output FF found.
Checking read port `\quire.seg_adder_vff_in_4.arr'[0] in module `\mkPositCore': no output FF found.
Checking read port `\quire.seg_adder_vff_in_5.arr'[0] in module `\mkPositCore': no output FF found.
Checking read port `\quire.seg_adder_vff_in_6.arr'[0] in module `\mkPositCore': no output FF found.
Checking read port `\quire.seg_adder_vff_in_7.arr'[0] in module `\mkPositCore': no output FF found.
Checking read port `\quire.seg_adder_vff_in_8.arr'[0] in module `\mkPositCore': no output FF found.
Checking read port `\quire.seg_adder_vff_in_9.arr'[0] in module `\mkPositCore': no output FF found.
Checking read port address `\quire.seg_adder_vff_carry_0.arr'[0] in module `\mkPositCore': merged address FF to cell.
Checking read port address `\quire.seg_adder_vff_carry_1.arr'[0] in module `\mkPositCore': merged address FF to cell.
Checking read port address `\quire.seg_adder_vff_carry_10.arr'[0] in module `\mkPositCore': merged address FF to cell.
Checking read port address `\quire.seg_adder_vff_carry_11.arr'[0] in module `\mkPositCore': merged address FF to cell.
Checking read port address `\quire.seg_adder_vff_carry_12.arr'[0] in module `\mkPositCore': merged address FF to cell.
Checking read port address `\quire.seg_adder_vff_carry_13.arr'[0] in module `\mkPositCore': merged address FF to cell.
Checking read port address `\quire.seg_adder_vff_carry_14.arr'[0] in module `\mkPositCore': merged address FF to cell.
Checking read port address `\quire.seg_adder_vff_carry_2.arr'[0] in module `\mkPositCore': merged address FF to cell.
Checking read port address `\quire.seg_adder_vff_carry_3.arr'[0] in module `\mkPositCore': merged address FF to cell.
Checking read port address `\quire.seg_adder_vff_carry_4.arr'[0] in module `\mkPositCore': merged address FF to cell.
Checking read port address `\quire.seg_adder_vff_carry_5.arr'[0] in module `\mkPositCore': merged address FF to cell.
Checking read port address `\quire.seg_adder_vff_carry_6.arr'[0] in module `\mkPositCore': merged address FF to cell.
Checking read port address `\quire.seg_adder_vff_carry_7.arr'[0] in module `\mkPositCore': merged address FF to cell.
Checking read port address `\quire.seg_adder_vff_carry_8.arr'[0] in module `\mkPositCore': merged address FF to cell.
Checking read port address `\quire.seg_adder_vff_carry_9.arr'[0] in module `\mkPositCore': merged address FF to cell.
Checking read port address `\quire.seg_adder_vff_in_0.arr'[0] in module `\mkPositCore': merged address FF to cell.
Checking read port address `\quire.seg_adder_vff_in_1.arr'[0] in module `\mkPositCore': merged address FF to cell.
Checking read port address `\quire.seg_adder_vff_in_10.arr'[0] in module `\mkPositCore': merged address FF to cell.
Checking read port address `\quire.seg_adder_vff_in_11.arr'[0] in module `\mkPositCore': merged address FF to cell.
Checking read port address `\quire.seg_adder_vff_in_12.arr'[0] in module `\mkPositCore': merged address FF to cell.
Checking read port address `\quire.seg_adder_vff_in_13.arr'[0] in module `\mkPositCore': merged address FF to cell.
Checking read port address `\quire.seg_adder_vff_in_14.arr'[0] in module `\mkPositCore': merged address FF to cell.
Checking read port address `\quire.seg_adder_vff_in_15.arr'[0] in module `\mkPositCore': merged address FF to cell.
Checking read port address `\quire.seg_adder_vff_in_2.arr'[0] in module `\mkPositCore': merged address FF to cell.
Checking read port address `\quire.seg_adder_vff_in_3.arr'[0] in module `\mkPositCore': merged address FF to cell.
Checking read port address `\quire.seg_adder_vff_in_4.arr'[0] in module `\mkPositCore': merged address FF to cell.
Checking read port address `\quire.seg_adder_vff_in_5.arr'[0] in module `\mkPositCore': merged address FF to cell.
Checking read port address `\quire.seg_adder_vff_in_6.arr'[0] in module `\mkPositCore': merged address FF to cell.
Checking read port address `\quire.seg_adder_vff_in_7.arr'[0] in module `\mkPositCore': merged address FF to cell.
Checking read port address `\quire.seg_adder_vff_in_8.arr'[0] in module `\mkPositCore': merged address FF to cell.
Checking read port address `\quire.seg_adder_vff_in_9.arr'[0] in module `\mkPositCore': merged address FF to cell.

14.16.6. Executing OPT_CLEAN pass (remove unused cells and wires).
Finding unused cells or wires in module \mkPositCore..

14.16.7. Executing MEMORY_SHARE pass (consolidating $memrd/$memwr cells).

14.16.8. Executing OPT_MEM_WIDEN pass (optimize memories where all ports are wide).
Performed a total of 0 transformations.

14.16.9. Executing OPT_CLEAN pass (remove unused cells and wires).
Finding unused cells or wires in module \mkPositCore..

14.16.10. Executing MEMORY_COLLECT pass (generating $mem cells).

14.17. Executing OPT_CLEAN pass (remove unused cells and wires).
Finding unused cells or wires in module \mkPositCore..

14.18. Executing OPT pass (performing simple optimizations).

14.18.1. Executing OPT_EXPR pass (perform const folding).
Optimizing module mkPositCore.
<suppressed ~1094 debug messages>

14.18.2. Executing OPT_MERGE pass (detect identical cells).
Finding identical cells in module `\mkPositCore'.
<suppressed ~24 debug messages>
Removed a total of 8 cells.

14.18.3. Executing OPT_DFF pass (perform DFF optimizations).

14.18.4. Executing OPT_CLEAN pass (remove unused cells and wires).
Finding unused cells or wires in module \mkPositCore..
Removed 31 unused cells and 329 unused wires.
<suppressed ~35 debug messages>

14.18.5. Finished fast OPT passes.

14.19. Executing MEMORY_MAP pass (converting memories to logic and flip-flops).
Mapping memory \quire.seg_adder_vff_carry_0.arr in module \mkPositCore:
  created 3 $dff cells and 0 static cells of width 1.
Extracted addr FF from read port 0 of mkPositCore.quire.seg_adder_vff_carry_0.arr: $\quire.seg_adder_vff_carry_0.arr$rdreg[0]
  read interface: 1 $dff and 3 $mux cells.
  write interface: 3 write mux blocks.
Mapping memory \quire.seg_adder_vff_carry_1.arr in module \mkPositCore:
  created 3 $dff cells and 0 static cells of width 1.
Extracted addr FF from read port 0 of mkPositCore.quire.seg_adder_vff_carry_1.arr: $\quire.seg_adder_vff_carry_1.arr$rdreg[0]
  read interface: 1 $dff and 3 $mux cells.
  write interface: 3 write mux blocks.
Mapping memory \quire.seg_adder_vff_carry_10.arr in module \mkPositCore:
  created 3 $dff cells and 0 static cells of width 1.
Extracted addr FF from read port 0 of mkPositCore.quire.seg_adder_vff_carry_10.arr: $\quire.seg_adder_vff_carry_10.arr$rdreg[0]
  read interface: 1 $dff and 3 $mux cells.
  write interface: 3 write mux blocks.
Mapping memory \quire.seg_adder_vff_carry_11.arr in module \mkPositCore:
  created 3 $dff cells and 0 static cells of width 1.
Extracted addr FF from read port 0 of mkPositCore.quire.seg_adder_vff_carry_11.arr: $\quire.seg_adder_vff_carry_11.arr$rdreg[0]
  read interface: 1 $dff and 3 $mux cells.
  write interface: 3 write mux blocks.
Mapping memory \quire.seg_adder_vff_carry_12.arr in module \mkPositCore:
  created 3 $dff cells and 0 static cells of width 1.
Extracted addr FF from read port 0 of mkPositCore.quire.seg_adder_vff_carry_12.arr: $\quire.seg_adder_vff_carry_12.arr$rdreg[0]
  read interface: 1 $dff and 3 $mux cells.
  write interface: 3 write mux blocks.
Mapping memory \quire.seg_adder_vff_carry_13.arr in module \mkPositCore:
  created 3 $dff cells and 0 static cells of width 1.
Extracted addr FF from read port 0 of mkPositCore.quire.seg_adder_vff_carry_13.arr: $\quire.seg_adder_vff_carry_13.arr$rdreg[0]
  read interface: 1 $dff and 3 $mux cells.
  write interface: 3 write mux blocks.
Mapping memory \quire.seg_adder_vff_carry_14.arr in module \mkPositCore:
  created 3 $dff cells and 0 static cells of width 1.
Extracted addr FF from read port 0 of mkPositCore.quire.seg_adder_vff_carry_14.arr: $\quire.seg_adder_vff_carry_14.arr$rdreg[0]
  read interface: 1 $dff and 3 $mux cells.
  write interface: 3 write mux blocks.
Mapping memory \quire.seg_adder_vff_carry_2.arr in module \mkPositCore:
  created 3 $dff cells and 0 static cells of width 1.
Extracted addr FF from read port 0 of mkPositCore.quire.seg_adder_vff_carry_2.arr: $\quire.seg_adder_vff_carry_2.arr$rdreg[0]
  read interface: 1 $dff and 3 $mux cells.
  write interface: 3 write mux blocks.
Mapping memory \quire.seg_adder_vff_carry_3.arr in module \mkPositCore:
  created 3 $dff cells and 0 static cells of width 1.
Extracted addr FF from read port 0 of mkPositCore.quire.seg_adder_vff_carry_3.arr: $\quire.seg_adder_vff_carry_3.arr$rdreg[0]
  read interface: 1 $dff and 3 $mux cells.
  write interface: 3 write mux blocks.
Mapping memory \quire.seg_adder_vff_carry_4.arr in module \mkPositCore:
  created 3 $dff cells and 0 static cells of width 1.
Extracted addr FF from read port 0 of mkPositCore.quire.seg_adder_vff_carry_4.arr: $\quire.seg_adder_vff_carry_4.arr$rdreg[0]
  read interface: 1 $dff and 3 $mux cells.
  write interface: 3 write mux blocks.
Mapping memory \quire.seg_adder_vff_carry_5.arr in module \mkPositCore:
  created 3 $dff cells and 0 static cells of width 1.
Extracted addr FF from read port 0 of mkPositCore.quire.seg_adder_vff_carry_5.arr: $\quire.seg_adder_vff_carry_5.arr$rdreg[0]
  read interface: 1 $dff and 3 $mux cells.
  write interface: 3 write mux blocks.
Mapping memory \quire.seg_adder_vff_carry_6.arr in module \mkPositCore:
  created 3 $dff cells and 0 static cells of width 1.
Extracted addr FF from read port 0 of mkPositCore.quire.seg_adder_vff_carry_6.arr: $\quire.seg_adder_vff_carry_6.arr$rdreg[0]
  read interface: 1 $dff and 3 $mux cells.
  write interface: 3 write mux blocks.
Mapping memory \quire.seg_adder_vff_carry_7.arr in module \mkPositCore:
  created 3 $dff cells and 0 static cells of width 1.
Extracted addr FF from read port 0 of mkPositCore.quire.seg_adder_vff_carry_7.arr: $\quire.seg_adder_vff_carry_7.arr$rdreg[0]
  read interface: 1 $dff and 3 $mux cells.
  write interface: 3 write mux blocks.
Mapping memory \quire.seg_adder_vff_carry_8.arr in module \mkPositCore:
  created 3 $dff cells and 0 static cells of width 1.
Extracted addr FF from read port 0 of mkPositCore.quire.seg_adder_vff_carry_8.arr: $\quire.seg_adder_vff_carry_8.arr$rdreg[0]
  read interface: 1 $dff and 3 $mux cells.
  write interface: 3 write mux blocks.
Mapping memory \quire.seg_adder_vff_carry_9.arr in module \mkPositCore:
  created 3 $dff cells and 0 static cells of width 1.
Extracted addr FF from read port 0 of mkPositCore.quire.seg_adder_vff_carry_9.arr: $\quire.seg_adder_vff_carry_9.arr$rdreg[0]
  read interface: 1 $dff and 3 $mux cells.
  write interface: 3 write mux blocks.
Mapping memory \quire.seg_adder_vff_in_0.arr in module \mkPositCore:
  created 3 $dff cells and 0 static cells of width 32.
Extracted addr FF from read port 0 of mkPositCore.quire.seg_adder_vff_in_0.arr: $\quire.seg_adder_vff_in_0.arr$rdreg[0]
  read interface: 1 $dff and 3 $mux cells.
  write interface: 3 write mux blocks.
Mapping memory \quire.seg_adder_vff_in_1.arr in module \mkPositCore:
  created 3 $dff cells and 0 static cells of width 32.
Extracted addr FF from read port 0 of mkPositCore.quire.seg_adder_vff_in_1.arr: $\quire.seg_adder_vff_in_1.arr$rdreg[0]
  read interface: 1 $dff and 3 $mux cells.
  write interface: 3 write mux blocks.
Mapping memory \quire.seg_adder_vff_in_10.arr in module \mkPositCore:
  created 3 $dff cells and 0 static cells of width 32.
Extracted addr FF from read port 0 of mkPositCore.quire.seg_adder_vff_in_10.arr: $\quire.seg_adder_vff_in_10.arr$rdreg[0]
  read interface: 1 $dff and 3 $mux cells.
  write interface: 3 write mux blocks.
Mapping memory \quire.seg_adder_vff_in_11.arr in module \mkPositCore:
  created 3 $dff cells and 0 static cells of width 32.
Extracted addr FF from read port 0 of mkPositCore.quire.seg_adder_vff_in_11.arr: $\quire.seg_adder_vff_in_11.arr$rdreg[0]
  read interface: 1 $dff and 3 $mux cells.
  write interface: 3 write mux blocks.
Mapping memory \quire.seg_adder_vff_in_12.arr in module \mkPositCore:
  created 3 $dff cells and 0 static cells of width 32.
Extracted addr FF from read port 0 of mkPositCore.quire.seg_adder_vff_in_12.arr: $\quire.seg_adder_vff_in_12.arr$rdreg[0]
  read interface: 1 $dff and 3 $mux cells.
  write interface: 3 write mux blocks.
Mapping memory \quire.seg_adder_vff_in_13.arr in module \mkPositCore:
  created 3 $dff cells and 0 static cells of width 32.
Extracted addr FF from read port 0 of mkPositCore.quire.seg_adder_vff_in_13.arr: $\quire.seg_adder_vff_in_13.arr$rdreg[0]
  read interface: 1 $dff and 3 $mux cells.
  write interface: 3 write mux blocks.
Mapping memory \quire.seg_adder_vff_in_14.arr in module \mkPositCore:
  created 3 $dff cells and 0 static cells of width 32.
Extracted addr FF from read port 0 of mkPositCore.quire.seg_adder_vff_in_14.arr: $\quire.seg_adder_vff_in_14.arr$rdreg[0]
  read interface: 1 $dff and 3 $mux cells.
  write interface: 3 write mux blocks.
Mapping memory \quire.seg_adder_vff_in_15.arr in module \mkPositCore:
  created 3 $dff cells and 0 static cells of width 32.
Extracted addr FF from read port 0 of mkPositCore.quire.seg_adder_vff_in_15.arr: $\quire.seg_adder_vff_in_15.arr$rdreg[0]
  read interface: 1 $dff and 3 $mux cells.
  write interface: 3 write mux blocks.
Mapping memory \quire.seg_adder_vff_in_2.arr in module \mkPositCore:
  created 3 $dff cells and 0 static cells of width 32.
Extracted addr FF from read port 0 of mkPositCore.quire.seg_adder_vff_in_2.arr: $\quire.seg_adder_vff_in_2.arr$rdreg[0]
  read interface: 1 $dff and 3 $mux cells.
  write interface: 3 write mux blocks.
Mapping memory \quire.seg_adder_vff_in_3.arr in module \mkPositCore:
  created 3 $dff cells and 0 static cells of width 32.
Extracted addr FF from read port 0 of mkPositCore.quire.seg_adder_vff_in_3.arr: $\quire.seg_adder_vff_in_3.arr$rdreg[0]
  read interface: 1 $dff and 3 $mux cells.
  write interface: 3 write mux blocks.
Mapping memory \quire.seg_adder_vff_in_4.arr in module \mkPositCore:
  created 3 $dff cells and 0 static cells of width 32.
Extracted addr FF from read port 0 of mkPositCore.quire.seg_adder_vff_in_4.arr: $\quire.seg_adder_vff_in_4.arr$rdreg[0]
  read interface: 1 $dff and 3 $mux cells.
  write interface: 3 write mux blocks.
Mapping memory \quire.seg_adder_vff_in_5.arr in module \mkPositCore:
  created 3 $dff cells and 0 static cells of width 32.
Extracted addr FF from read port 0 of mkPositCore.quire.seg_adder_vff_in_5.arr: $\quire.seg_adder_vff_in_5.arr$rdreg[0]
  read interface: 1 $dff and 3 $mux cells.
  write interface: 3 write mux blocks.
Mapping memory \quire.seg_adder_vff_in_6.arr in module \mkPositCore:
  created 3 $dff cells and 0 static cells of width 32.
Extracted addr FF from read port 0 of mkPositCore.quire.seg_adder_vff_in_6.arr: $\quire.seg_adder_vff_in_6.arr$rdreg[0]
  read interface: 1 $dff and 3 $mux cells.
  write interface: 3 write mux blocks.
Mapping memory \quire.seg_adder_vff_in_7.arr in module \mkPositCore:
  created 3 $dff cells and 0 static cells of width 32.
Extracted addr FF from read port 0 of mkPositCore.quire.seg_adder_vff_in_7.arr: $\quire.seg_adder_vff_in_7.arr$rdreg[0]
  read interface: 1 $dff and 3 $mux cells.
  write interface: 3 write mux blocks.
Mapping memory \quire.seg_adder_vff_in_8.arr in module \mkPositCore:
  created 3 $dff cells and 0 static cells of width 32.
Extracted addr FF from read port 0 of mkPositCore.quire.seg_adder_vff_in_8.arr: $\quire.seg_adder_vff_in_8.arr$rdreg[0]
  read interface: 1 $dff and 3 $mux cells.
  write interface: 3 write mux blocks.
Mapping memory \quire.seg_adder_vff_in_9.arr in module \mkPositCore:
  created 3 $dff cells and 0 static cells of width 32.
Extracted addr FF from read port 0 of mkPositCore.quire.seg_adder_vff_in_9.arr: $\quire.seg_adder_vff_in_9.arr$rdreg[0]
  read interface: 1 $dff and 3 $mux cells.
  write interface: 3 write mux blocks.

14.20. Executing OPT pass (performing simple optimizations).

14.20.1. Executing OPT_EXPR pass (perform const folding).
Optimizing module mkPositCore.
<suppressed ~372 debug messages>

14.20.2. Executing OPT_MERGE pass (detect identical cells).
Finding identical cells in module `\mkPositCore'.
Removed a total of 0 cells.

14.20.3. Executing OPT_MUXTREE pass (detect dead branches in mux trees).
Running muxtree optimizer on module \mkPositCore..
  Creating internal representation of mux trees.
  Evaluating internal representation of mux trees.
  Analyzing evaluation results.
Removed 0 multiplexer ports.
<suppressed ~375 debug messages>

14.20.4. Executing OPT_REDUCE pass (consolidate $*mux and $reduce_* inputs).
  Optimizing cells in module \mkPositCore.
    Consolidated identical input bits for $mux cell $flatten\extracter1.$ternary$/teamspace/studios/this_studio/Melodica-Integration-into-Fife-Core/Learn_Bluespec_and_RISCV_Design/Code/Build/Fife/verilog/mkExtracter.v:144$1228:
      Old ports: A={ \extracter1.new_inp__h141 [24:0] 4'0000 }, B={ \extracter1.new_inp__h141 [25:0] 3'000 }, Y=$flatten\extracter1.$ternary$/teamspace/studios/this_studio/Melodica-Integration-into-Fife-Core/Learn_Bluespec_and_RISCV_Design/Code/Build/Fife/verilog/mkExtracter.v:144$1228_Y
      New ports: A={ \extracter1.new_inp__h141 [24:0] 1'0 }, B=\extracter1.new_inp__h141 [25:0], Y=$flatten\extracter1.$ternary$/teamspace/studios/this_studio/Melodica-Integration-into-Fife-Core/Learn_Bluespec_and_RISCV_Design/Code/Build/Fife/verilog/mkExtracter.v:144$1228_Y [28:3]
      New connections: $flatten\extracter1.$ternary$/teamspace/studios/this_studio/Melodica-Integration-into-Fife-Core/Learn_Bluespec_and_RISCV_Design/Code/Build/Fife/verilog/mkExtracter.v:144$1228_Y [2:0] = 3'000
    Consolidated identical input bits for $mux cell $flatten\extracter1.$ternary$/teamspace/studios/this_studio/Melodica-Integration-into-Fife-Core/Learn_Bluespec_and_RISCV_Design/Code/Build/Fife/verilog/mkExtracter.v:156$1237:
      Old ports: A={ \extracter1.IF_new_inp41_BIT_30_THEN_b033_ELSE_b035__q1 \extracter1.IF_IF_request_put_BIT_31_THEN_INV_request_put__ETC___d47 [28:27] \extracter1.IF_IF_request_put_BIT_31_THEN_INV_request_put__ETC___d47 [24:0] 2'00 }, B=35'00000000000000000000000000000000000, Y=\extracter1.IF_request_put_BITS_30_TO_0_EQ_0_AND_NOT_reque_ETC___d54
      New ports: A={ \extracter1.IF_new_inp41_BIT_30_THEN_b033_ELSE_b035__q1 \extracter1.IF_IF_request_put_BIT_31_THEN_INV_request_put__ETC___d47 [28:27] \extracter1.IF_IF_request_put_BIT_31_THEN_INV_request_put__ETC___d47 [24:0] }, B=33'000000000000000000000000000000000, Y=\extracter1.IF_request_put_BITS_30_TO_0_EQ_0_AND_NOT_reque_ETC___d54 [34:2]
      New connections: \extracter1.IF_request_put_BITS_30_TO_0_EQ_0_AND_NOT_reque_ETC___d54 [1:0] = 2'00
    Consolidated identical input bits for $mux cell $flatten\extracter2.$ternary$/teamspace/studios/this_studio/Melodica-Integration-into-Fife-Core/Learn_Bluespec_and_RISCV_Design/Code/Build/Fife/verilog/mkExtracter.v:144$1228:
      Old ports: A={ \extracter2.new_inp__h141 [24:0] 4'0000 }, B={ \extracter2.new_inp__h141 [25:0] 3'000 }, Y=$flatten\extracter2.$ternary$/teamspace/studios/this_studio/Melodica-Integration-into-Fife-Core/Learn_Bluespec_and_RISCV_Design/Code/Build/Fife/verilog/mkExtracter.v:144$1228_Y
      New ports: A={ \extracter2.new_inp__h141 [24:0] 1'0 }, B=\extracter2.new_inp__h141 [25:0], Y=$flatten\extracter2.$ternary$/teamspace/studios/this_studio/Melodica-Integration-into-Fife-Core/Learn_Bluespec_and_RISCV_Design/Code/Build/Fife/verilog/mkExtracter.v:144$1228_Y [28:3]
      New connections: $flatten\extracter2.$ternary$/teamspace/studios/this_studio/Melodica-Integration-into-Fife-Core/Learn_Bluespec_and_RISCV_Design/Code/Build/Fife/verilog/mkExtracter.v:144$1228_Y [2:0] = 3'000
    Consolidated identical input bits for $mux cell $flatten\extracter2.$ternary$/teamspace/studios/this_studio/Melodica-Integration-into-Fife-Core/Learn_Bluespec_and_RISCV_Design/Code/Build/Fife/verilog/mkExtracter.v:156$1237:
      Old ports: A={ \extracter2.IF_new_inp41_BIT_30_THEN_b033_ELSE_b035__q1 \extracter2.IF_IF_request_put_BIT_31_THEN_INV_request_put__ETC___d47 [28:27] \extracter2.IF_IF_request_put_BIT_31_THEN_INV_request_put__ETC___d47 [24:0] 2'00 }, B=35'00000000000000000000000000000000000, Y=\extracter2.IF_request_put_BITS_30_TO_0_EQ_0_AND_NOT_reque_ETC___d54
      New ports: A={ \extracter2.IF_new_inp41_BIT_30_THEN_b033_ELSE_b035__q1 \extracter2.IF_IF_request_put_BIT_31_THEN_INV_request_put__ETC___d47 [28:27] \extracter2.IF_IF_request_put_BIT_31_THEN_INV_request_put__ETC___d47 [24:0] }, B=33'000000000000000000000000000000000, Y=\extracter2.IF_request_put_BITS_30_TO_0_EQ_0_AND_NOT_reque_ETC___d54 [34:2]
      New connections: \extracter2.IF_request_put_BITS_30_TO_0_EQ_0_AND_NOT_reque_ETC___d54 [1:0] = 2'00
    Consolidated identical input bits for $mux cell $flatten\ftop.$ternary$/teamspace/studios/this_studio/Melodica-Integration-into-Fife-Core/Learn_Bluespec_and_RISCV_Design/Code/Build/Fife/verilog/mkFtoP_PNE.v:118$1260:
      Old ports: A=2'00, B=2'10, Y=$flatten\ftop.$ternary$/teamspace/studios/this_studio/Melodica-Integration-into-Fife-Core/Learn_Bluespec_and_RISCV_Design/Code/Build/Fife/verilog/mkFtoP_PNE.v:118$1260_Y
      New ports: A=1'0, B=1'1, Y=$flatten\ftop.$ternary$/teamspace/studios/this_studio/Melodica-Integration-into-Fife-Core/Learn_Bluespec_and_RISCV_Design/Code/Build/Fife/verilog/mkFtoP_PNE.v:118$1260_Y [1]
      New connections: $flatten\ftop.$ternary$/teamspace/studios/this_studio/Melodica-Integration-into-Fife-Core/Learn_Bluespec_and_RISCV_Design/Code/Build/Fife/verilog/mkFtoP_PNE.v:118$1260_Y [0] = 1'0
    Consolidated identical input bits for $mux cell $flatten\ftop.$ternary$/teamspace/studios/this_studio/Melodica-Integration-into-Fife-Core/Learn_Bluespec_and_RISCV_Design/Code/Build/Fife/verilog/mkFtoP_PNE.v:161$1281:
      Old ports: A=27'111111111111111111111111111, B={ \ffI.data0_reg [94:72] 4'0000 }, Y=$flatten\ftop.$ternary$/teamspace/studios/this_studio/Melodica-Integration-into-Fife-Core/Learn_Bluespec_and_RISCV_Design/Code/Build/Fife/verilog/mkFtoP_PNE.v:161$1281_Y
      New ports: A=24'111111111111111111111111, B={ \ffI.data0_reg [94:72] 1'0 }, Y={ $flatten\ftop.$ternary$/teamspace/studios/this_studio/Melodica-Integration-into-Fife-Core/Learn_Bluespec_and_RISCV_Design/Code/Build/Fife/verilog/mkFtoP_PNE.v:161$1281_Y [26:4] $flatten\ftop.$ternary$/teamspace/studios/this_studio/Melodica-Integration-into-Fife-Core/Learn_Bluespec_and_RISCV_Design/Code/Build/Fife/verilog/mkFtoP_PNE.v:161$1281_Y [0] }
      New connections: $flatten\ftop.$ternary$/teamspace/studios/this_studio/Melodica-Integration-into-Fife-Core/Learn_Bluespec_and_RISCV_Design/Code/Build/Fife/verilog/mkFtoP_PNE.v:161$1281_Y [3:1] = { $flatten\ftop.$ternary$/teamspace/studios/this_studio/Melodica-Integration-into-Fife-Core/Learn_Bluespec_and_RISCV_Design/Code/Build/Fife/verilog/mkFtoP_PNE.v:161$1281_Y [0] $flatten\ftop.$ternary$/teamspace/studios/this_studio/Melodica-Integration-into-Fife-Core/Learn_Bluespec_and_RISCV_Design/Code/Build/Fife/verilog/mkFtoP_PNE.v:161$1281_Y [0] $flatten\ftop.$ternary$/teamspace/studios/this_studio/Melodica-Integration-into-Fife-Core/Learn_Bluespec_and_RISCV_Design/Code/Build/Fife/verilog/mkFtoP_PNE.v:161$1281_Y [0] }
    Consolidated identical input bits for $mux cell $flatten\normalizer.$ternary$/teamspace/studios/this_studio/Melodica-Integration-into-Fife-Core/Learn_Bluespec_and_RISCV_Design/Code/Build/Fife/verilog/mkNormalizer.v:354$1193:
      Old ports: A={ 1'0 \normalizer._theResult___snd_snd__h4586 [1:0] }, B=3'000, Y=\normalizer.shift_frac__h3173
      New ports: A=\normalizer._theResult___snd_snd__h4586 [1:0], B=2'00, Y=\normalizer.shift_frac__h3173 [1:0]
      New connections: \normalizer.shift_frac__h3173 [2] = 1'0
    Consolidated identical input bits for $mux cell $flatten\quire.$ternary$/teamspace/studios/this_studio/Melodica-Integration-into-Fife-Core/Learn_Bluespec_and_RISCV_Design/Code/Build/Fife/verilog/mkQuire.v:2473$802:
      Old ports: A={ 2'00 \quire.MUX_posit_rsp_f$enq_1__VAL_2 [37] \quire.IF_IF_ff_num_msb_zeros_first__76_PLUS_1_77_BIT_ETC___d394 \quire.prenorm_posit_frac__h23946 \quire.x__h34653 \quire.x__h38265 }, B=40'1000000000000000000000000000000000000001, Y=\quire.posit_rsp_f.D_IN [39:0]
      New ports: A={ 1'0 \quire.MUX_posit_rsp_f$enq_1__VAL_2 [37] \quire.IF_IF_ff_num_msb_zeros_first__76_PLUS_1_77_BIT_ETC___d394 \quire.prenorm_posit_frac__h23946 \quire.x__h34653 \quire.x__h38265 }, B=39'100000000000000000000000000000000000001, Y={ \quire.posit_rsp_f.D_IN [39] \quire.posit_rsp_f.D_IN [37:0] }
      New connections: \quire.posit_rsp_f.D_IN [38] = 1'0
    Consolidated identical input bits for $mux cell $flatten\quire.$ternary$/teamspace/studios/this_studio/Melodica-Integration-into-Fife-Core/Learn_Bluespec_and_RISCV_Design/Code/Build/Fife/verilog/mkQuire.v:2849$884:
      Old ports: A=4'1111, B=4'0000, Y=$auto$wreduce.cc:461:run$3810 [3:0]
      New ports: A=1'1, B=1'0, Y=$auto$wreduce.cc:461:run$3810 [0]
      New connections: $auto$wreduce.cc:461:run$3810 [3:1] = { $auto$wreduce.cc:461:run$3810 [0] $auto$wreduce.cc:461:run$3810 [0] $auto$wreduce.cc:461:run$3810 [0] }
    Consolidated identical input bits for $mux cell $flatten\quire.$ternary$/teamspace/studios/this_studio/Melodica-Integration-into-Fife-Core/Learn_Bluespec_and_RISCV_Design/Code/Build/Fife/verilog/mkQuire.v:3212$969:
      Old ports: A=6'100000, B=6'011111, Y=$flatten\quire.$ternary$/teamspace/studios/this_studio/Melodica-Integration-into-Fife-Core/Learn_Bluespec_and_RISCV_Design/Code/Build/Fife/verilog/mkQuire.v:3212$969_Y
      New ports: A=2'10, B=2'01, Y={ $flatten\quire.$ternary$/teamspace/studios/this_studio/Melodica-Integration-into-Fife-Core/Learn_Bluespec_and_RISCV_Design/Code/Build/Fife/verilog/mkQuire.v:3212$969_Y [5] $flatten\quire.$ternary$/teamspace/studios/this_studio/Melodica-Integration-into-Fife-Core/Learn_Bluespec_and_RISCV_Design/Code/Build/Fife/verilog/mkQuire.v:3212$969_Y [0] }
      New connections: $flatten\quire.$ternary$/teamspace/studios/this_studio/Melodica-Integration-into-Fife-Core/Learn_Bluespec_and_RISCV_Design/Code/Build/Fife/verilog/mkQuire.v:3212$969_Y [4:1] = { $flatten\quire.$ternary$/teamspace/studios/this_studio/Melodica-Integration-into-Fife-Core/Learn_Bluespec_and_RISCV_Design/Code/Build/Fife/verilog/mkQuire.v:3212$969_Y [0] $flatten\quire.$ternary$/teamspace/studios/this_studio/Melodica-Integration-into-Fife-Core/Learn_Bluespec_and_RISCV_Design/Code/Build/Fife/verilog/mkQuire.v:3212$969_Y [0] $flatten\quire.$ternary$/teamspace/studios/this_studio/Melodica-Integration-into-Fife-Core/Learn_Bluespec_and_RISCV_Design/Code/Build/Fife/verilog/mkQuire.v:3212$969_Y [0] $flatten\quire.$ternary$/teamspace/studios/this_studio/Melodica-Integration-into-Fife-Core/Learn_Bluespec_and_RISCV_Design/Code/Build/Fife/verilog/mkQuire.v:3212$969_Y [0] }
    Consolidated identical input bits for $mux cell $flatten\quire.\instance_fn_twosC_quire_0.$ternary$/teamspace/studios/this_studio/Melodica-Integration-into-Fife-Core/Learn_Bluespec_and_RISCV_Design/Code/Build/Fife/verilog/module_fn_twosC_quire.v:124$122:
      Old ports: A=31'0000000000000000000000000000000, B=31'1111111111111111111111111111111, Y=\quire.instance_fn_twosC_quire_0.IF_fn_twosC_quire_quire_seg_zero_PLUS_1_BIT_15_ETC___d9 [30:0]
      New ports: A=1'0, B=1'1, Y=\quire.instance_fn_twosC_quire_0.IF_fn_twosC_quire_quire_seg_zero_PLUS_1_BIT_15_ETC___d9 [0]
      New connections: \quire.instance_fn_twosC_quire_0.IF_fn_twosC_quire_quire_seg_zero_PLUS_1_BIT_15_ETC___d9 [30:1] = { \quire.instance_fn_twosC_quire_0.IF_fn_twosC_quire_quire_seg_zero_PLUS_1_BIT_15_ETC___d9 [0] \quire.instance_fn_twosC_quire_0.IF_fn_twosC_quire_quire_seg_zero_PLUS_1_BIT_15_ETC___d9 [0] \quire.instance_fn_twosC_quire_0.IF_fn_twosC_quire_quire_seg_zero_PLUS_1_BIT_15_ETC___d9 [0] \quire.instance_fn_twosC_quire_0.IF_fn_twosC_quire_quire_seg_zero_PLUS_1_BIT_15_ETC___d9 [0] \quire.instance_fn_twosC_quire_0.IF_fn_twosC_quire_quire_seg_zero_PLUS_1_BIT_15_ETC___d9 [0] \quire.instance_fn_twosC_quire_0.IF_fn_twosC_quire_quire_seg_zero_PLUS_1_BIT_15_ETC___d9 [0] \quire.instance_fn_twosC_quire_0.IF_fn_twosC_quire_quire_seg_zero_PLUS_1_BIT_15_ETC___d9 [0] \quire.instance_fn_twosC_quire_0.IF_fn_twosC_quire_quire_seg_zero_PLUS_1_BIT_15_ETC___d9 [0] \quire.instance_fn_twosC_quire_0.IF_fn_twosC_quire_quire_seg_zero_PLUS_1_BIT_15_ETC___d9 [0] \quire.instance_fn_twosC_quire_0.IF_fn_twosC_quire_quire_seg_zero_PLUS_1_BIT_15_ETC___d9 [0] \quire.instance_fn_twosC_quire_0.IF_fn_twosC_quire_quire_seg_zero_PLUS_1_BIT_15_ETC___d9 [0] \quire.instance_fn_twosC_quire_0.IF_fn_twosC_quire_quire_seg_zero_PLUS_1_BIT_15_ETC___d9 [0] \quire.instance_fn_twosC_quire_0.IF_fn_twosC_quire_quire_seg_zero_PLUS_1_BIT_15_ETC___d9 [0] \quire.instance_fn_twosC_quire_0.IF_fn_twosC_quire_quire_seg_zero_PLUS_1_BIT_15_ETC___d9 [0] \quire.instance_fn_twosC_quire_0.IF_fn_twosC_quire_quire_seg_zero_PLUS_1_BIT_15_ETC___d9 [0] \quire.instance_fn_twosC_quire_0.IF_fn_twosC_quire_quire_seg_zero_PLUS_1_BIT_15_ETC___d9 [0] \quire.instance_fn_twosC_quire_0.IF_fn_twosC_quire_quire_seg_zero_PLUS_1_BIT_15_ETC___d9 [0] \quire.instance_fn_twosC_quire_0.IF_fn_twosC_quire_quire_seg_zero_PLUS_1_BIT_15_ETC___d9 [0] \quire.instance_fn_twosC_quire_0.IF_fn_twosC_quire_quire_seg_zero_PLUS_1_BIT_15_ETC___d9 [0] \quire.instance_fn_twosC_quire_0.IF_fn_twosC_quire_quire_seg_zero_PLUS_1_BIT_15_ETC___d9 [0] \quire.instance_fn_twosC_quire_0.IF_fn_twosC_quire_quire_seg_zero_PLUS_1_BIT_15_ETC___d9 [0] \quire.instance_fn_twosC_quire_0.IF_fn_twosC_quire_quire_seg_zero_PLUS_1_BIT_15_ETC___d9 [0] \quire.instance_fn_twosC_quire_0.IF_fn_twosC_quire_quire_seg_zero_PLUS_1_BIT_15_ETC___d9 [0] \quire.instance_fn_twosC_quire_0.IF_fn_twosC_quire_quire_seg_zero_PLUS_1_BIT_15_ETC___d9 [0] \quire.instance_fn_twosC_quire_0.IF_fn_twosC_quire_quire_seg_zero_PLUS_1_BIT_15_ETC___d9 [0] \quire.instance_fn_twosC_quire_0.IF_fn_twosC_quire_quire_seg_zero_PLUS_1_BIT_15_ETC___d9 [0] \quire.instance_fn_twosC_quire_0.IF_fn_twosC_quire_quire_seg_zero_PLUS_1_BIT_15_ETC___d9 [0] \quire.instance_fn_twosC_quire_0.IF_fn_twosC_quire_quire_seg_zero_PLUS_1_BIT_15_ETC___d9 [0] \quire.instance_fn_twosC_quire_0.IF_fn_twosC_quire_quire_seg_zero_PLUS_1_BIT_15_ETC___d9 [0] \quire.instance_fn_twosC_quire_0.IF_fn_twosC_quire_quire_seg_zero_PLUS_1_BIT_15_ETC___d9 [0] }
    Consolidated identical input bits for $mux cell $flatten\quire.\instance_fn_twosC_quire_2.$ternary$/teamspace/studios/this_studio/Melodica-Integration-into-Fife-Core/Learn_Bluespec_and_RISCV_Design/Code/Build/Fife/verilog/module_fn_twosC_quire.v:124$122:
      Old ports: A=31'0000000000000000000000000000000, B=31'1111111111111111111111111111111, Y=\quire.instance_fn_twosC_quire_2.IF_fn_twosC_quire_quire_seg_zero_PLUS_1_BIT_15_ETC___d9 [30:0]
      New ports: A=1'0, B=1'1, Y=\quire.instance_fn_twosC_quire_2.IF_fn_twosC_quire_quire_seg_zero_PLUS_1_BIT_15_ETC___d9 [0]
      New connections: \quire.instance_fn_twosC_quire_2.IF_fn_twosC_quire_quire_seg_zero_PLUS_1_BIT_15_ETC___d9 [30:1] = { \quire.instance_fn_twosC_quire_2.IF_fn_twosC_quire_quire_seg_zero_PLUS_1_BIT_15_ETC___d9 [0] \quire.instance_fn_twosC_quire_2.IF_fn_twosC_quire_quire_seg_zero_PLUS_1_BIT_15_ETC___d9 [0] \quire.instance_fn_twosC_quire_2.IF_fn_twosC_quire_quire_seg_zero_PLUS_1_BIT_15_ETC___d9 [0] \quire.instance_fn_twosC_quire_2.IF_fn_twosC_quire_quire_seg_zero_PLUS_1_BIT_15_ETC___d9 [0] \quire.instance_fn_twosC_quire_2.IF_fn_twosC_quire_quire_seg_zero_PLUS_1_BIT_15_ETC___d9 [0] \quire.instance_fn_twosC_quire_2.IF_fn_twosC_quire_quire_seg_zero_PLUS_1_BIT_15_ETC___d9 [0] \quire.instance_fn_twosC_quire_2.IF_fn_twosC_quire_quire_seg_zero_PLUS_1_BIT_15_ETC___d9 [0] \quire.instance_fn_twosC_quire_2.IF_fn_twosC_quire_quire_seg_zero_PLUS_1_BIT_15_ETC___d9 [0] \quire.instance_fn_twosC_quire_2.IF_fn_twosC_quire_quire_seg_zero_PLUS_1_BIT_15_ETC___d9 [0] \quire.instance_fn_twosC_quire_2.IF_fn_twosC_quire_quire_seg_zero_PLUS_1_BIT_15_ETC___d9 [0] \quire.instance_fn_twosC_quire_2.IF_fn_twosC_quire_quire_seg_zero_PLUS_1_BIT_15_ETC___d9 [0] \quire.instance_fn_twosC_quire_2.IF_fn_twosC_quire_quire_seg_zero_PLUS_1_BIT_15_ETC___d9 [0] \quire.instance_fn_twosC_quire_2.IF_fn_twosC_quire_quire_seg_zero_PLUS_1_BIT_15_ETC___d9 [0] \quire.instance_fn_twosC_quire_2.IF_fn_twosC_quire_quire_seg_zero_PLUS_1_BIT_15_ETC___d9 [0] \quire.instance_fn_twosC_quire_2.IF_fn_twosC_quire_quire_seg_zero_PLUS_1_BIT_15_ETC___d9 [0] \quire.instance_fn_twosC_quire_2.IF_fn_twosC_quire_quire_seg_zero_PLUS_1_BIT_15_ETC___d9 [0] \quire.instance_fn_twosC_quire_2.IF_fn_twosC_quire_quire_seg_zero_PLUS_1_BIT_15_ETC___d9 [0] \quire.instance_fn_twosC_quire_2.IF_fn_twosC_quire_quire_seg_zero_PLUS_1_BIT_15_ETC___d9 [0] \quire.instance_fn_twosC_quire_2.IF_fn_twosC_quire_quire_seg_zero_PLUS_1_BIT_15_ETC___d9 [0] \quire.instance_fn_twosC_quire_2.IF_fn_twosC_quire_quire_seg_zero_PLUS_1_BIT_15_ETC___d9 [0] \quire.instance_fn_twosC_quire_2.IF_fn_twosC_quire_quire_seg_zero_PLUS_1_BIT_15_ETC___d9 [0] \quire.instance_fn_twosC_quire_2.IF_fn_twosC_quire_quire_seg_zero_PLUS_1_BIT_15_ETC___d9 [0] \quire.instance_fn_twosC_quire_2.IF_fn_twosC_quire_quire_seg_zero_PLUS_1_BIT_15_ETC___d9 [0] \quire.instance_fn_twosC_quire_2.IF_fn_twosC_quire_quire_seg_zero_PLUS_1_BIT_15_ETC___d9 [0] \quire.instance_fn_twosC_quire_2.IF_fn_twosC_quire_quire_seg_zero_PLUS_1_BIT_15_ETC___d9 [0] \quire.instance_fn_twosC_quire_2.IF_fn_twosC_quire_quire_seg_zero_PLUS_1_BIT_15_ETC___d9 [0] \quire.instance_fn_twosC_quire_2.IF_fn_twosC_quire_quire_seg_zero_PLUS_1_BIT_15_ETC___d9 [0] \quire.instance_fn_twosC_quire_2.IF_fn_twosC_quire_quire_seg_zero_PLUS_1_BIT_15_ETC___d9 [0] \quire.instance_fn_twosC_quire_2.IF_fn_twosC_quire_quire_seg_zero_PLUS_1_BIT_15_ETC___d9 [0] \quire.instance_fn_twosC_quire_2.IF_fn_twosC_quire_quire_seg_zero_PLUS_1_BIT_15_ETC___d9 [0] }
    Consolidated identical input bits for $mux cell $ternary$/teamspace/studios/this_studio/Melodica-Integration-into-Fife-Core/Learn_Bluespec_and_RISCV_Design/Code/Build/Fife/verilog/mkPositCore.v:565$1462:
      Old ports: A={ 34'01xxxxxxxxxxxxxxxxxxxxxxxxxxxxxxxx \ptof.ffO.data0_reg [34:3] 2'00 \MUX_ffO$enq_1__VAL_2 [2:1] \ptof.ffO.data0_reg [0] }, B={ 34'10xxxxxxxxxxxxxxxxxxxxxxxxxxxxxxxx \normalizer.ff_o.D_OUT [35:4] \normalizer.ff_o.D_OUT [1] 1'0 \MUX_ffO$enq_1__VAL_1 [2:1] \normalizer.ff_o.D_OUT [0] }, Y=\ffO.D_IN
      New ports: A={ 2'01 \ptof.ffO.data0_reg [34:3] 1'0 \MUX_ffO$enq_1__VAL_2 [2:1] \ptof.ffO.data0_reg [0] }, B={ 2'10 \normalizer.ff_o.D_OUT [35:4] \normalizer.ff_o.D_OUT [1] \MUX_ffO$enq_1__VAL_1 [2:1] \normalizer.ff_o.D_OUT [0] }, Y={ \ffO.D_IN [70:69] \ffO.D_IN [36:4] \ffO.D_IN [2:0] }
      New connections: { \ffO.D_IN [68:37] \ffO.D_IN [3] } = 33'xxxxxxxxxxxxxxxxxxxxxxxxxxxxxxxx0
  Optimizing cells in module \mkPositCore.
    Consolidated identical input bits for $mux cell $flatten\extracter1.$ternary$/teamspace/studios/this_studio/Melodica-Integration-into-Fife-Core/Learn_Bluespec_and_RISCV_Design/Code/Build/Fife/verilog/mkExtracter.v:142$1229:
      Old ports: A=$flatten\extracter1.$ternary$/teamspace/studios/this_studio/Melodica-Integration-into-Fife-Core/Learn_Bluespec_and_RISCV_Design/Code/Build/Fife/verilog/mkExtracter.v:144$1228_Y, B={ \extracter1.new_inp__h141 [26:0] 2'00 }, Y=\extracter1.IF_IF_request_put_BIT_31_THEN_INV_request_put__ETC___d45
      New ports: A={ $flatten\extracter1.$ternary$/teamspace/studios/this_studio/Melodica-Integration-into-Fife-Core/Learn_Bluespec_and_RISCV_Design/Code/Build/Fife/verilog/mkExtracter.v:144$1228_Y [28:3] 1'0 }, B=\extracter1.new_inp__h141 [26:0], Y=\extracter1.IF_IF_request_put_BIT_31_THEN_INV_request_put__ETC___d45 [28:2]
      New connections: \extracter1.IF_IF_request_put_BIT_31_THEN_INV_request_put__ETC___d45 [1:0] = 2'00
    Consolidated identical input bits for $mux cell $flatten\extracter2.$ternary$/teamspace/studios/this_studio/Melodica-Integration-into-Fife-Core/Learn_Bluespec_and_RISCV_Design/Code/Build/Fife/verilog/mkExtracter.v:142$1229:
      Old ports: A=$flatten\extracter2.$ternary$/teamspace/studios/this_studio/Melodica-Integration-into-Fife-Core/Learn_Bluespec_and_RISCV_Design/Code/Build/Fife/verilog/mkExtracter.v:144$1228_Y, B={ \extracter2.new_inp__h141 [26:0] 2'00 }, Y=\extracter2.IF_IF_request_put_BIT_31_THEN_INV_request_put__ETC___d45
      New ports: A={ $flatten\extracter2.$ternary$/teamspace/studios/this_studio/Melodica-Integration-into-Fife-Core/Learn_Bluespec_and_RISCV_Design/Code/Build/Fife/verilog/mkExtracter.v:144$1228_Y [28:3] 1'0 }, B=\extracter2.new_inp__h141 [26:0], Y=\extracter2.IF_IF_request_put_BIT_31_THEN_INV_request_put__ETC___d45 [28:2]
      New connections: \extracter2.IF_IF_request_put_BIT_31_THEN_INV_request_put__ETC___d45 [1:0] = 2'00
    Consolidated identical input bits for $mux cell $flatten\quire.$ternary$/teamspace/studios/this_studio/Melodica-Integration-into-Fife-Core/Learn_Bluespec_and_RISCV_Design/Code/Build/Fife/verilog/mkQuire.v:1516$332:
      Old ports: A=0, B={ 1'1 \quire.instance_fn_twosC_quire_2.IF_fn_twosC_quire_quire_seg_zero_PLUS_1_BIT_15_ETC___d9 [30:0] }, Y=\quire.MUX_vrg_quire_15$write_1__VAL_2
      New ports: A=2'00, B={ 1'1 \quire.instance_fn_twosC_quire_2.IF_fn_twosC_quire_quire_seg_zero_PLUS_1_BIT_15_ETC___d9 [0] }, Y={ \quire.MUX_vrg_quire_15$write_1__VAL_2 [31] \quire.MUX_vrg_quire_15$write_1__VAL_2 [0] }
      New connections: \quire.MUX_vrg_quire_15$write_1__VAL_2 [30:1] = { \quire.MUX_vrg_quire_15$write_1__VAL_2 [0] \quire.MUX_vrg_quire_15$write_1__VAL_2 [0] \quire.MUX_vrg_quire_15$write_1__VAL_2 [0] \quire.MUX_vrg_quire_15$write_1__VAL_2 [0] \quire.MUX_vrg_quire_15$write_1__VAL_2 [0] \quire.MUX_vrg_quire_15$write_1__VAL_2 [0] \quire.MUX_vrg_quire_15$write_1__VAL_2 [0] \quire.MUX_vrg_quire_15$write_1__VAL_2 [0] \quire.MUX_vrg_quire_15$write_1__VAL_2 [0] \quire.MUX_vrg_quire_15$write_1__VAL_2 [0] \quire.MUX_vrg_quire_15$write_1__VAL_2 [0] \quire.MUX_vrg_quire_15$write_1__VAL_2 [0] \quire.MUX_vrg_quire_15$write_1__VAL_2 [0] \quire.MUX_vrg_quire_15$write_1__VAL_2 [0] \quire.MUX_vrg_quire_15$write_1__VAL_2 [0] \quire.MUX_vrg_quire_15$write_1__VAL_2 [0] \quire.MUX_vrg_quire_15$write_1__VAL_2 [0] \quire.MUX_vrg_quire_15$write_1__VAL_2 [0] \quire.MUX_vrg_quire_15$write_1__VAL_2 [0] \quire.MUX_vrg_quire_15$write_1__VAL_2 [0] \quire.MUX_vrg_quire_15$write_1__VAL_2 [0] \quire.MUX_vrg_quire_15$write_1__VAL_2 [0] \quire.MUX_vrg_quire_15$write_1__VAL_2 [0] \quire.MUX_vrg_quire_15$write_1__VAL_2 [0] \quire.MUX_vrg_quire_15$write_1__VAL_2 [0] \quire.MUX_vrg_quire_15$write_1__VAL_2 [0] \quire.MUX_vrg_quire_15$write_1__VAL_2 [0] \quire.MUX_vrg_quire_15$write_1__VAL_2 [0] \quire.MUX_vrg_quire_15$write_1__VAL_2 [0] \quire.MUX_vrg_quire_15$write_1__VAL_2 [0] }
    Consolidated identical input bits for $mux cell $flatten\quire.$ternary$/teamspace/studios/this_studio/Melodica-Integration-into-Fife-Core/Learn_Bluespec_and_RISCV_Design/Code/Build/Fife/verilog/mkQuire.v:2847$885:
      Old ports: A=4'1110, B=$auto$wreduce.cc:461:run$3810 [3:0], Y=$auto$wreduce.cc:461:run$3809 [3:0]
      New ports: A=2'10, B={ $auto$wreduce.cc:461:run$3810 [0] $auto$wreduce.cc:461:run$3810 [0] }, Y=$auto$wreduce.cc:461:run$3809 [1:0]
      New connections: $auto$wreduce.cc:461:run$3809 [3:2] = { $auto$wreduce.cc:461:run$3809 [1] $auto$wreduce.cc:461:run$3809 [1] }
    Consolidated identical input bits for $mux cell $flatten\quire.$ternary$/teamspace/studios/this_studio/Melodica-Integration-into-Fife-Core/Learn_Bluespec_and_RISCV_Design/Code/Build/Fife/verilog/mkQuire.v:2869$899:
      Old ports: A={ 32'00000000000000000000000000000000 \multiplier.ff_to_quire.D_OUT [484:5] }, B={ 1'1 \quire.instance_fn_twosC_quire_0.IF_fn_twosC_quire_quire_seg_zero_PLUS_1_BIT_15_ETC___d9 [30:0] \quire.instance_fn_twosC_quire_0.IF_fn_twosC_quire_quire_seg_zero_PLUS_1_BIT_14_ETC___d18 \quire.instance_fn_twosC_quire_0.IF_fn_twosC_quire_quire_seg_zero_PLUS_1_BIT_13_ETC___d27 \quire.instance_fn_twosC_quire_0.IF_fn_twosC_quire_quire_seg_zero_PLUS_1_BIT_12_ETC___d35 \quire.instance_fn_twosC_quire_0.IF_fn_twosC_quire_quire_seg_zero_PLUS_1_BIT_11_ETC___d44 \quire.instance_fn_twosC_quire_0.IF_fn_twosC_quire_quire_seg_zero_PLUS_1_BIT_10_ETC___d52 \quire.instance_fn_twosC_quire_0.IF_fn_twosC_quire_quire_seg_zero_PLUS_1_BIT_9__ETC___d61 \quire.instance_fn_twosC_quire_0.IF_fn_twosC_quire_quire_seg_zero_PLUS_1_BIT_8__ETC___d69 \quire.instance_fn_twosC_quire_0.IF_fn_twosC_quire_quire_seg_zero_PLUS_1_BIT_7__ETC___d78 \quire.instance_fn_twosC_quire_0.IF_fn_twosC_quire_quire_seg_zero_PLUS_1_BIT_6__ETC___d86 \quire.instance_fn_twosC_quire_0.IF_fn_twosC_quire_quire_seg_zero_PLUS_1_BIT_5__ETC___d95 \quire.instance_fn_twosC_quire_0.IF_fn_twosC_quire_quire_seg_zero_PLUS_1_BIT_4__ETC___d103 \quire.instance_fn_twosC_quire_0.IF_fn_twosC_quire_quire_seg_zero_PLUS_1_BIT_3__ETC___d112 \quire.instance_fn_twosC_quire_0.IF_fn_twosC_quire_quire_seg_zero_PLUS_1_BIT_2__ETC___d120 \quire.instance_fn_twosC_quire_0.IF_fn_twosC_quire_quire_seg_zero_PLUS_1_BIT_1__ETC___d129 \quire.instance_fn_twosC_quire_0.IF_fn_twosC_quire_quire_seg_zero_PLUS_1_BIT_0__ETC___d137 }, Y=\quire.IF_accumulate_x_BIT_485_75_THEN_0b1_CONCAT_fn__ETC___d518
      New ports: A={ 2'00 \multiplier.ff_to_quire.D_OUT [484:5] }, B={ 1'1 \quire.instance_fn_twosC_quire_0.IF_fn_twosC_quire_quire_seg_zero_PLUS_1_BIT_15_ETC___d9 [0] \quire.instance_fn_twosC_quire_0.IF_fn_twosC_quire_quire_seg_zero_PLUS_1_BIT_14_ETC___d18 \quire.instance_fn_twosC_quire_0.IF_fn_twosC_quire_quire_seg_zero_PLUS_1_BIT_13_ETC___d27 \quire.instance_fn_twosC_quire_0.IF_fn_twosC_quire_quire_seg_zero_PLUS_1_BIT_12_ETC___d35 \quire.instance_fn_twosC_quire_0.IF_fn_twosC_quire_quire_seg_zero_PLUS_1_BIT_11_ETC___d44 \quire.instance_fn_twosC_quire_0.IF_fn_twosC_quire_quire_seg_zero_PLUS_1_BIT_10_ETC___d52 \quire.instance_fn_twosC_quire_0.IF_fn_twosC_quire_quire_seg_zero_PLUS_1_BIT_9__ETC___d61 \quire.instance_fn_twosC_quire_0.IF_fn_twosC_quire_quire_seg_zero_PLUS_1_BIT_8__ETC___d69 \quire.instance_fn_twosC_quire_0.IF_fn_twosC_quire_quire_seg_zero_PLUS_1_BIT_7__ETC___d78 \quire.instance_fn_twosC_quire_0.IF_fn_twosC_quire_quire_seg_zero_PLUS_1_BIT_6__ETC___d86 \quire.instance_fn_twosC_quire_0.IF_fn_twosC_quire_quire_seg_zero_PLUS_1_BIT_5__ETC___d95 \quire.instance_fn_twosC_quire_0.IF_fn_twosC_quire_quire_seg_zero_PLUS_1_BIT_4__ETC___d103 \quire.instance_fn_twosC_quire_0.IF_fn_twosC_quire_quire_seg_zero_PLUS_1_BIT_3__ETC___d112 \quire.instance_fn_twosC_quire_0.IF_fn_twosC_quire_quire_seg_zero_PLUS_1_BIT_2__ETC___d120 \quire.instance_fn_twosC_quire_0.IF_fn_twosC_quire_quire_seg_zero_PLUS_1_BIT_1__ETC___d129 \quire.instance_fn_twosC_quire_0.IF_fn_twosC_quire_quire_seg_zero_PLUS_1_BIT_0__ETC___d137 }, Y={ \quire.IF_accumulate_x_BIT_485_75_THEN_0b1_CONCAT_fn__ETC___d518 [511] \quire.IF_accumulate_x_BIT_485_75_THEN_0b1_CONCAT_fn__ETC___d518 [480:0] }
      New connections: \quire.IF_accumulate_x_BIT_485_75_THEN_0b1_CONCAT_fn__ETC___d518 [510:481] = { \quire.IF_accumulate_x_BIT_485_75_THEN_0b1_CONCAT_fn__ETC___d518 [480] \quire.IF_accumulate_x_BIT_485_75_THEN_0b1_CONCAT_fn__ETC___d518 [480] \quire.IF_accumulate_x_BIT_485_75_THEN_0b1_CONCAT_fn__ETC___d518 [480] \quire.IF_accumulate_x_BIT_485_75_THEN_0b1_CONCAT_fn__ETC___d518 [480] \quire.IF_accumulate_x_BIT_485_75_THEN_0b1_CONCAT_fn__ETC___d518 [480] \quire.IF_accumulate_x_BIT_485_75_THEN_0b1_CONCAT_fn__ETC___d518 [480] \quire.IF_accumulate_x_BIT_485_75_THEN_0b1_CONCAT_fn__ETC___d518 [480] \quire.IF_accumulate_x_BIT_485_75_THEN_0b1_CONCAT_fn__ETC___d518 [480] \quire.IF_accumulate_x_BIT_485_75_THEN_0b1_CONCAT_fn__ETC___d518 [480] \quire.IF_accumulate_x_BIT_485_75_THEN_0b1_CONCAT_fn__ETC___d518 [480] \quire.IF_accumulate_x_BIT_485_75_THEN_0b1_CONCAT_fn__ETC___d518 [480] \quire.IF_accumulate_x_BIT_485_75_THEN_0b1_CONCAT_fn__ETC___d518 [480] \quire.IF_accumulate_x_BIT_485_75_THEN_0b1_CONCAT_fn__ETC___d518 [480] \quire.IF_accumulate_x_BIT_485_75_THEN_0b1_CONCAT_fn__ETC___d518 [480] \quire.IF_accumulate_x_BIT_485_75_THEN_0b1_CONCAT_fn__ETC___d518 [480] \quire.IF_accumulate_x_BIT_485_75_THEN_0b1_CONCAT_fn__ETC___d518 [480] \quire.IF_accumulate_x_BIT_485_75_THEN_0b1_CONCAT_fn__ETC___d518 [480] \quire.IF_accumulate_x_BIT_485_75_THEN_0b1_CONCAT_fn__ETC___d518 [480] \quire.IF_accumulate_x_BIT_485_75_THEN_0b1_CONCAT_fn__ETC___d518 [480] \quire.IF_accumulate_x_BIT_485_75_THEN_0b1_CONCAT_fn__ETC___d518 [480] \quire.IF_accumulate_x_BIT_485_75_THEN_0b1_CONCAT_fn__ETC___d518 [480] \quire.IF_accumulate_x_BIT_485_75_THEN_0b1_CONCAT_fn__ETC___d518 [480] \quire.IF_accumulate_x_BIT_485_75_THEN_0b1_CONCAT_fn__ETC___d518 [480] \quire.IF_accumulate_x_BIT_485_75_THEN_0b1_CONCAT_fn__ETC___d518 [480] \quire.IF_accumulate_x_BIT_485_75_THEN_0b1_CONCAT_fn__ETC___d518 [480] \quire.IF_accumulate_x_BIT_485_75_THEN_0b1_CONCAT_fn__ETC___d518 [480] \quire.IF_accumulate_x_BIT_485_75_THEN_0b1_CONCAT_fn__ETC___d518 [480] \quire.IF_accumulate_x_BIT_485_75_THEN_0b1_CONCAT_fn__ETC___d518 [480] \quire.IF_accumulate_x_BIT_485_75_THEN_0b1_CONCAT_fn__ETC___d518 [480] \quire.IF_accumulate_x_BIT_485_75_THEN_0b1_CONCAT_fn__ETC___d518 [480] }
    Consolidated identical input bits for $mux cell $flatten\quire.$ternary$/teamspace/studios/this_studio/Melodica-Integration-into-Fife-Core/Learn_Bluespec_and_RISCV_Design/Code/Build/Fife/verilog/mkQuire.v:3210$970:
      Old ports: A=$flatten\quire.$ternary$/teamspace/studios/this_studio/Melodica-Integration-into-Fife-Core/Learn_Bluespec_and_RISCV_Design/Code/Build/Fife/verilog/mkQuire.v:3212$969_Y, B=6'011110, Y=$flatten\quire.$ternary$/teamspace/studios/this_studio/Melodica-Integration-into-Fife-Core/Learn_Bluespec_and_RISCV_Design/Code/Build/Fife/verilog/mkQuire.v:3210$970_Y
      New ports: A={ $flatten\quire.$ternary$/teamspace/studios/this_studio/Melodica-Integration-into-Fife-Core/Learn_Bluespec_and_RISCV_Design/Code/Build/Fife/verilog/mkQuire.v:3212$969_Y [5] $flatten\quire.$ternary$/teamspace/studios/this_studio/Melodica-Integration-into-Fife-Core/Learn_Bluespec_and_RISCV_Design/Code/Build/Fife/verilog/mkQuire.v:3212$969_Y [0] $flatten\quire.$ternary$/teamspace/studios/this_studio/Melodica-Integration-into-Fife-Core/Learn_Bluespec_and_RISCV_Design/Code/Build/Fife/verilog/mkQuire.v:3212$969_Y [0] }, B=3'010, Y={ $flatten\quire.$ternary$/teamspace/studios/this_studio/Melodica-Integration-into-Fife-Core/Learn_Bluespec_and_RISCV_Design/Code/Build/Fife/verilog/mkQuire.v:3210$970_Y [5] $flatten\quire.$ternary$/teamspace/studios/this_studio/Melodica-Integration-into-Fife-Core/Learn_Bluespec_and_RISCV_Design/Code/Build/Fife/verilog/mkQuire.v:3210$970_Y [1:0] }
      New connections: $flatten\quire.$ternary$/teamspace/studios/this_studio/Melodica-Integration-into-Fife-Core/Learn_Bluespec_and_RISCV_Design/Code/Build/Fife/verilog/mkQuire.v:3210$970_Y [4:2] = { $flatten\quire.$ternary$/teamspace/studios/this_studio/Melodica-Integration-into-Fife-Core/Learn_Bluespec_and_RISCV_Design/Code/Build/Fife/verilog/mkQuire.v:3210$970_Y [1] $flatten\quire.$ternary$/teamspace/studios/this_studio/Melodica-Integration-into-Fife-Core/Learn_Bluespec_and_RISCV_Design/Code/Build/Fife/verilog/mkQuire.v:3210$970_Y [1] $flatten\quire.$ternary$/teamspace/studios/this_studio/Melodica-Integration-into-Fife-Core/Learn_Bluespec_and_RISCV_Design/Code/Build/Fife/verilog/mkQuire.v:3210$970_Y [1] }
  Optimizing cells in module \mkPositCore.
    Consolidated identical input bits for $mux cell $flatten\extracter1.$ternary$/teamspace/studios/this_studio/Melodica-Integration-into-Fife-Core/Learn_Bluespec_and_RISCV_Design/Code/Build/Fife/verilog/mkExtracter.v:150$1230:
      Old ports: A=\extracter1.IF_IF_request_put_BIT_31_THEN_INV_request_put__ETC___d45, B={ \extracter1.new_inp__h141 [27:0] 1'0 }, Y=$flatten\extracter1.$ternary$/teamspace/studios/this_studio/Melodica-Integration-into-Fife-Core/Learn_Bluespec_and_RISCV_Design/Code/Build/Fife/verilog/mkExtracter.v:150$1230_Y
      New ports: A={ \extracter1.IF_IF_request_put_BIT_31_THEN_INV_request_put__ETC___d45 [28:2] 1'0 }, B=\extracter1.new_inp__h141 [27:0], Y=$flatten\extracter1.$ternary$/teamspace/studios/this_studio/Melodica-Integration-into-Fife-Core/Learn_Bluespec_and_RISCV_Design/Code/Build/Fife/verilog/mkExtracter.v:150$1230_Y [28:1]
      New connections: $flatten\extracter1.$ternary$/teamspace/studios/this_studio/Melodica-Integration-into-Fife-Core/Learn_Bluespec_and_RISCV_Design/Code/Build/Fife/verilog/mkExtracter.v:150$1230_Y [0] = 1'0
    Consolidated identical input bits for $mux cell $flatten\extracter2.$ternary$/teamspace/studios/this_studio/Melodica-Integration-into-Fife-Core/Learn_Bluespec_and_RISCV_Design/Code/Build/Fife/verilog/mkExtracter.v:150$1230:
      Old ports: A=\extracter2.IF_IF_request_put_BIT_31_THEN_INV_request_put__ETC___d45, B={ \extracter2.new_inp__h141 [27:0] 1'0 }, Y=$flatten\extracter2.$ternary$/teamspace/studios/this_studio/Melodica-Integration-into-Fife-Core/Learn_Bluespec_and_RISCV_Design/Code/Build/Fife/verilog/mkExtracter.v:150$1230_Y
      New ports: A={ \extracter2.IF_IF_request_put_BIT_31_THEN_INV_request_put__ETC___d45 [28:2] 1'0 }, B=\extracter2.new_inp__h141 [27:0], Y=$flatten\extracter2.$ternary$/teamspace/studios/this_studio/Melodica-Integration-into-Fife-Core/Learn_Bluespec_and_RISCV_Design/Code/Build/Fife/verilog/mkExtracter.v:150$1230_Y [28:1]
      New connections: $flatten\extracter2.$ternary$/teamspace/studios/this_studio/Melodica-Integration-into-Fife-Core/Learn_Bluespec_and_RISCV_Design/Code/Build/Fife/verilog/mkExtracter.v:150$1230_Y [0] = 1'0
    Consolidated identical input bits for $mux cell $flatten\quire.$ternary$/teamspace/studios/this_studio/Melodica-Integration-into-Fife-Core/Learn_Bluespec_and_RISCV_Design/Code/Build/Fife/verilog/mkQuire.v:2845$886:
      Old ports: A=4'1101, B=$auto$wreduce.cc:461:run$3809 [3:0], Y=\quire.IF_INV_vrg_quire_seg_zero_2_26_05_THEN_13_ELSE_ETC___d710 [3:0]
      New ports: A=3'101, B={ $auto$wreduce.cc:461:run$3809 [1] $auto$wreduce.cc:461:run$3809 [1:0] }, Y=\quire.IF_INV_vrg_quire_seg_zero_2_26_05_THEN_13_ELSE_ETC___d710 [2:0]
      New connections: \quire.IF_INV_vrg_quire_seg_zero_2_26_05_THEN_13_ELSE_ETC___d710 [3] = \quire.IF_INV_vrg_quire_seg_zero_2_26_05_THEN_13_ELSE_ETC___d710 [2]
    Consolidated identical input bits for $mux cell $flatten\quire.$ternary$/teamspace/studios/this_studio/Melodica-Integration-into-Fife-Core/Learn_Bluespec_and_RISCV_Design/Code/Build/Fife/verilog/mkQuire.v:3208$971:
      Old ports: A=$flatten\quire.$ternary$/teamspace/studios/this_studio/Melodica-Integration-into-Fife-Core/Learn_Bluespec_and_RISCV_Design/Code/Build/Fife/verilog/mkQuire.v:3210$970_Y, B=6'011101, Y=$flatten\quire.$ternary$/teamspace/studios/this_studio/Melodica-Integration-into-Fife-Core/Learn_Bluespec_and_RISCV_Design/Code/Build/Fife/verilog/mkQuire.v:3208$971_Y
      New ports: A={ $flatten\quire.$ternary$/teamspace/studios/this_studio/Melodica-Integration-into-Fife-Core/Learn_Bluespec_and_RISCV_Design/Code/Build/Fife/verilog/mkQuire.v:3210$970_Y [5] $flatten\quire.$ternary$/teamspace/studios/this_studio/Melodica-Integration-into-Fife-Core/Learn_Bluespec_and_RISCV_Design/Code/Build/Fife/verilog/mkQuire.v:3210$970_Y [1] $flatten\quire.$ternary$/teamspace/studios/this_studio/Melodica-Integration-into-Fife-Core/Learn_Bluespec_and_RISCV_Design/Code/Build/Fife/verilog/mkQuire.v:3210$970_Y [1:0] }, B=4'0101, Y={ $flatten\quire.$ternary$/teamspace/studios/this_studio/Melodica-Integration-into-Fife-Core/Learn_Bluespec_and_RISCV_Design/Code/Build/Fife/verilog/mkQuire.v:3208$971_Y [5] $flatten\quire.$ternary$/teamspace/studios/this_studio/Melodica-Integration-into-Fife-Core/Learn_Bluespec_and_RISCV_Design/Code/Build/Fife/verilog/mkQuire.v:3208$971_Y [2:0] }
      New connections: $flatten\quire.$ternary$/teamspace/studios/this_studio/Melodica-Integration-into-Fife-Core/Learn_Bluespec_and_RISCV_Design/Code/Build/Fife/verilog/mkQuire.v:3208$971_Y [4:3] = { $flatten\quire.$ternary$/teamspace/studios/this_studio/Melodica-Integration-into-Fife-Core/Learn_Bluespec_and_RISCV_Design/Code/Build/Fife/verilog/mkQuire.v:3208$971_Y [2] $flatten\quire.$ternary$/teamspace/studios/this_studio/Melodica-Integration-into-Fife-Core/Learn_Bluespec_and_RISCV_Design/Code/Build/Fife/verilog/mkQuire.v:3208$971_Y [2] }
  Optimizing cells in module \mkPositCore.
    Consolidated identical input bits for $mux cell $flatten\quire.$ternary$/teamspace/studios/this_studio/Melodica-Integration-into-Fife-Core/Learn_Bluespec_and_RISCV_Design/Code/Build/Fife/verilog/mkQuire.v:2853$889:
      Old ports: A=4'1100, B=\quire.IF_INV_vrg_quire_seg_zero_2_26_05_THEN_13_ELSE_ETC___d710 [3:0], Y=$auto$wreduce.cc:461:run$3811 [3:0]
      New ports: A=3'100, B=\quire.IF_INV_vrg_quire_seg_zero_2_26_05_THEN_13_ELSE_ETC___d710 [2:0], Y=$auto$wreduce.cc:461:run$3811 [2:0]
      New connections: $auto$wreduce.cc:461:run$3811 [3] = $auto$wreduce.cc:461:run$3811 [2]
    Consolidated identical input bits for $mux cell $flatten\quire.$ternary$/teamspace/studios/this_studio/Melodica-Integration-into-Fife-Core/Learn_Bluespec_and_RISCV_Design/Code/Build/Fife/verilog/mkQuire.v:3206$972:
      Old ports: A=$flatten\quire.$ternary$/teamspace/studios/this_studio/Melodica-Integration-into-Fife-Core/Learn_Bluespec_and_RISCV_Design/Code/Build/Fife/verilog/mkQuire.v:3208$971_Y, B=6'011100, Y=$flatten\quire.$ternary$/teamspace/studios/this_studio/Melodica-Integration-into-Fife-Core/Learn_Bluespec_and_RISCV_Design/Code/Build/Fife/verilog/mkQuire.v:3206$972_Y
      New ports: A={ $flatten\quire.$ternary$/teamspace/studios/this_studio/Melodica-Integration-into-Fife-Core/Learn_Bluespec_and_RISCV_Design/Code/Build/Fife/verilog/mkQuire.v:3208$971_Y [5] $flatten\quire.$ternary$/teamspace/studios/this_studio/Melodica-Integration-into-Fife-Core/Learn_Bluespec_and_RISCV_Design/Code/Build/Fife/verilog/mkQuire.v:3208$971_Y [2:0] }, B=4'0100, Y={ $flatten\quire.$ternary$/teamspace/studios/this_studio/Melodica-Integration-into-Fife-Core/Learn_Bluespec_and_RISCV_Design/Code/Build/Fife/verilog/mkQuire.v:3206$972_Y [5] $flatten\quire.$ternary$/teamspace/studios/this_studio/Melodica-Integration-into-Fife-Core/Learn_Bluespec_and_RISCV_Design/Code/Build/Fife/verilog/mkQuire.v:3206$972_Y [2:0] }
      New connections: $flatten\quire.$ternary$/teamspace/studios/this_studio/Melodica-Integration-into-Fife-Core/Learn_Bluespec_and_RISCV_Design/Code/Build/Fife/verilog/mkQuire.v:3206$972_Y [4:3] = { $flatten\quire.$ternary$/teamspace/studios/this_studio/Melodica-Integration-into-Fife-Core/Learn_Bluespec_and_RISCV_Design/Code/Build/Fife/verilog/mkQuire.v:3206$972_Y [2] $flatten\quire.$ternary$/teamspace/studios/this_studio/Melodica-Integration-into-Fife-Core/Learn_Bluespec_and_RISCV_Design/Code/Build/Fife/verilog/mkQuire.v:3206$972_Y [2] }
  Optimizing cells in module \mkPositCore.
    Consolidated identical input bits for $mux cell $flatten\quire.$ternary$/teamspace/studios/this_studio/Melodica-Integration-into-Fife-Core/Learn_Bluespec_and_RISCV_Design/Code/Build/Fife/verilog/mkQuire.v:3204$973:
      Old ports: A=$flatten\quire.$ternary$/teamspace/studios/this_studio/Melodica-Integration-into-Fife-Core/Learn_Bluespec_and_RISCV_Design/Code/Build/Fife/verilog/mkQuire.v:3206$972_Y, B=6'011011, Y=$flatten\quire.$ternary$/teamspace/studios/this_studio/Melodica-Integration-into-Fife-Core/Learn_Bluespec_and_RISCV_Design/Code/Build/Fife/verilog/mkQuire.v:3204$973_Y
      New ports: A={ $flatten\quire.$ternary$/teamspace/studios/this_studio/Melodica-Integration-into-Fife-Core/Learn_Bluespec_and_RISCV_Design/Code/Build/Fife/verilog/mkQuire.v:3206$972_Y [5] $flatten\quire.$ternary$/teamspace/studios/this_studio/Melodica-Integration-into-Fife-Core/Learn_Bluespec_and_RISCV_Design/Code/Build/Fife/verilog/mkQuire.v:3206$972_Y [2] $flatten\quire.$ternary$/teamspace/studios/this_studio/Melodica-Integration-into-Fife-Core/Learn_Bluespec_and_RISCV_Design/Code/Build/Fife/verilog/mkQuire.v:3206$972_Y [2:0] }, B=5'01011, Y={ $flatten\quire.$ternary$/teamspace/studios/this_studio/Melodica-Integration-into-Fife-Core/Learn_Bluespec_and_RISCV_Design/Code/Build/Fife/verilog/mkQuire.v:3204$973_Y [5] $flatten\quire.$ternary$/teamspace/studios/this_studio/Melodica-Integration-into-Fife-Core/Learn_Bluespec_and_RISCV_Design/Code/Build/Fife/verilog/mkQuire.v:3204$973_Y [3:0] }
      New connections: $flatten\quire.$ternary$/teamspace/studios/this_studio/Melodica-Integration-into-Fife-Core/Learn_Bluespec_and_RISCV_Design/Code/Build/Fife/verilog/mkQuire.v:3204$973_Y [4] = $flatten\quire.$ternary$/teamspace/studios/this_studio/Melodica-Integration-into-Fife-Core/Learn_Bluespec_and_RISCV_Design/Code/Build/Fife/verilog/mkQuire.v:3204$973_Y [3]
  Optimizing cells in module \mkPositCore.
    Consolidated identical input bits for $mux cell $flatten\quire.$ternary$/teamspace/studios/this_studio/Melodica-Integration-into-Fife-Core/Learn_Bluespec_and_RISCV_Design/Code/Build/Fife/verilog/mkQuire.v:3202$974:
      Old ports: A=$flatten\quire.$ternary$/teamspace/studios/this_studio/Melodica-Integration-into-Fife-Core/Learn_Bluespec_and_RISCV_Design/Code/Build/Fife/verilog/mkQuire.v:3204$973_Y, B=6'011010, Y=$flatten\quire.$ternary$/teamspace/studios/this_studio/Melodica-Integration-into-Fife-Core/Learn_Bluespec_and_RISCV_Design/Code/Build/Fife/verilog/mkQuire.v:3202$974_Y
      New ports: A={ $flatten\quire.$ternary$/teamspace/studios/this_studio/Melodica-Integration-into-Fife-Core/Learn_Bluespec_and_RISCV_Design/Code/Build/Fife/verilog/mkQuire.v:3204$973_Y [5] $flatten\quire.$ternary$/teamspace/studios/this_studio/Melodica-Integration-into-Fife-Core/Learn_Bluespec_and_RISCV_Design/Code/Build/Fife/verilog/mkQuire.v:3204$973_Y [3:0] }, B=5'01010, Y={ $flatten\quire.$ternary$/teamspace/studios/this_studio/Melodica-Integration-into-Fife-Core/Learn_Bluespec_and_RISCV_Design/Code/Build/Fife/verilog/mkQuire.v:3202$974_Y [5] $flatten\quire.$ternary$/teamspace/studios/this_studio/Melodica-Integration-into-Fife-Core/Learn_Bluespec_and_RISCV_Design/Code/Build/Fife/verilog/mkQuire.v:3202$974_Y [3:0] }
      New connections: $flatten\quire.$ternary$/teamspace/studios/this_studio/Melodica-Integration-into-Fife-Core/Learn_Bluespec_and_RISCV_Design/Code/Build/Fife/verilog/mkQuire.v:3202$974_Y [4] = $flatten\quire.$ternary$/teamspace/studios/this_studio/Melodica-Integration-into-Fife-Core/Learn_Bluespec_and_RISCV_Design/Code/Build/Fife/verilog/mkQuire.v:3202$974_Y [3]
  Optimizing cells in module \mkPositCore.
    Consolidated identical input bits for $mux cell $flatten\quire.$ternary$/teamspace/studios/this_studio/Melodica-Integration-into-Fife-Core/Learn_Bluespec_and_RISCV_Design/Code/Build/Fife/verilog/mkQuire.v:3200$975:
      Old ports: A=$flatten\quire.$ternary$/teamspace/studios/this_studio/Melodica-Integration-into-Fife-Core/Learn_Bluespec_and_RISCV_Design/Code/Build/Fife/verilog/mkQuire.v:3202$974_Y, B=6'011001, Y=$flatten\quire.$ternary$/teamspace/studios/this_studio/Melodica-Integration-into-Fife-Core/Learn_Bluespec_and_RISCV_Design/Code/Build/Fife/verilog/mkQuire.v:3200$975_Y
      New ports: A={ $flatten\quire.$ternary$/teamspace/studios/this_studio/Melodica-Integration-into-Fife-Core/Learn_Bluespec_and_RISCV_Design/Code/Build/Fife/verilog/mkQuire.v:3202$974_Y [5] $flatten\quire.$ternary$/teamspace/studios/this_studio/Melodica-Integration-into-Fife-Core/Learn_Bluespec_and_RISCV_Design/Code/Build/Fife/verilog/mkQuire.v:3202$974_Y [3:0] }, B=5'01001, Y={ $flatten\quire.$ternary$/teamspace/studios/this_studio/Melodica-Integration-into-Fife-Core/Learn_Bluespec_and_RISCV_Design/Code/Build/Fife/verilog/mkQuire.v:3200$975_Y [5] $flatten\quire.$ternary$/teamspace/studios/this_studio/Melodica-Integration-into-Fife-Core/Learn_Bluespec_and_RISCV_Design/Code/Build/Fife/verilog/mkQuire.v:3200$975_Y [3:0] }
      New connections: $flatten\quire.$ternary$/teamspace/studios/this_studio/Melodica-Integration-into-Fife-Core/Learn_Bluespec_and_RISCV_Design/Code/Build/Fife/verilog/mkQuire.v:3200$975_Y [4] = $flatten\quire.$ternary$/teamspace/studios/this_studio/Melodica-Integration-into-Fife-Core/Learn_Bluespec_and_RISCV_Design/Code/Build/Fife/verilog/mkQuire.v:3200$975_Y [3]
  Optimizing cells in module \mkPositCore.
    Consolidated identical input bits for $mux cell $flatten\quire.$ternary$/teamspace/studios/this_studio/Melodica-Integration-into-Fife-Core/Learn_Bluespec_and_RISCV_Design/Code/Build/Fife/verilog/mkQuire.v:3198$976:
      Old ports: A=$flatten\quire.$ternary$/teamspace/studios/this_studio/Melodica-Integration-into-Fife-Core/Learn_Bluespec_and_RISCV_Design/Code/Build/Fife/verilog/mkQuire.v:3200$975_Y, B=6'011000, Y=$flatten\quire.$ternary$/teamspace/studios/this_studio/Melodica-Integration-into-Fife-Core/Learn_Bluespec_and_RISCV_Design/Code/Build/Fife/verilog/mkQuire.v:3198$976_Y
      New ports: A={ $flatten\quire.$ternary$/teamspace/studios/this_studio/Melodica-Integration-into-Fife-Core/Learn_Bluespec_and_RISCV_Design/Code/Build/Fife/verilog/mkQuire.v:3200$975_Y [5] $flatten\quire.$ternary$/teamspace/studios/this_studio/Melodica-Integration-into-Fife-Core/Learn_Bluespec_and_RISCV_Design/Code/Build/Fife/verilog/mkQuire.v:3200$975_Y [3:0] }, B=5'01000, Y={ $flatten\quire.$ternary$/teamspace/studios/this_studio/Melodica-Integration-into-Fife-Core/Learn_Bluespec_and_RISCV_Design/Code/Build/Fife/verilog/mkQuire.v:3198$976_Y [5] $flatten\quire.$ternary$/teamspace/studios/this_studio/Melodica-Integration-into-Fife-Core/Learn_Bluespec_and_RISCV_Design/Code/Build/Fife/verilog/mkQuire.v:3198$976_Y [3:0] }
      New connections: $flatten\quire.$ternary$/teamspace/studios/this_studio/Melodica-Integration-into-Fife-Core/Learn_Bluespec_and_RISCV_Design/Code/Build/Fife/verilog/mkQuire.v:3198$976_Y [4] = $flatten\quire.$ternary$/teamspace/studios/this_studio/Melodica-Integration-into-Fife-Core/Learn_Bluespec_and_RISCV_Design/Code/Build/Fife/verilog/mkQuire.v:3198$976_Y [3]
  Optimizing cells in module \mkPositCore.
Performed a total of 29 changes.

14.20.5. Executing OPT_MERGE pass (detect identical cells).
Finding identical cells in module `\mkPositCore'.
Removed a total of 0 cells.

14.20.6. Executing OPT_SHARE pass.
    Found cells that share an operand and can be merged by moving the $mux $flatten\quire.$ternary$/teamspace/studios/this_studio/Melodica-Integration-into-Fife-Core/Learn_Bluespec_and_RISCV_Design/Code/Build/Fife/verilog/mkQuire.v:1596$394 in front of them:
        $auto$alumacc.cc:485:replace_alu$4095
        $auto$alumacc.cc:485:replace_alu$4200

    Found cells that share an operand and can be merged by moving the $mux $ternary$/teamspace/studios/this_studio/Melodica-Integration-into-Fife-Core/Learn_Bluespec_and_RISCV_Design/Code/Build/Fife/verilog/mkPositCore.v:497$1431 in front of them:
        $auto$alumacc.cc:485:replace_alu$3967
        $auto$alumacc.cc:485:replace_alu$4039

    Found cells that share an operand and can be merged by moving the $mux $ternary$/teamspace/studios/this_studio/Melodica-Integration-into-Fife-Core/Learn_Bluespec_and_RISCV_Design/Code/Build/Fife/verilog/mkPositCore.v:565$1462 in front of them:
        $eq$/teamspace/studios/this_studio/Melodica-Integration-into-Fife-Core/Learn_Bluespec_and_RISCV_Design/Code/Build/Fife/verilog/mkPositCore.v:480$1425
        $eq$/teamspace/studios/this_studio/Melodica-Integration-into-Fife-Core/Learn_Bluespec_and_RISCV_Design/Code/Build/Fife/verilog/mkPositCore.v:489$1428

14.20.7. Executing OPT_DFF pass (perform DFF optimizations).
Adding SRST signal on $\quire.seg_adder_vff_carry_0.arr$rdreg[0] ($dff) from module mkPositCore (D = $auto$rtlil.cc:2498:Mux$4524, Q = $\quire.seg_adder_vff_carry_0.arr$rdreg[0]$q, rval = 2'00).
Adding SRST signal on $\quire.seg_adder_vff_carry_1.arr$rdreg[0] ($dff) from module mkPositCore (D = $auto$rtlil.cc:2498:Mux$4529, Q = $\quire.seg_adder_vff_carry_1.arr$rdreg[0]$q, rval = 2'00).
Adding SRST signal on $\quire.seg_adder_vff_carry_10.arr$rdreg[0] ($dff) from module mkPositCore (D = $auto$rtlil.cc:2498:Mux$4534, Q = $\quire.seg_adder_vff_carry_10.arr$rdreg[0]$q, rval = 2'00).
Adding SRST signal on $\quire.seg_adder_vff_carry_11.arr$rdreg[0] ($dff) from module mkPositCore (D = $auto$rtlil.cc:2498:Mux$4539, Q = $\quire.seg_adder_vff_carry_11.arr$rdreg[0]$q, rval = 2'00).
Adding SRST signal on $\quire.seg_adder_vff_carry_12.arr$rdreg[0] ($dff) from module mkPositCore (D = $auto$rtlil.cc:2498:Mux$4544, Q = $\quire.seg_adder_vff_carry_12.arr$rdreg[0]$q, rval = 2'00).
Adding SRST signal on $\quire.seg_adder_vff_carry_13.arr$rdreg[0] ($dff) from module mkPositCore (D = $auto$rtlil.cc:2498:Mux$4549, Q = $\quire.seg_adder_vff_carry_13.arr$rdreg[0]$q, rval = 2'00).
Adding SRST signal on $\quire.seg_adder_vff_in_9.arr$rdreg[0] ($dff) from module mkPositCore (D = $auto$rtlil.cc:2498:Mux$4674, Q = $\quire.seg_adder_vff_in_9.arr$rdreg[0]$q, rval = 2'00).
Adding SRST signal on $\quire.seg_adder_vff_carry_14.arr$rdreg[0] ($dff) from module mkPositCore (D = $auto$rtlil.cc:2498:Mux$4554, Q = $\quire.seg_adder_vff_carry_14.arr$rdreg[0]$q, rval = 2'00).
Adding SRST signal on $\quire.seg_adder_vff_carry_2.arr$rdreg[0] ($dff) from module mkPositCore (D = $auto$rtlil.cc:2498:Mux$4559, Q = $\quire.seg_adder_vff_carry_2.arr$rdreg[0]$q, rval = 2'00).
Adding SRST signal on $\quire.seg_adder_vff_carry_3.arr$rdreg[0] ($dff) from module mkPositCore (D = $auto$rtlil.cc:2498:Mux$4564, Q = $\quire.seg_adder_vff_carry_3.arr$rdreg[0]$q, rval = 2'00).
Adding SRST signal on $\quire.seg_adder_vff_carry_4.arr$rdreg[0] ($dff) from module mkPositCore (D = $auto$rtlil.cc:2498:Mux$4569, Q = $\quire.seg_adder_vff_carry_4.arr$rdreg[0]$q, rval = 2'00).
Adding SRST signal on $\quire.seg_adder_vff_carry_5.arr$rdreg[0] ($dff) from module mkPositCore (D = $auto$rtlil.cc:2498:Mux$4574, Q = $\quire.seg_adder_vff_carry_5.arr$rdreg[0]$q, rval = 2'00).
Adding SRST signal on $\quire.seg_adder_vff_carry_6.arr$rdreg[0] ($dff) from module mkPositCore (D = $auto$rtlil.cc:2498:Mux$4579, Q = $\quire.seg_adder_vff_carry_6.arr$rdreg[0]$q, rval = 2'00).
Adding SRST signal on $\quire.seg_adder_vff_carry_7.arr$rdreg[0] ($dff) from module mkPositCore (D = $auto$rtlil.cc:2498:Mux$4584, Q = $\quire.seg_adder_vff_carry_7.arr$rdreg[0]$q, rval = 2'00).
Adding SRST signal on $\quire.seg_adder_vff_carry_8.arr$rdreg[0] ($dff) from module mkPositCore (D = $auto$rtlil.cc:2498:Mux$4589, Q = $\quire.seg_adder_vff_carry_8.arr$rdreg[0]$q, rval = 2'00).
Adding SRST signal on $\quire.seg_adder_vff_carry_9.arr$rdreg[0] ($dff) from module mkPositCore (D = $auto$rtlil.cc:2498:Mux$4594, Q = $\quire.seg_adder_vff_carry_9.arr$rdreg[0]$q, rval = 2'00).
Adding SRST signal on $\quire.seg_adder_vff_in_0.arr$rdreg[0] ($dff) from module mkPositCore (D = $auto$rtlil.cc:2498:Mux$4599, Q = $\quire.seg_adder_vff_in_0.arr$rdreg[0]$q, rval = 2'00).
Adding SRST signal on $\quire.seg_adder_vff_in_8.arr$rdreg[0] ($dff) from module mkPositCore (D = $auto$rtlil.cc:2498:Mux$4669, Q = $\quire.seg_adder_vff_in_8.arr$rdreg[0]$q, rval = 2'00).
Adding SRST signal on $\quire.seg_adder_vff_in_1.arr$rdreg[0] ($dff) from module mkPositCore (D = $auto$rtlil.cc:2498:Mux$4604, Q = $\quire.seg_adder_vff_in_1.arr$rdreg[0]$q, rval = 2'00).
Adding SRST signal on $\quire.seg_adder_vff_in_10.arr$rdreg[0] ($dff) from module mkPositCore (D = $auto$rtlil.cc:2498:Mux$4609, Q = $\quire.seg_adder_vff_in_10.arr$rdreg[0]$q, rval = 2'00).
Adding SRST signal on $\quire.seg_adder_vff_in_11.arr$rdreg[0] ($dff) from module mkPositCore (D = $auto$rtlil.cc:2498:Mux$4614, Q = $\quire.seg_adder_vff_in_11.arr$rdreg[0]$q, rval = 2'00).
Adding SRST signal on $\quire.seg_adder_vff_in_12.arr$rdreg[0] ($dff) from module mkPositCore (D = $auto$rtlil.cc:2498:Mux$4619, Q = $\quire.seg_adder_vff_in_12.arr$rdreg[0]$q, rval = 2'00).
Adding SRST signal on $\quire.seg_adder_vff_in_13.arr$rdreg[0] ($dff) from module mkPositCore (D = $auto$rtlil.cc:2498:Mux$4624, Q = $\quire.seg_adder_vff_in_13.arr$rdreg[0]$q, rval = 2'00).
Adding SRST signal on $\quire.seg_adder_vff_in_14.arr$rdreg[0] ($dff) from module mkPositCore (D = $auto$rtlil.cc:2498:Mux$4629, Q = $\quire.seg_adder_vff_in_14.arr$rdreg[0]$q, rval = 2'00).
Adding SRST signal on $\quire.seg_adder_vff_in_15.arr$rdreg[0] ($dff) from module mkPositCore (D = $auto$rtlil.cc:2498:Mux$4634, Q = $\quire.seg_adder_vff_in_15.arr$rdreg[0]$q, rval = 2'00).
Adding SRST signal on $\quire.seg_adder_vff_in_2.arr$rdreg[0] ($dff) from module mkPositCore (D = $auto$rtlil.cc:2498:Mux$4639, Q = $\quire.seg_adder_vff_in_2.arr$rdreg[0]$q, rval = 2'00).
Adding SRST signal on $\quire.seg_adder_vff_in_3.arr$rdreg[0] ($dff) from module mkPositCore (D = $auto$rtlil.cc:2498:Mux$4644, Q = $\quire.seg_adder_vff_in_3.arr$rdreg[0]$q, rval = 2'00).
Adding SRST signal on $\quire.seg_adder_vff_in_4.arr$rdreg[0] ($dff) from module mkPositCore (D = $auto$rtlil.cc:2498:Mux$4649, Q = $\quire.seg_adder_vff_in_4.arr$rdreg[0]$q, rval = 2'00).
Adding SRST signal on $\quire.seg_adder_vff_in_5.arr$rdreg[0] ($dff) from module mkPositCore (D = $auto$rtlil.cc:2498:Mux$4654, Q = $\quire.seg_adder_vff_in_5.arr$rdreg[0]$q, rval = 2'00).
Adding SRST signal on $\quire.seg_adder_vff_in_7.arr$rdreg[0] ($dff) from module mkPositCore (D = $auto$rtlil.cc:2498:Mux$4664, Q = $\quire.seg_adder_vff_in_7.arr$rdreg[0]$q, rval = 2'00).
Adding SRST signal on $\quire.seg_adder_vff_in_6.arr$rdreg[0] ($dff) from module mkPositCore (D = $auto$rtlil.cc:2498:Mux$4659, Q = $\quire.seg_adder_vff_in_6.arr$rdreg[0]$q, rval = 2'00).

14.20.8. Executing OPT_CLEAN pass (remove unused cells and wires).
Finding unused cells or wires in module \mkPositCore..
Removed 31 unused cells and 322 unused wires.
<suppressed ~36 debug messages>

14.20.9. Executing OPT_EXPR pass (perform const folding).
Optimizing module mkPositCore.
<suppressed ~68 debug messages>

14.20.10. Rerunning OPT passes. (Maybe there is more to do..)

14.20.11. Executing OPT_MUXTREE pass (detect dead branches in mux trees).
Running muxtree optimizer on module \mkPositCore..
  Creating internal representation of mux trees.
  Evaluating internal representation of mux trees.
  Analyzing evaluation results.
Removed 0 multiplexer ports.
<suppressed ~375 debug messages>

14.20.12. Executing OPT_REDUCE pass (consolidate $*mux and $reduce_* inputs).
  Optimizing cells in module \mkPositCore.
    Consolidated identical input bits for $mux cell $auto$opt_share.cc:244:merge_operators$6031:
      Old ports: A=4'1111, B=4'0001, Y=$auto$rtlil.cc:2498:Mux$6032
      New ports: A=1'1, B=1'0, Y=$auto$rtlil.cc:2498:Mux$6032 [1]
      New connections: { $auto$rtlil.cc:2498:Mux$6032 [3:2] $auto$rtlil.cc:2498:Mux$6032 [0] } = { $auto$rtlil.cc:2498:Mux$6032 [1] $auto$rtlil.cc:2498:Mux$6032 [1] 1'1 }
    Consolidated identical input bits for $mux cell $auto$opt_share.cc:244:merge_operators$6038:
      Old ports: A=8'11111111, B=8'00000001, Y=$auto$rtlil.cc:2498:Mux$6039
      New ports: A=1'1, B=1'0, Y=$auto$rtlil.cc:2498:Mux$6039 [1]
      New connections: { $auto$rtlil.cc:2498:Mux$6039 [7:2] $auto$rtlil.cc:2498:Mux$6039 [0] } = { $auto$rtlil.cc:2498:Mux$6039 [1] $auto$rtlil.cc:2498:Mux$6039 [1] $auto$rtlil.cc:2498:Mux$6039 [1] $auto$rtlil.cc:2498:Mux$6039 [1] $auto$rtlil.cc:2498:Mux$6039 [1] $auto$rtlil.cc:2498:Mux$6039 [1] 1'1 }
    Consolidated identical input bits for $mux cell $ternary$/teamspace/studios/this_studio/Melodica-Integration-into-Fife-Core/Learn_Bluespec_and_RISCV_Design/Code/Build/Fife/verilog/mkPositCore.v:565$1462:
      Old ports: A={ 2'01 \ptof.ffO.data0_reg [34:3] 1'0 $auto$opt_share.cc:222:merge_operators$6042 \MUX_ffO$enq_1__VAL_2 [1] \ptof.ffO.data0_reg [0] }, B={ 2'10 \normalizer.ff_o.D_OUT [35:4] \normalizer.ff_o.D_OUT [1] $auto$opt_share.cc:222:merge_operators$6042 \MUX_ffO$enq_1__VAL_1 [1] \normalizer.ff_o.D_OUT [0] }, Y={ \ffO.D_IN [70:69] \ffO.D_IN [36:4] \ffO.D_IN [2:0] }
      New ports: A={ 2'01 \ptof.ffO.data0_reg [34:3] 1'0 \MUX_ffO$enq_1__VAL_2 [1] \ptof.ffO.data0_reg [0] }, B={ 2'10 \normalizer.ff_o.D_OUT [35:4] \normalizer.ff_o.D_OUT [1] \MUX_ffO$enq_1__VAL_1 [1] \normalizer.ff_o.D_OUT [0] }, Y={ \ffO.D_IN [70:69] \ffO.D_IN [36:4] \ffO.D_IN [1:0] }
      New connections: \ffO.D_IN [2] = $auto$opt_share.cc:222:merge_operators$6042
  Optimizing cells in module \mkPositCore.
Performed a total of 3 changes.

14.20.13. Executing OPT_MERGE pass (detect identical cells).
Finding identical cells in module `\mkPositCore'.
Removed a total of 0 cells.

14.20.14. Executing OPT_SHARE pass.

14.20.15. Executing OPT_DFF pass (perform DFF optimizations).
Adding EN signal on $memory\quire.seg_adder_vff_in_9.arr[2]$5991 ($dff) from module mkPositCore (D = \quire.IF_accumulate_x_BIT_485_75_THEN_0b1_CONCAT_fn__ETC___d518 [319:288], Q = \quire.seg_adder_vff_in_9.arr[2]).
Adding EN signal on $memory\quire.seg_adder_vff_in_9.arr[1]$5989 ($dff) from module mkPositCore (D = \quire.IF_accumulate_x_BIT_485_75_THEN_0b1_CONCAT_fn__ETC___d518 [319:288], Q = \quire.seg_adder_vff_in_9.arr[1]).
Adding EN signal on $memory\quire.seg_adder_vff_in_9.arr[0]$5987 ($dff) from module mkPositCore (D = \quire.IF_accumulate_x_BIT_485_75_THEN_0b1_CONCAT_fn__ETC___d518 [319:288], Q = \quire.seg_adder_vff_in_9.arr[0]).
Adding EN signal on $memory\quire.seg_adder_vff_in_8.arr[2]$5950 ($dff) from module mkPositCore (D = \quire.IF_accumulate_x_BIT_485_75_THEN_0b1_CONCAT_fn__ETC___d518 [287:256], Q = \quire.seg_adder_vff_in_8.arr[2]).
Adding EN signal on $memory\quire.seg_adder_vff_in_8.arr[1]$5948 ($dff) from module mkPositCore (D = \quire.IF_accumulate_x_BIT_485_75_THEN_0b1_CONCAT_fn__ETC___d518 [287:256], Q = \quire.seg_adder_vff_in_8.arr[1]).
Adding EN signal on $memory\quire.seg_adder_vff_in_8.arr[0]$5946 ($dff) from module mkPositCore (D = \quire.IF_accumulate_x_BIT_485_75_THEN_0b1_CONCAT_fn__ETC___d518 [287:256], Q = \quire.seg_adder_vff_in_8.arr[0]).
Adding EN signal on $memory\quire.seg_adder_vff_in_7.arr[2]$5909 ($dff) from module mkPositCore (D = \quire.IF_accumulate_x_BIT_485_75_THEN_0b1_CONCAT_fn__ETC___d518 [255:224], Q = \quire.seg_adder_vff_in_7.arr[2]).
Adding EN signal on $memory\quire.seg_adder_vff_in_7.arr[1]$5907 ($dff) from module mkPositCore (D = \quire.IF_accumulate_x_BIT_485_75_THEN_0b1_CONCAT_fn__ETC___d518 [255:224], Q = \quire.seg_adder_vff_in_7.arr[1]).
Adding EN signal on $memory\quire.seg_adder_vff_in_7.arr[0]$5905 ($dff) from module mkPositCore (D = \quire.IF_accumulate_x_BIT_485_75_THEN_0b1_CONCAT_fn__ETC___d518 [255:224], Q = \quire.seg_adder_vff_in_7.arr[0]).
Adding EN signal on $memory\quire.seg_adder_vff_in_6.arr[2]$5868 ($dff) from module mkPositCore (D = \quire.IF_accumulate_x_BIT_485_75_THEN_0b1_CONCAT_fn__ETC___d518 [223:192], Q = \quire.seg_adder_vff_in_6.arr[2]).
Adding EN signal on $memory\quire.seg_adder_vff_in_6.arr[1]$5866 ($dff) from module mkPositCore (D = \quire.IF_accumulate_x_BIT_485_75_THEN_0b1_CONCAT_fn__ETC___d518 [223:192], Q = \quire.seg_adder_vff_in_6.arr[1]).
Adding EN signal on $memory\quire.seg_adder_vff_in_6.arr[0]$5864 ($dff) from module mkPositCore (D = \quire.IF_accumulate_x_BIT_485_75_THEN_0b1_CONCAT_fn__ETC___d518 [223:192], Q = \quire.seg_adder_vff_in_6.arr[0]).
Adding EN signal on $memory\quire.seg_adder_vff_in_5.arr[2]$5827 ($dff) from module mkPositCore (D = \quire.IF_accumulate_x_BIT_485_75_THEN_0b1_CONCAT_fn__ETC___d518 [191:160], Q = \quire.seg_adder_vff_in_5.arr[2]).
Adding EN signal on $memory\quire.seg_adder_vff_in_5.arr[1]$5825 ($dff) from module mkPositCore (D = \quire.IF_accumulate_x_BIT_485_75_THEN_0b1_CONCAT_fn__ETC___d518 [191:160], Q = \quire.seg_adder_vff_in_5.arr[1]).
Adding EN signal on $memory\quire.seg_adder_vff_in_5.arr[0]$5823 ($dff) from module mkPositCore (D = \quire.IF_accumulate_x_BIT_485_75_THEN_0b1_CONCAT_fn__ETC___d518 [191:160], Q = \quire.seg_adder_vff_in_5.arr[0]).
Adding EN signal on $memory\quire.seg_adder_vff_in_4.arr[2]$5786 ($dff) from module mkPositCore (D = \quire.IF_accumulate_x_BIT_485_75_THEN_0b1_CONCAT_fn__ETC___d518 [159:128], Q = \quire.seg_adder_vff_in_4.arr[2]).
Adding EN signal on $memory\quire.seg_adder_vff_in_4.arr[1]$5784 ($dff) from module mkPositCore (D = \quire.IF_accumulate_x_BIT_485_75_THEN_0b1_CONCAT_fn__ETC___d518 [159:128], Q = \quire.seg_adder_vff_in_4.arr[1]).
Adding EN signal on $memory\quire.seg_adder_vff_in_4.arr[0]$5782 ($dff) from module mkPositCore (D = \quire.IF_accumulate_x_BIT_485_75_THEN_0b1_CONCAT_fn__ETC___d518 [159:128], Q = \quire.seg_adder_vff_in_4.arr[0]).
Adding EN signal on $memory\quire.seg_adder_vff_in_3.arr[2]$5745 ($dff) from module mkPositCore (D = \quire.IF_accumulate_x_BIT_485_75_THEN_0b1_CONCAT_fn__ETC___d518 [127:96], Q = \quire.seg_adder_vff_in_3.arr[2]).
Adding EN signal on $memory\quire.seg_adder_vff_in_3.arr[1]$5743 ($dff) from module mkPositCore (D = \quire.IF_accumulate_x_BIT_485_75_THEN_0b1_CONCAT_fn__ETC___d518 [127:96], Q = \quire.seg_adder_vff_in_3.arr[1]).
Adding EN signal on $memory\quire.seg_adder_vff_in_3.arr[0]$5741 ($dff) from module mkPositCore (D = \quire.IF_accumulate_x_BIT_485_75_THEN_0b1_CONCAT_fn__ETC___d518 [127:96], Q = \quire.seg_adder_vff_in_3.arr[0]).
Adding EN signal on $memory\quire.seg_adder_vff_in_2.arr[2]$5704 ($dff) from module mkPositCore (D = \quire.IF_accumulate_x_BIT_485_75_THEN_0b1_CONCAT_fn__ETC___d518 [95:64], Q = \quire.seg_adder_vff_in_2.arr[2]).
Adding EN signal on $memory\quire.seg_adder_vff_in_2.arr[1]$5702 ($dff) from module mkPositCore (D = \quire.IF_accumulate_x_BIT_485_75_THEN_0b1_CONCAT_fn__ETC___d518 [95:64], Q = \quire.seg_adder_vff_in_2.arr[1]).
Adding EN signal on $memory\quire.seg_adder_vff_in_2.arr[0]$5700 ($dff) from module mkPositCore (D = \quire.IF_accumulate_x_BIT_485_75_THEN_0b1_CONCAT_fn__ETC___d518 [95:64], Q = \quire.seg_adder_vff_in_2.arr[0]).
Adding EN signal on $memory\quire.seg_adder_vff_in_15.arr[2]$5663 ($dff) from module mkPositCore (D = { \quire.IF_accumulate_x_BIT_485_75_THEN_0b1_CONCAT_fn__ETC___d518 [511:510] \quire.IF_accumulate_x_BIT_485_75_THEN_0b1_CONCAT_fn__ETC___d518 [510] \quire.IF_accumulate_x_BIT_485_75_THEN_0b1_CONCAT_fn__ETC___d518 [510] \quire.IF_accumulate_x_BIT_485_75_THEN_0b1_CONCAT_fn__ETC___d518 [510] \quire.IF_accumulate_x_BIT_485_75_THEN_0b1_CONCAT_fn__ETC___d518 [510] \quire.IF_accumulate_x_BIT_485_75_THEN_0b1_CONCAT_fn__ETC___d518 [510] \quire.IF_accumulate_x_BIT_485_75_THEN_0b1_CONCAT_fn__ETC___d518 [510] \quire.IF_accumulate_x_BIT_485_75_THEN_0b1_CONCAT_fn__ETC___d518 [510] \quire.IF_accumulate_x_BIT_485_75_THEN_0b1_CONCAT_fn__ETC___d518 [510] \quire.IF_accumulate_x_BIT_485_75_THEN_0b1_CONCAT_fn__ETC___d518 [510] \quire.IF_accumulate_x_BIT_485_75_THEN_0b1_CONCAT_fn__ETC___d518 [510] \quire.IF_accumulate_x_BIT_485_75_THEN_0b1_CONCAT_fn__ETC___d518 [510] \quire.IF_accumulate_x_BIT_485_75_THEN_0b1_CONCAT_fn__ETC___d518 [510] \quire.IF_accumulate_x_BIT_485_75_THEN_0b1_CONCAT_fn__ETC___d518 [510] \quire.IF_accumulate_x_BIT_485_75_THEN_0b1_CONCAT_fn__ETC___d518 [510] \quire.IF_accumulate_x_BIT_485_75_THEN_0b1_CONCAT_fn__ETC___d518 [510] \quire.IF_accumulate_x_BIT_485_75_THEN_0b1_CONCAT_fn__ETC___d518 [510] \quire.IF_accumulate_x_BIT_485_75_THEN_0b1_CONCAT_fn__ETC___d518 [510] \quire.IF_accumulate_x_BIT_485_75_THEN_0b1_CONCAT_fn__ETC___d518 [510] \quire.IF_accumulate_x_BIT_485_75_THEN_0b1_CONCAT_fn__ETC___d518 [510] \quire.IF_accumulate_x_BIT_485_75_THEN_0b1_CONCAT_fn__ETC___d518 [510] \quire.IF_accumulate_x_BIT_485_75_THEN_0b1_CONCAT_fn__ETC___d518 [510] \quire.IF_accumulate_x_BIT_485_75_THEN_0b1_CONCAT_fn__ETC___d518 [510] \quire.IF_accumulate_x_BIT_485_75_THEN_0b1_CONCAT_fn__ETC___d518 [510] \quire.IF_accumulate_x_BIT_485_75_THEN_0b1_CONCAT_fn__ETC___d518 [510] \quire.IF_accumulate_x_BIT_485_75_THEN_0b1_CONCAT_fn__ETC___d518 [510] \quire.IF_accumulate_x_BIT_485_75_THEN_0b1_CONCAT_fn__ETC___d518 [510] \quire.IF_accumulate_x_BIT_485_75_THEN_0b1_CONCAT_fn__ETC___d518 [510] \quire.IF_accumulate_x_BIT_485_75_THEN_0b1_CONCAT_fn__ETC___d518 [510] \quire.IF_accumulate_x_BIT_485_75_THEN_0b1_CONCAT_fn__ETC___d518 [510] \quire.IF_accumulate_x_BIT_485_75_THEN_0b1_CONCAT_fn__ETC___d518 [510] }, Q = \quire.seg_adder_vff_in_15.arr[2]).
Adding EN signal on $memory\quire.seg_adder_vff_in_15.arr[1]$5661 ($dff) from module mkPositCore (D = { \quire.IF_accumulate_x_BIT_485_75_THEN_0b1_CONCAT_fn__ETC___d518 [511:510] \quire.IF_accumulate_x_BIT_485_75_THEN_0b1_CONCAT_fn__ETC___d518 [510] \quire.IF_accumulate_x_BIT_485_75_THEN_0b1_CONCAT_fn__ETC___d518 [510] \quire.IF_accumulate_x_BIT_485_75_THEN_0b1_CONCAT_fn__ETC___d518 [510] \quire.IF_accumulate_x_BIT_485_75_THEN_0b1_CONCAT_fn__ETC___d518 [510] \quire.IF_accumulate_x_BIT_485_75_THEN_0b1_CONCAT_fn__ETC___d518 [510] \quire.IF_accumulate_x_BIT_485_75_THEN_0b1_CONCAT_fn__ETC___d518 [510] \quire.IF_accumulate_x_BIT_485_75_THEN_0b1_CONCAT_fn__ETC___d518 [510] \quire.IF_accumulate_x_BIT_485_75_THEN_0b1_CONCAT_fn__ETC___d518 [510] \quire.IF_accumulate_x_BIT_485_75_THEN_0b1_CONCAT_fn__ETC___d518 [510] \quire.IF_accumulate_x_BIT_485_75_THEN_0b1_CONCAT_fn__ETC___d518 [510] \quire.IF_accumulate_x_BIT_485_75_THEN_0b1_CONCAT_fn__ETC___d518 [510] \quire.IF_accumulate_x_BIT_485_75_THEN_0b1_CONCAT_fn__ETC___d518 [510] \quire.IF_accumulate_x_BIT_485_75_THEN_0b1_CONCAT_fn__ETC___d518 [510] \quire.IF_accumulate_x_BIT_485_75_THEN_0b1_CONCAT_fn__ETC___d518 [510] \quire.IF_accumulate_x_BIT_485_75_THEN_0b1_CONCAT_fn__ETC___d518 [510] \quire.IF_accumulate_x_BIT_485_75_THEN_0b1_CONCAT_fn__ETC___d518 [510] \quire.IF_accumulate_x_BIT_485_75_THEN_0b1_CONCAT_fn__ETC___d518 [510] \quire.IF_accumulate_x_BIT_485_75_THEN_0b1_CONCAT_fn__ETC___d518 [510] \quire.IF_accumulate_x_BIT_485_75_THEN_0b1_CONCAT_fn__ETC___d518 [510] \quire.IF_accumulate_x_BIT_485_75_THEN_0b1_CONCAT_fn__ETC___d518 [510] \quire.IF_accumulate_x_BIT_485_75_THEN_0b1_CONCAT_fn__ETC___d518 [510] \quire.IF_accumulate_x_BIT_485_75_THEN_0b1_CONCAT_fn__ETC___d518 [510] \quire.IF_accumulate_x_BIT_485_75_THEN_0b1_CONCAT_fn__ETC___d518 [510] \quire.IF_accumulate_x_BIT_485_75_THEN_0b1_CONCAT_fn__ETC___d518 [510] \quire.IF_accumulate_x_BIT_485_75_THEN_0b1_CONCAT_fn__ETC___d518 [510] \quire.IF_accumulate_x_BIT_485_75_THEN_0b1_CONCAT_fn__ETC___d518 [510] \quire.IF_accumulate_x_BIT_485_75_THEN_0b1_CONCAT_fn__ETC___d518 [510] \quire.IF_accumulate_x_BIT_485_75_THEN_0b1_CONCAT_fn__ETC___d518 [510] \quire.IF_accumulate_x_BIT_485_75_THEN_0b1_CONCAT_fn__ETC___d518 [510] \quire.IF_accumulate_x_BIT_485_75_THEN_0b1_CONCAT_fn__ETC___d518 [510] }, Q = \quire.seg_adder_vff_in_15.arr[1]).
Adding EN signal on $memory\quire.seg_adder_vff_in_15.arr[0]$5659 ($dff) from module mkPositCore (D = { \quire.IF_accumulate_x_BIT_485_75_THEN_0b1_CONCAT_fn__ETC___d518 [511:510] \quire.IF_accumulate_x_BIT_485_75_THEN_0b1_CONCAT_fn__ETC___d518 [510] \quire.IF_accumulate_x_BIT_485_75_THEN_0b1_CONCAT_fn__ETC___d518 [510] \quire.IF_accumulate_x_BIT_485_75_THEN_0b1_CONCAT_fn__ETC___d518 [510] \quire.IF_accumulate_x_BIT_485_75_THEN_0b1_CONCAT_fn__ETC___d518 [510] \quire.IF_accumulate_x_BIT_485_75_THEN_0b1_CONCAT_fn__ETC___d518 [510] \quire.IF_accumulate_x_BIT_485_75_THEN_0b1_CONCAT_fn__ETC___d518 [510] \quire.IF_accumulate_x_BIT_485_75_THEN_0b1_CONCAT_fn__ETC___d518 [510] \quire.IF_accumulate_x_BIT_485_75_THEN_0b1_CONCAT_fn__ETC___d518 [510] \quire.IF_accumulate_x_BIT_485_75_THEN_0b1_CONCAT_fn__ETC___d518 [510] \quire.IF_accumulate_x_BIT_485_75_THEN_0b1_CONCAT_fn__ETC___d518 [510] \quire.IF_accumulate_x_BIT_485_75_THEN_0b1_CONCAT_fn__ETC___d518 [510] \quire.IF_accumulate_x_BIT_485_75_THEN_0b1_CONCAT_fn__ETC___d518 [510] \quire.IF_accumulate_x_BIT_485_75_THEN_0b1_CONCAT_fn__ETC___d518 [510] \quire.IF_accumulate_x_BIT_485_75_THEN_0b1_CONCAT_fn__ETC___d518 [510] \quire.IF_accumulate_x_BIT_485_75_THEN_0b1_CONCAT_fn__ETC___d518 [510] \quire.IF_accumulate_x_BIT_485_75_THEN_0b1_CONCAT_fn__ETC___d518 [510] \quire.IF_accumulate_x_BIT_485_75_THEN_0b1_CONCAT_fn__ETC___d518 [510] \quire.IF_accumulate_x_BIT_485_75_THEN_0b1_CONCAT_fn__ETC___d518 [510] \quire.IF_accumulate_x_BIT_485_75_THEN_0b1_CONCAT_fn__ETC___d518 [510] \quire.IF_accumulate_x_BIT_485_75_THEN_0b1_CONCAT_fn__ETC___d518 [510] \quire.IF_accumulate_x_BIT_485_75_THEN_0b1_CONCAT_fn__ETC___d518 [510] \quire.IF_accumulate_x_BIT_485_75_THEN_0b1_CONCAT_fn__ETC___d518 [510] \quire.IF_accumulate_x_BIT_485_75_THEN_0b1_CONCAT_fn__ETC___d518 [510] \quire.IF_accumulate_x_BIT_485_75_THEN_0b1_CONCAT_fn__ETC___d518 [510] \quire.IF_accumulate_x_BIT_485_75_THEN_0b1_CONCAT_fn__ETC___d518 [510] \quire.IF_accumulate_x_BIT_485_75_THEN_0b1_CONCAT_fn__ETC___d518 [510] \quire.IF_accumulate_x_BIT_485_75_THEN_0b1_CONCAT_fn__ETC___d518 [510] \quire.IF_accumulate_x_BIT_485_75_THEN_0b1_CONCAT_fn__ETC___d518 [510] \quire.IF_accumulate_x_BIT_485_75_THEN_0b1_CONCAT_fn__ETC___d518 [510] \quire.IF_accumulate_x_BIT_485_75_THEN_0b1_CONCAT_fn__ETC___d518 [510] }, Q = \quire.seg_adder_vff_in_15.arr[0]).
Adding EN signal on $memory\quire.seg_adder_vff_in_14.arr[2]$5622 ($dff) from module mkPositCore (D = \quire.IF_accumulate_x_BIT_485_75_THEN_0b1_CONCAT_fn__ETC___d518 [479:448], Q = \quire.seg_adder_vff_in_14.arr[2]).
Adding EN signal on $memory\quire.seg_adder_vff_in_14.arr[1]$5620 ($dff) from module mkPositCore (D = \quire.IF_accumulate_x_BIT_485_75_THEN_0b1_CONCAT_fn__ETC___d518 [479:448], Q = \quire.seg_adder_vff_in_14.arr[1]).
Adding EN signal on $memory\quire.seg_adder_vff_in_14.arr[0]$5618 ($dff) from module mkPositCore (D = \quire.IF_accumulate_x_BIT_485_75_THEN_0b1_CONCAT_fn__ETC___d518 [479:448], Q = \quire.seg_adder_vff_in_14.arr[0]).
Adding EN signal on $memory\quire.seg_adder_vff_in_13.arr[2]$5581 ($dff) from module mkPositCore (D = \quire.IF_accumulate_x_BIT_485_75_THEN_0b1_CONCAT_fn__ETC___d518 [447:416], Q = \quire.seg_adder_vff_in_13.arr[2]).
Adding EN signal on $memory\quire.seg_adder_vff_in_13.arr[1]$5579 ($dff) from module mkPositCore (D = \quire.IF_accumulate_x_BIT_485_75_THEN_0b1_CONCAT_fn__ETC___d518 [447:416], Q = \quire.seg_adder_vff_in_13.arr[1]).
Adding EN signal on $memory\quire.seg_adder_vff_in_13.arr[0]$5577 ($dff) from module mkPositCore (D = \quire.IF_accumulate_x_BIT_485_75_THEN_0b1_CONCAT_fn__ETC___d518 [447:416], Q = \quire.seg_adder_vff_in_13.arr[0]).
Adding EN signal on $memory\quire.seg_adder_vff_in_12.arr[2]$5540 ($dff) from module mkPositCore (D = \quire.IF_accumulate_x_BIT_485_75_THEN_0b1_CONCAT_fn__ETC___d518 [415:384], Q = \quire.seg_adder_vff_in_12.arr[2]).
Adding EN signal on $memory\quire.seg_adder_vff_in_12.arr[1]$5538 ($dff) from module mkPositCore (D = \quire.IF_accumulate_x_BIT_485_75_THEN_0b1_CONCAT_fn__ETC___d518 [415:384], Q = \quire.seg_adder_vff_in_12.arr[1]).
Adding EN signal on $memory\quire.seg_adder_vff_in_12.arr[0]$5536 ($dff) from module mkPositCore (D = \quire.IF_accumulate_x_BIT_485_75_THEN_0b1_CONCAT_fn__ETC___d518 [415:384], Q = \quire.seg_adder_vff_in_12.arr[0]).
Adding EN signal on $memory\quire.seg_adder_vff_in_11.arr[2]$5499 ($dff) from module mkPositCore (D = \quire.IF_accumulate_x_BIT_485_75_THEN_0b1_CONCAT_fn__ETC___d518 [383:352], Q = \quire.seg_adder_vff_in_11.arr[2]).
Adding EN signal on $memory\quire.seg_adder_vff_in_11.arr[1]$5497 ($dff) from module mkPositCore (D = \quire.IF_accumulate_x_BIT_485_75_THEN_0b1_CONCAT_fn__ETC___d518 [383:352], Q = \quire.seg_adder_vff_in_11.arr[1]).
Adding EN signal on $memory\quire.seg_adder_vff_in_11.arr[0]$5495 ($dff) from module mkPositCore (D = \quire.IF_accumulate_x_BIT_485_75_THEN_0b1_CONCAT_fn__ETC___d518 [383:352], Q = \quire.seg_adder_vff_in_11.arr[0]).
Adding EN signal on $memory\quire.seg_adder_vff_in_10.arr[2]$5458 ($dff) from module mkPositCore (D = \quire.IF_accumulate_x_BIT_485_75_THEN_0b1_CONCAT_fn__ETC___d518 [351:320], Q = \quire.seg_adder_vff_in_10.arr[2]).
Adding EN signal on $memory\quire.seg_adder_vff_in_10.arr[1]$5456 ($dff) from module mkPositCore (D = \quire.IF_accumulate_x_BIT_485_75_THEN_0b1_CONCAT_fn__ETC___d518 [351:320], Q = \quire.seg_adder_vff_in_10.arr[1]).
Adding EN signal on $memory\quire.seg_adder_vff_in_10.arr[0]$5454 ($dff) from module mkPositCore (D = \quire.IF_accumulate_x_BIT_485_75_THEN_0b1_CONCAT_fn__ETC___d518 [351:320], Q = \quire.seg_adder_vff_in_10.arr[0]).
Adding EN signal on $memory\quire.seg_adder_vff_in_1.arr[2]$5417 ($dff) from module mkPositCore (D = \quire.IF_accumulate_x_BIT_485_75_THEN_0b1_CONCAT_fn__ETC___d518 [63:32], Q = \quire.seg_adder_vff_in_1.arr[2]).
Adding EN signal on $memory\quire.seg_adder_vff_in_1.arr[1]$5415 ($dff) from module mkPositCore (D = \quire.IF_accumulate_x_BIT_485_75_THEN_0b1_CONCAT_fn__ETC___d518 [63:32], Q = \quire.seg_adder_vff_in_1.arr[1]).
Adding EN signal on $memory\quire.seg_adder_vff_in_1.arr[0]$5413 ($dff) from module mkPositCore (D = \quire.IF_accumulate_x_BIT_485_75_THEN_0b1_CONCAT_fn__ETC___d518 [63:32], Q = \quire.seg_adder_vff_in_1.arr[0]).
Adding EN signal on $memory\quire.seg_adder_vff_in_0.arr[2]$5376 ($dff) from module mkPositCore (D = \quire.IF_accumulate_x_BIT_485_75_THEN_0b1_CONCAT_fn__ETC___d518 [31:0], Q = \quire.seg_adder_vff_in_0.arr[2]).
Adding EN signal on $memory\quire.seg_adder_vff_in_0.arr[1]$5374 ($dff) from module mkPositCore (D = \quire.IF_accumulate_x_BIT_485_75_THEN_0b1_CONCAT_fn__ETC___d518 [31:0], Q = \quire.seg_adder_vff_in_0.arr[1]).
Adding EN signal on $memory\quire.seg_adder_vff_in_0.arr[0]$5372 ($dff) from module mkPositCore (D = \quire.IF_accumulate_x_BIT_485_75_THEN_0b1_CONCAT_fn__ETC___d518 [31:0], Q = \quire.seg_adder_vff_in_0.arr[0]).
Adding EN signal on $memory\quire.seg_adder_vff_carry_9.arr[2]$5335 ($dff) from module mkPositCore (D = \quire.acc__h11933 [32], Q = \quire.seg_adder_vff_carry_9.arr[2]).
Adding EN signal on $memory\quire.seg_adder_vff_carry_9.arr[1]$5333 ($dff) from module mkPositCore (D = \quire.acc__h11933 [32], Q = \quire.seg_adder_vff_carry_9.arr[1]).
Adding EN signal on $memory\quire.seg_adder_vff_carry_9.arr[0]$5331 ($dff) from module mkPositCore (D = \quire.acc__h11933 [32], Q = \quire.seg_adder_vff_carry_9.arr[0]).
Adding EN signal on $memory\quire.seg_adder_vff_carry_8.arr[2]$5294 ($dff) from module mkPositCore (D = \quire.acc__h11430 [32], Q = \quire.seg_adder_vff_carry_8.arr[2]).
Adding EN signal on $memory\quire.seg_adder_vff_carry_8.arr[1]$5292 ($dff) from module mkPositCore (D = \quire.acc__h11430 [32], Q = \quire.seg_adder_vff_carry_8.arr[1]).
Adding EN signal on $memory\quire.seg_adder_vff_carry_8.arr[0]$5290 ($dff) from module mkPositCore (D = \quire.acc__h11430 [32], Q = \quire.seg_adder_vff_carry_8.arr[0]).
Adding EN signal on $memory\quire.seg_adder_vff_carry_7.arr[2]$5253 ($dff) from module mkPositCore (D = \quire.acc__h10927 [32], Q = \quire.seg_adder_vff_carry_7.arr[2]).
Adding EN signal on $memory\quire.seg_adder_vff_carry_7.arr[1]$5251 ($dff) from module mkPositCore (D = \quire.acc__h10927 [32], Q = \quire.seg_adder_vff_carry_7.arr[1]).
Adding EN signal on $memory\quire.seg_adder_vff_carry_7.arr[0]$5249 ($dff) from module mkPositCore (D = \quire.acc__h10927 [32], Q = \quire.seg_adder_vff_carry_7.arr[0]).
Adding EN signal on $memory\quire.seg_adder_vff_carry_6.arr[2]$5212 ($dff) from module mkPositCore (D = \quire.acc__h10424 [32], Q = \quire.seg_adder_vff_carry_6.arr[2]).
Adding EN signal on $memory\quire.seg_adder_vff_carry_6.arr[1]$5210 ($dff) from module mkPositCore (D = \quire.acc__h10424 [32], Q = \quire.seg_adder_vff_carry_6.arr[1]).
Adding EN signal on $memory\quire.seg_adder_vff_carry_6.arr[0]$5208 ($dff) from module mkPositCore (D = \quire.acc__h10424 [32], Q = \quire.seg_adder_vff_carry_6.arr[0]).
Adding EN signal on $memory\quire.seg_adder_vff_carry_5.arr[2]$5171 ($dff) from module mkPositCore (D = \quire.acc__h9921 [32], Q = \quire.seg_adder_vff_carry_5.arr[2]).
Adding EN signal on $memory\quire.seg_adder_vff_carry_5.arr[1]$5169 ($dff) from module mkPositCore (D = \quire.acc__h9921 [32], Q = \quire.seg_adder_vff_carry_5.arr[1]).
Adding EN signal on $memory\quire.seg_adder_vff_carry_5.arr[0]$5167 ($dff) from module mkPositCore (D = \quire.acc__h9921 [32], Q = \quire.seg_adder_vff_carry_5.arr[0]).
Adding EN signal on $memory\quire.seg_adder_vff_carry_4.arr[2]$5130 ($dff) from module mkPositCore (D = \quire.acc__h9418 [32], Q = \quire.seg_adder_vff_carry_4.arr[2]).
Adding EN signal on $memory\quire.seg_adder_vff_carry_4.arr[1]$5128 ($dff) from module mkPositCore (D = \quire.acc__h9418 [32], Q = \quire.seg_adder_vff_carry_4.arr[1]).
Adding EN signal on $memory\quire.seg_adder_vff_carry_4.arr[0]$5126 ($dff) from module mkPositCore (D = \quire.acc__h9418 [32], Q = \quire.seg_adder_vff_carry_4.arr[0]).
Adding EN signal on $memory\quire.seg_adder_vff_carry_3.arr[2]$5089 ($dff) from module mkPositCore (D = \quire.acc__h8915 [32], Q = \quire.seg_adder_vff_carry_3.arr[2]).
Adding EN signal on $memory\quire.seg_adder_vff_carry_3.arr[1]$5087 ($dff) from module mkPositCore (D = \quire.acc__h8915 [32], Q = \quire.seg_adder_vff_carry_3.arr[1]).
Adding EN signal on $memory\quire.seg_adder_vff_carry_3.arr[0]$5085 ($dff) from module mkPositCore (D = \quire.acc__h8915 [32], Q = \quire.seg_adder_vff_carry_3.arr[0]).
Adding EN signal on $memory\quire.seg_adder_vff_carry_2.arr[2]$5048 ($dff) from module mkPositCore (D = \quire.acc__h8412 [32], Q = \quire.seg_adder_vff_carry_2.arr[2]).
Adding EN signal on $memory\quire.seg_adder_vff_carry_2.arr[1]$5046 ($dff) from module mkPositCore (D = \quire.acc__h8412 [32], Q = \quire.seg_adder_vff_carry_2.arr[1]).
Adding EN signal on $memory\quire.seg_adder_vff_carry_2.arr[0]$5044 ($dff) from module mkPositCore (D = \quire.acc__h8412 [32], Q = \quire.seg_adder_vff_carry_2.arr[0]).
Adding EN signal on $memory\quire.seg_adder_vff_carry_14.arr[2]$5007 ($dff) from module mkPositCore (D = \quire.acc__h14448 [32], Q = \quire.seg_adder_vff_carry_14.arr[2]).
Adding EN signal on $memory\quire.seg_adder_vff_carry_14.arr[1]$5005 ($dff) from module mkPositCore (D = \quire.acc__h14448 [32], Q = \quire.seg_adder_vff_carry_14.arr[1]).
Adding EN signal on $memory\quire.seg_adder_vff_carry_14.arr[0]$5003 ($dff) from module mkPositCore (D = \quire.acc__h14448 [32], Q = \quire.seg_adder_vff_carry_14.arr[0]).
Adding EN signal on $memory\quire.seg_adder_vff_carry_13.arr[2]$4966 ($dff) from module mkPositCore (D = \quire.acc__h13945 [32], Q = \quire.seg_adder_vff_carry_13.arr[2]).
Adding EN signal on $memory\quire.seg_adder_vff_carry_13.arr[1]$4964 ($dff) from module mkPositCore (D = \quire.acc__h13945 [32], Q = \quire.seg_adder_vff_carry_13.arr[1]).
Adding EN signal on $memory\quire.seg_adder_vff_carry_13.arr[0]$4962 ($dff) from module mkPositCore (D = \quire.acc__h13945 [32], Q = \quire.seg_adder_vff_carry_13.arr[0]).
Adding EN signal on $memory\quire.seg_adder_vff_carry_12.arr[2]$4925 ($dff) from module mkPositCore (D = \quire.acc__h13442 [32], Q = \quire.seg_adder_vff_carry_12.arr[2]).
Adding EN signal on $memory\quire.seg_adder_vff_carry_12.arr[1]$4923 ($dff) from module mkPositCore (D = \quire.acc__h13442 [32], Q = \quire.seg_adder_vff_carry_12.arr[1]).
Adding EN signal on $memory\quire.seg_adder_vff_carry_12.arr[0]$4921 ($dff) from module mkPositCore (D = \quire.acc__h13442 [32], Q = \quire.seg_adder_vff_carry_12.arr[0]).
Adding EN signal on $memory\quire.seg_adder_vff_carry_11.arr[2]$4884 ($dff) from module mkPositCore (D = \quire.acc__h12939 [32], Q = \quire.seg_adder_vff_carry_11.arr[2]).
Adding EN signal on $memory\quire.seg_adder_vff_carry_11.arr[1]$4882 ($dff) from module mkPositCore (D = \quire.acc__h12939 [32], Q = \quire.seg_adder_vff_carry_11.arr[1]).
Adding EN signal on $memory\quire.seg_adder_vff_carry_11.arr[0]$4880 ($dff) from module mkPositCore (D = \quire.acc__h12939 [32], Q = \quire.seg_adder_vff_carry_11.arr[0]).
Adding EN signal on $memory\quire.seg_adder_vff_carry_10.arr[2]$4843 ($dff) from module mkPositCore (D = \quire.acc__h12436 [32], Q = \quire.seg_adder_vff_carry_10.arr[2]).
Adding EN signal on $memory\quire.seg_adder_vff_carry_10.arr[1]$4841 ($dff) from module mkPositCore (D = \quire.acc__h12436 [32], Q = \quire.seg_adder_vff_carry_10.arr[1]).
Adding EN signal on $memory\quire.seg_adder_vff_carry_10.arr[0]$4839 ($dff) from module mkPositCore (D = \quire.acc__h12436 [32], Q = \quire.seg_adder_vff_carry_10.arr[0]).
Adding EN signal on $memory\quire.seg_adder_vff_carry_1.arr[2]$4802 ($dff) from module mkPositCore (D = \quire.acc__h7909 [32], Q = \quire.seg_adder_vff_carry_1.arr[2]).
Adding EN signal on $memory\quire.seg_adder_vff_carry_1.arr[1]$4800 ($dff) from module mkPositCore (D = \quire.acc__h7909 [32], Q = \quire.seg_adder_vff_carry_1.arr[1]).
Adding EN signal on $memory\quire.seg_adder_vff_carry_1.arr[0]$4798 ($dff) from module mkPositCore (D = \quire.acc__h7909 [32], Q = \quire.seg_adder_vff_carry_1.arr[0]).
Adding EN signal on $memory\quire.seg_adder_vff_carry_0.arr[2]$4761 ($dff) from module mkPositCore (D = \quire.acc__h6126 [32], Q = \quire.seg_adder_vff_carry_0.arr[2]).
Adding EN signal on $memory\quire.seg_adder_vff_carry_0.arr[1]$4759 ($dff) from module mkPositCore (D = \quire.acc__h6126 [32], Q = \quire.seg_adder_vff_carry_0.arr[1]).
Adding EN signal on $memory\quire.seg_adder_vff_carry_0.arr[0]$4757 ($dff) from module mkPositCore (D = \quire.acc__h6126 [32], Q = \quire.seg_adder_vff_carry_0.arr[0]).
Setting constant 0-bit at position 0 on $auto$ff.cc:266:slice$3621 ($dffe) from module mkPositCore.
Setting constant 0-bit at position 3 on $auto$ff.cc:266:slice$3753 ($dffe) from module mkPositCore.
Setting constant 1-bit at position 36 on $auto$ff.cc:266:slice$3753 ($dffe) from module mkPositCore.
Setting constant 1-bit at position 37 on $auto$ff.cc:266:slice$3753 ($dffe) from module mkPositCore.
Setting constant 1-bit at position 38 on $auto$ff.cc:266:slice$3753 ($dffe) from module mkPositCore.
Setting constant 1-bit at position 39 on $auto$ff.cc:266:slice$3753 ($dffe) from module mkPositCore.
Setting constant 1-bit at position 40 on $auto$ff.cc:266:slice$3753 ($dffe) from module mkPositCore.
Setting constant 1-bit at position 41 on $auto$ff.cc:266:slice$3753 ($dffe) from module mkPositCore.
Setting constant 1-bit at position 42 on $auto$ff.cc:266:slice$3753 ($dffe) from module mkPositCore.
Setting constant 1-bit at position 43 on $auto$ff.cc:266:slice$3753 ($dffe) from module mkPositCore.
Setting constant 1-bit at position 44 on $auto$ff.cc:266:slice$3753 ($dffe) from module mkPositCore.
Setting constant 1-bit at position 45 on $auto$ff.cc:266:slice$3753 ($dffe) from module mkPositCore.
Setting constant 1-bit at position 46 on $auto$ff.cc:266:slice$3753 ($dffe) from module mkPositCore.
Setting constant 1-bit at position 47 on $auto$ff.cc:266:slice$3753 ($dffe) from module mkPositCore.
Setting constant 1-bit at position 48 on $auto$ff.cc:266:slice$3753 ($dffe) from module mkPositCore.
Setting constant 1-bit at position 49 on $auto$ff.cc:266:slice$3753 ($dffe) from module mkPositCore.
Setting constant 1-bit at position 50 on $auto$ff.cc:266:slice$3753 ($dffe) from module mkPositCore.
Setting constant 1-bit at position 51 on $auto$ff.cc:266:slice$3753 ($dffe) from module mkPositCore.
Setting constant 1-bit at position 52 on $auto$ff.cc:266:slice$3753 ($dffe) from module mkPositCore.
Setting constant 1-bit at position 53 on $auto$ff.cc:266:slice$3753 ($dffe) from module mkPositCore.
Setting constant 1-bit at position 54 on $auto$ff.cc:266:slice$3753 ($dffe) from module mkPositCore.
Setting constant 1-bit at position 55 on $auto$ff.cc:266:slice$3753 ($dffe) from module mkPositCore.
Setting constant 1-bit at position 56 on $auto$ff.cc:266:slice$3753 ($dffe) from module mkPositCore.
Setting constant 1-bit at position 57 on $auto$ff.cc:266:slice$3753 ($dffe) from module mkPositCore.
Setting constant 1-bit at position 58 on $auto$ff.cc:266:slice$3753 ($dffe) from module mkPositCore.
Setting constant 1-bit at position 59 on $auto$ff.cc:266:slice$3753 ($dffe) from module mkPositCore.
Setting constant 1-bit at position 60 on $auto$ff.cc:266:slice$3753 ($dffe) from module mkPositCore.
Setting constant 1-bit at position 61 on $auto$ff.cc:266:slice$3753 ($dffe) from module mkPositCore.
Setting constant 1-bit at position 62 on $auto$ff.cc:266:slice$3753 ($dffe) from module mkPositCore.
Setting constant 1-bit at position 63 on $auto$ff.cc:266:slice$3753 ($dffe) from module mkPositCore.
Setting constant 1-bit at position 64 on $auto$ff.cc:266:slice$3753 ($dffe) from module mkPositCore.
Setting constant 1-bit at position 65 on $auto$ff.cc:266:slice$3753 ($dffe) from module mkPositCore.
Setting constant 1-bit at position 66 on $auto$ff.cc:266:slice$3753 ($dffe) from module mkPositCore.
Setting constant 1-bit at position 67 on $auto$ff.cc:266:slice$3753 ($dffe) from module mkPositCore.
Setting constant 0-bit at position 0 on $auto$ff.cc:266:slice$3771 ($dffe) from module mkPositCore.
Setting constant 0-bit at position 1 on $auto$ff.cc:266:slice$3771 ($dffe) from module mkPositCore.
Setting constant 0-bit at position 0 on $auto$ff.cc:266:slice$3780 ($dffe) from module mkPositCore.
Setting constant 0-bit at position 1 on $auto$ff.cc:266:slice$3780 ($dffe) from module mkPositCore.

14.20.16. Executing OPT_CLEAN pass (remove unused cells and wires).
Finding unused cells or wires in module \mkPositCore..
Removed 93 unused cells and 136 unused wires.
<suppressed ~94 debug messages>

14.20.17. Executing OPT_EXPR pass (perform const folding).
Optimizing module mkPositCore.
<suppressed ~28 debug messages>

14.20.18. Rerunning OPT passes. (Maybe there is more to do..)

14.20.19. Executing OPT_MUXTREE pass (detect dead branches in mux trees).
Running muxtree optimizer on module \mkPositCore..
  Creating internal representation of mux trees.
  Evaluating internal representation of mux trees.
  Analyzing evaluation results.
Removed 0 multiplexer ports.
<suppressed ~280 debug messages>

14.20.20. Executing OPT_REDUCE pass (consolidate $*mux and $reduce_* inputs).
  Optimizing cells in module \mkPositCore.
Performed a total of 0 changes.

14.20.21. Executing OPT_MERGE pass (detect identical cells).
Finding identical cells in module `\mkPositCore'.
Removed a total of 0 cells.

14.20.22. Executing OPT_SHARE pass.

14.20.23. Executing OPT_DFF pass (perform DFF optimizations).
Adding SRST signal on $auto$ff.cc:266:slice$3716 ($dffe) from module mkPositCore (D = \ftop.ffO.D_OUT [38], Q = \normalizer.ff_stg1_in.D_OUT [67], rval = 1'0).

14.20.24. Executing OPT_CLEAN pass (remove unused cells and wires).
Finding unused cells or wires in module \mkPositCore..
Removed 0 unused cells and 8 unused wires.
<suppressed ~1 debug messages>

14.20.25. Executing OPT_EXPR pass (perform const folding).
Optimizing module mkPositCore.

14.20.26. Rerunning OPT passes. (Maybe there is more to do..)

14.20.27. Executing OPT_MUXTREE pass (detect dead branches in mux trees).
Running muxtree optimizer on module \mkPositCore..
  Creating internal representation of mux trees.
  Evaluating internal representation of mux trees.
  Analyzing evaluation results.
Removed 0 multiplexer ports.
<suppressed ~280 debug messages>

14.20.28. Executing OPT_REDUCE pass (consolidate $*mux and $reduce_* inputs).
  Optimizing cells in module \mkPositCore.
Performed a total of 0 changes.

14.20.29. Executing OPT_MERGE pass (detect identical cells).
Finding identical cells in module `\mkPositCore'.
Removed a total of 0 cells.

14.20.30. Executing OPT_SHARE pass.

14.20.31. Executing OPT_DFF pass (perform DFF optimizations).

14.20.32. Executing OPT_CLEAN pass (remove unused cells and wires).
Finding unused cells or wires in module \mkPositCore..

14.20.33. Executing OPT_EXPR pass (perform const folding).
Optimizing module mkPositCore.

14.20.34. Finished OPT passes. (There is nothing left to do.)

14.21. Executing TECHMAP pass (map to technology primitives).

14.21.1. Executing Verilog-2005 frontend: /usr/bin/../share/yosys/techmap.v
Parsing Verilog input from `/usr/bin/../share/yosys/techmap.v' to AST representation.
Generating RTLIL representation for module `\_90_simplemap_bool_ops'.
Generating RTLIL representation for module `\_90_simplemap_reduce_ops'.
Generating RTLIL representation for module `\_90_simplemap_logic_ops'.
Generating RTLIL representation for module `\_90_simplemap_compare_ops'.
Generating RTLIL representation for module `\_90_simplemap_various'.
Generating RTLIL representation for module `\_90_simplemap_registers'.
Generating RTLIL representation for module `\_90_shift_ops_shr_shl_sshl_sshr'.
Generating RTLIL representation for module `\_90_shift_shiftx'.
Generating RTLIL representation for module `\_90_fa'.
Generating RTLIL representation for module `\_90_lcu'.
Generating RTLIL representation for module `\_90_alu'.
Generating RTLIL representation for module `\_90_macc'.
Generating RTLIL representation for module `\_90_alumacc'.
Generating RTLIL representation for module `\$__div_mod_u'.
Generating RTLIL representation for module `\$__div_mod_trunc'.
Generating RTLIL representation for module `\_90_div'.
Generating RTLIL representation for module `\_90_mod'.
Generating RTLIL representation for module `\$__div_mod_floor'.
Generating RTLIL representation for module `\_90_divfloor'.
Generating RTLIL representation for module `\_90_modfloor'.
Generating RTLIL representation for module `\_90_pow'.
Generating RTLIL representation for module `\_90_pmux'.
Generating RTLIL representation for module `\_90_demux'.
Generating RTLIL representation for module `\_90_lut'.
Successfully finished Verilog frontend.

14.21.2. Continuing TECHMAP pass.
Using extmapper simplemap for cells of type $logic_and.
Using extmapper simplemap for cells of type $ne.
Using extmapper simplemap for cells of type $eq.
Using extmapper simplemap for cells of type $logic_not.
Using extmapper simplemap for cells of type $logic_or.
Using extmapper simplemap for cells of type $and.
Using extmapper simplemap for cells of type $reduce_or.
Using template $paramod$6a42b6fefed750f8a1c58eab59479d960557103c\_90_alu for cells of type $alu.
Using template $paramod$788c3d57e5abb3a3f89aea6d4acd665be37f4e9b\_90_alu for cells of type $alu.
Using extmapper simplemap for cells of type $reduce_and.
Using extmapper simplemap for cells of type $dffe.
Using extmapper simplemap for cells of type $not.
Using extmapper simplemap for cells of type $mux.
Using extmapper simplemap for cells of type $reduce_bool.
Using extmapper simplemap for cells of type $sdffe.
Using extmapper simplemap for cells of type $dff.
Using extmapper simplemap for cells of type $or.
Using template $paramod$3ef7d3dd227da7627a99c5e5a6a4deb817573e39\_90_alu for cells of type $alu.
Using extmapper simplemap for cells of type $xor.
Using template $paramod$32efbfac1c4dc57230cf86180788fdfd12e3b511\_90_alu for cells of type $alu.
Using extmapper simplemap for cells of type $sdffce.
Using extmapper simplemap for cells of type $sdff.
Using template $paramod$821d2886e47353e724eaca46af4992e9c3e6ac1d\_90_alu for cells of type $alu.
Using template $paramod$constmap:b64020473ebf40a62ec43d3c5e6066e86b5b316f$paramod$cd544d2f03413e81a077e3d351e50d0455609b18\_90_shift_ops_shr_shl_sshl_sshr for cells of type $shr.
Using template $paramod$d2fa05d38998afabc6d4f34471305d0af4b8b2df\_90_alu for cells of type $alu.
Using template $paramod$befd47b1c77b68561d11d0cb61a0fae29b79f34c\_90_alu for cells of type $alu.
Using template $paramod$dad13a281fa6a9ffd6dd427a87dc9a952e80e9ea\_90_alu for cells of type $alu.
Using template $paramod$78e969f2586efcf3a5b0b0440bcca0db83d5cca2\_90_alu for cells of type $alu.
Using template $paramod$a1bc51c02ce12ac21eb18988e83292af48ed7d72\_90_alu for cells of type $alu.
Using template $paramod$constmap:58e265f3963d170f6370448396d4e52825a576e2$paramod$82bba7787c4e6df1139a2b7420dd6798afd8f5c0\_90_shift_shiftx for cells of type $shiftx.
Using template $paramod$constmap:6d42ca5e0ad993e7b5848d37813207d6cc9fdcbf$paramod$f3820d182a19f1e1c376358695931adcd5bb37f8\_90_shift_ops_shr_shl_sshl_sshr for cells of type $shl.
Using template $paramod$b18e16801adf491a64caa0542270798e5d4ac6b6\_90_alu for cells of type $alu.
Using template $paramod$c4905825bb8ecc38b98eb4167e8b007447af7884\_90_alu for cells of type $alu.
Using template $paramod$constmap:689c761f253270730188cfc5f42ae0d307f4d0fb$paramod$4c734bb11677a871ba4e35c11661ff3d89ec4c85\_90_shift_ops_shr_shl_sshl_sshr for cells of type $shr.
Using template $paramod$53700bbee849b2010ad0b60a61ccd204a10e24ca\_90_alu for cells of type $alu.
Using template $paramod$constmap:689c761f253270730188cfc5f42ae0d307f4d0fb$paramod$e297a3839db6d802520692ff93b1ef816a458a07\_90_shift_ops_shr_shl_sshl_sshr for cells of type $shl.
Using template $paramod$8045f2881226ae434b154710c783ad25023f386c\_90_alu for cells of type $alu.
Using extmapper maccmap for cells of type $macc.
  add { \quire.zero_counter_rg_numZeroSegs 5'00000 } (9 bits, unsigned)
  add \quire.x__h15253 (6 bits, unsigned)
  add 10'1111111111 (10 bits, unsigned)
Using template $paramod$8fabc56b80a569262acfc42757a02ca0b8e91278\_90_pmux for cells of type $pmux.
Using template $paramod$fc972a7a46956c1788f3cb5257b53c8f1df2d0cc\_90_alu for cells of type $alu.
Using template $paramod$ba698a254f9a5947e85cbe7beae6b161eefc5386\_90_alu for cells of type $alu.
Using template $paramod$constmap:f245f14e0474bf96a279ff1ac15790957bfe45fa$paramod$09edca6545cda64b1b0b56589b5be90e7ff2085c\_90_shift_ops_shr_shl_sshl_sshr for cells of type $shl.
Using template $paramod$dfca81329cbbac01700318224209a5f2318c7128\_90_alu for cells of type $alu.
Using template $paramod$constmap:69d2decb7d1f81e7251df0ad151a724c41782e22$paramod$96b971c7d85c9598f34bb7aeaaefde2bfc08a31d\_90_shift_ops_shr_shl_sshl_sshr for cells of type $shr.
Using template $paramod$constmap:6ddd6f1294b12ec7cd3976c5a75b1c92d37a4199$paramod$2d5922660248dcd229ca06570628ca67a65f667c\_90_shift_ops_shr_shl_sshl_sshr for cells of type $shl.
Using template $paramod$constmap:7bc548a20944b68ec587bb137dc2c1b06f9472be$paramod$1f1a0e58083ef9d098ddc1627b803b7b329bff80\_90_shift_ops_shr_shl_sshl_sshr for cells of type $shr.
Using template $paramod$3ac6e4268d0279df14823f25676acf685165517e\_90_alu for cells of type $alu.
Using template $paramod$175e67c02b86e96b1288b9dc100122520d7240d8\_90_alu for cells of type $alu.
Using template $paramod$b8c0a997bce700f23568a5ada79cc6781d1f5ca0\_90_alu for cells of type $alu.
Using template $paramod$constmap:122de2adc0247b1a4a5e1e7b56605b62e3e4e1eb$paramod$593a84625462e5ce89cd8c23f3397d37dee5e1e6\_90_shift_shiftx for cells of type $shiftx.
Using template $paramod$constmap:201898a41c439a189793a05b7307cf7ad459a66c$paramod$c4aa103fd9e7cf271f39dc7b36c1d60e5daf7f2a\_90_shift_ops_shr_shl_sshl_sshr for cells of type $shr.
Using template $paramod$672a140277c71df8314410f22acc08d55222c3c7\_90_alu for cells of type $alu.
Using template $paramod$constmap:b5949f57b806cc29eac6a672a1affc85b7e35b81$paramod$b1cb111ab9b29d955549fe850a2030bf37379989\_90_shift_ops_shr_shl_sshl_sshr for cells of type $shl.
Using template $paramod$constmap:fb73f4cad1671d85fd28e78e6c2b8160f8e4a91c$paramod$9d56b668ca4e093d080f992314cf8e416340bc56\_90_shift_ops_shr_shl_sshl_sshr for cells of type $shr.
Analyzing pattern of constant bits for this cell:
Creating constmapped module `$paramod$constmap:01f17a244b9630c4a5c17a33793a51f284d9a9a5$paramod$c4aa103fd9e7cf271f39dc7b36c1d60e5daf7f2a\_90_shift_ops_shr_shl_sshl_sshr'.

14.21.112. Executing OPT_MUXTREE pass (detect dead branches in mux trees).
Running muxtree optimizer on module $paramod$constmap:01f17a244b9630c4a5c17a33793a51f284d9a9a5$paramod$c4aa103fd9e7cf271f39dc7b36c1d60e5daf7f2a\_90_shift_ops_shr_shl_sshl_sshr..
  Creating internal representation of mux trees.
  No muxes found in this module.
Removed 0 multiplexer ports.
<suppressed ~24679 debug messages>

14.21.113. Executing OPT_EXPR pass (perform const folding).
Optimizing module $paramod$constmap:01f17a244b9630c4a5c17a33793a51f284d9a9a5$paramod$c4aa103fd9e7cf271f39dc7b36c1d60e5daf7f2a\_90_shift_ops_shr_shl_sshl_sshr.
<suppressed ~8 debug messages>
Removed 0 unused cells and 8 unused wires.
Using template $paramod$constmap:01f17a244b9630c4a5c17a33793a51f284d9a9a5$paramod$c4aa103fd9e7cf271f39dc7b36c1d60e5daf7f2a\_90_shift_ops_shr_shl_sshl_sshr for cells of type $shr.
Using template $paramod$constmap:94347a482018ba621afe63b59e9bb3bdc9b81f2d$paramod$a1c55067cef813223c2c9b9757f761dc1fd1ede5\_90_shift_ops_shr_shl_sshl_sshr for cells of type $shl.
Using template $paramod$b9513f2555ba02118b069422fea717af39120cf7\_90_alu for cells of type $alu.
Using template $paramod$ebf89ea36a793f0f77858f212141d47c833068ad\_90_alu for cells of type $alu.
Using template $paramod$8742280fdebca84e1c87f2a86ed84f62d558f4cc\_90_alu for cells of type $alu.
Using template $paramod$521ce43182eecb9f60c72393a788160d2c356bf5\_90_pmux for cells of type $pmux.
Using template $paramod$constmap:962766be3b03db751bd41b56901e9e0158cd641a$paramod$baa86c99689aa906d63eea8fa5f76ad95a37e9da\_90_shift_ops_shr_shl_sshl_sshr for cells of type $shl.
Using template $paramod$constmap:516d3344d79674e46af06072969b74bfde95d6d2$paramod$364418a307f123f8357e6b476fa9381a6e1a7c2b\_90_shift_ops_shr_shl_sshl_sshr for cells of type $shr.
Using template $paramod$constmap:0d0f735b2c33663b8db1f3723fc3f729345a890b$paramod$36bcedab95bc008bdb3be17850b72f55052ea47a\_90_shift_shiftx for cells of type $shiftx.
Using template $paramod$740b056ede97228d3eae64ea2fdc81f0a33e0fe7\_90_alu for cells of type $alu.
Using template $paramod$49641a5ace7a8dbedd31c417f5a1b54fcecf6c7d\_90_alu for cells of type $alu.
  add { \multiplier.IF_request_put_BITS_75_TO_74_6_EQ_2_2_THEN_0b1_ETC___d73 [1] \extracter1.ff_extract_out.data0_reg [26:0] } * { \multiplier.IF_request_put_BITS_75_TO_74_6_EQ_2_2_THEN_0b1_ETC___d73 [0] \extracter2.ff_extract_out.data0_reg [26:0] } (28x28 bits, unsigned)
Using template $paramod$2af30114e9bd4ccb04dad757b3f0a8f6bf0615b0\_90_alu for cells of type $alu.
Using template $paramod$fd7bfb1a4f3a7c2ac1a35670d0fa64ccc7b91841\_90_alu for cells of type $alu.
Using template $paramod$857150d3a9b7fb38b73bbaa31ff652415e553f98\_90_alu for cells of type $alu.
Using template $paramod$fbc7873bff55778c0b3173955b7e4bce1d9d6834\_90_alu for cells of type $alu.
Using template $paramod$constmap:0895eb50fbcc70fce6867725bc8c045eae0a4ddc$paramod$fdeca9b299289471b4e41a2e814a7f94276352bd\_90_shift_ops_shr_shl_sshl_sshr for cells of type $shr.
Using template $paramod$constmap:0895eb50fbcc70fce6867725bc8c045eae0a4ddc$paramod$2469b2ac3fd22cde7fb7b87a7f1780f172944a67\_90_shift_ops_shr_shl_sshl_sshr for cells of type $shl.
Using template $paramod$754650b284649a026620fc6856e5b6886cbfe794\_90_alu for cells of type $alu.
Using template $paramod$constmap:775e9e7e338bb02d6a9182c72241749757a369e0$paramod$803f8f28349a2e7943f8846c1e696cfc938efffb\_90_shift_ops_shr_shl_sshl_sshr for cells of type $shl.
Using template $paramod$38e8498ccdc425801fe5312e427e3cf0d9089c58\_90_alu for cells of type $alu.
Using template $paramod$484d51534650924b7ed4c69e46eed3a56904771f\_90_alu for cells of type $alu.
  add \normalizer.ff_stg1_in.D_OUT [65:35] (31 bits, unsigned)
  sub \normalizer._theResult____h258 (1 bits, unsigned)
  add \normalizer.ff_stg1_in_first_BITS_34_TO_8_CONCAT_0_0_SRL_0_ETC___d14 [53:27] (27 bits, unsigned)
  packed 1 (1) bits / 1 words into adder tree
Using template $paramod$e04283ca12514baf3d204c6994bec8f178dd89f8\_90_alu for cells of type $alu.
Using extmapper simplemap for cells of type $pos.
Using template $paramod\_90_lcu\WIDTH=32'00000000000000000000000000000110 for cells of type $lcu.
Using template $paramod\_90_lcu\WIDTH=32'00000000000000000000000000011111 for cells of type $lcu.
Using template $paramod\_90_lcu\WIDTH=32'00000000000000000000000000001000 for cells of type $lcu.
Using template $paramod\_90_lcu\WIDTH=32'00000000000000000000000000000111 for cells of type $lcu.
Using template $paramod\_90_lcu\WIDTH=32'00000000000000000000000000000101 for cells of type $lcu.
Using template $paramod\_90_lcu\WIDTH=32'00000000000000000000000000000011 for cells of type $lcu.
Using template $paramod\_90_lcu\WIDTH=32'00000000000000000000000000001001 for cells of type $lcu.
Using template $paramod\_90_lcu\WIDTH=32'00000000000000000000000000100000 for cells of type $lcu.
Using template $paramod\_90_fa\WIDTH=32'00000000000000000000000000001010 for cells of type $fa.
Using template $paramod\_90_lcu\WIDTH=32'00000000000000000000000000000001 for cells of type $lcu.
Using template $paramod\_90_lcu\WIDTH=32'00000000000000000000000000000010 for cells of type $lcu.
Using template $paramod\_90_lcu\WIDTH=32'00000000000000000000000000000100 for cells of type $lcu.
Using template $paramod\_90_lcu\WIDTH=32'00000000000000000000000000001010 for cells of type $lcu.
Using template $paramod\_90_fa\WIDTH=32'00000000000000000000000000111000 for cells of type $fa.
Using template $paramod$7bd4281b5f3a80256512f7bfc730d1882f38423f\_90_alu for cells of type $alu.
Using template $paramod\_90_lcu\WIDTH=32'00000000000000000000000000010000 for cells of type $lcu.
Using template $paramod\_90_lcu\WIDTH=32'00000000000000000000000000100001 for cells of type $lcu.
Using template $paramod\_90_fa\WIDTH=32'00000000000000000000000000011111 for cells of type $fa.
Using template $paramod\_90_lcu\WIDTH=32'00000000000000000000000000111000 for cells of type $lcu.
No more expansions possible.
<suppressed ~43583 debug messages>

14.22. Executing OPT pass (performing simple optimizations).

14.22.1. Executing OPT_EXPR pass (perform const folding).
Optimizing module mkPositCore.
<suppressed ~22319 debug messages>

14.22.2. Executing OPT_MERGE pass (detect identical cells).
Finding identical cells in module `\mkPositCore'.
<suppressed ~5688 debug messages>
Removed a total of 1896 cells.

14.22.3. Executing OPT_DFF pass (perform DFF optimizations).
Adding SRST signal on $auto$ff.cc:266:slice$6973 ($_DFFE_PP_) from module mkPositCore (D = $techmap$flatten\multiplier.$shr$/teamspace/studios/this_studio/Melodica-Integration-into-Fife-Core/Learn_Bluespec_and_RISCV_Design/Code/Build/Fife/verilog/mkMultiplier.v:218$1060.$19\buffer[479:0] [128], Q = \multiplier.ff_to_quire.D_OUT [5], rval = 1'0).
Adding SRST signal on $auto$ff.cc:266:slice$6974 ($_DFFE_PP_) from module mkPositCore (D = $techmap$flatten\multiplier.$shr$/teamspace/studios/this_studio/Melodica-Integration-into-Fife-Core/Learn_Bluespec_and_RISCV_Design/Code/Build/Fife/verilog/mkMultiplier.v:218$1060.$19\buffer[479:0] [129], Q = \multiplier.ff_to_quire.D_OUT [6], rval = 1'0).
Adding SRST signal on $auto$ff.cc:266:slice$6975 ($_DFFE_PP_) from module mkPositCore (D = $techmap$flatten\multiplier.$shr$/teamspace/studios/this_studio/Melodica-Integration-into-Fife-Core/Learn_Bluespec_and_RISCV_Design/Code/Build/Fife/verilog/mkMultiplier.v:218$1060.$19\buffer[479:0] [130], Q = \multiplier.ff_to_quire.D_OUT [7], rval = 1'0).
Adding SRST signal on $auto$ff.cc:266:slice$6976 ($_DFFE_PP_) from module mkPositCore (D = $techmap$flatten\multiplier.$shr$/teamspace/studios/this_studio/Melodica-Integration-into-Fife-Core/Learn_Bluespec_and_RISCV_Design/Code/Build/Fife/verilog/mkMultiplier.v:218$1060.$19\buffer[479:0] [131], Q = \multiplier.ff_to_quire.D_OUT [8], rval = 1'0).
Adding SRST signal on $auto$ff.cc:266:slice$6977 ($_DFFE_PP_) from module mkPositCore (D = $techmap$flatten\multiplier.$shr$/teamspace/studios/this_studio/Melodica-Integration-into-Fife-Core/Learn_Bluespec_and_RISCV_Design/Code/Build/Fife/verilog/mkMultiplier.v:218$1060.$19\buffer[479:0] [132], Q = \multiplier.ff_to_quire.D_OUT [9], rval = 1'0).
Adding SRST signal on $auto$ff.cc:266:slice$6978 ($_DFFE_PP_) from module mkPositCore (D = $techmap$flatten\multiplier.$shr$/teamspace/studios/this_studio/Melodica-Integration-into-Fife-Core/Learn_Bluespec_and_RISCV_Design/Code/Build/Fife/verilog/mkMultiplier.v:218$1060.$19\buffer[479:0] [133], Q = \multiplier.ff_to_quire.D_OUT [10], rval = 1'0).
Adding SRST signal on $auto$ff.cc:266:slice$6979 ($_DFFE_PP_) from module mkPositCore (D = $techmap$flatten\multiplier.$shr$/teamspace/studios/this_studio/Melodica-Integration-into-Fife-Core/Learn_Bluespec_and_RISCV_Design/Code/Build/Fife/verilog/mkMultiplier.v:218$1060.$19\buffer[479:0] [134], Q = \multiplier.ff_to_quire.D_OUT [11], rval = 1'0).
Adding SRST signal on $auto$ff.cc:266:slice$6980 ($_DFFE_PP_) from module mkPositCore (D = $techmap$flatten\multiplier.$shr$/teamspace/studios/this_studio/Melodica-Integration-into-Fife-Core/Learn_Bluespec_and_RISCV_Design/Code/Build/Fife/verilog/mkMultiplier.v:218$1060.$19\buffer[479:0] [135], Q = \multiplier.ff_to_quire.D_OUT [12], rval = 1'0).
Adding SRST signal on $auto$ff.cc:266:slice$6981 ($_DFFE_PP_) from module mkPositCore (D = $techmap$flatten\multiplier.$shr$/teamspace/studios/this_studio/Melodica-Integration-into-Fife-Core/Learn_Bluespec_and_RISCV_Design/Code/Build/Fife/verilog/mkMultiplier.v:218$1060.$19\buffer[479:0] [136], Q = \multiplier.ff_to_quire.D_OUT [13], rval = 1'0).
Adding SRST signal on $auto$ff.cc:266:slice$6982 ($_DFFE_PP_) from module mkPositCore (D = $techmap$flatten\multiplier.$shr$/teamspace/studios/this_studio/Melodica-Integration-into-Fife-Core/Learn_Bluespec_and_RISCV_Design/Code/Build/Fife/verilog/mkMultiplier.v:218$1060.$19\buffer[479:0] [137], Q = \multiplier.ff_to_quire.D_OUT [14], rval = 1'0).
Adding SRST signal on $auto$ff.cc:266:slice$6983 ($_DFFE_PP_) from module mkPositCore (D = $techmap$flatten\multiplier.$shr$/teamspace/studios/this_studio/Melodica-Integration-into-Fife-Core/Learn_Bluespec_and_RISCV_Design/Code/Build/Fife/verilog/mkMultiplier.v:218$1060.$19\buffer[479:0] [138], Q = \multiplier.ff_to_quire.D_OUT [15], rval = 1'0).
Adding SRST signal on $auto$ff.cc:266:slice$6984 ($_DFFE_PP_) from module mkPositCore (D = $techmap$flatten\multiplier.$shr$/teamspace/studios/this_studio/Melodica-Integration-into-Fife-Core/Learn_Bluespec_and_RISCV_Design/Code/Build/Fife/verilog/mkMultiplier.v:218$1060.$19\buffer[479:0] [139], Q = \multiplier.ff_to_quire.D_OUT [16], rval = 1'0).
Adding SRST signal on $auto$ff.cc:266:slice$6985 ($_DFFE_PP_) from module mkPositCore (D = $techmap$flatten\multiplier.$shr$/teamspace/studios/this_studio/Melodica-Integration-into-Fife-Core/Learn_Bluespec_and_RISCV_Design/Code/Build/Fife/verilog/mkMultiplier.v:218$1060.$19\buffer[479:0] [140], Q = \multiplier.ff_to_quire.D_OUT [17], rval = 1'0).
Adding SRST signal on $auto$ff.cc:266:slice$6986 ($_DFFE_PP_) from module mkPositCore (D = $techmap$flatten\multiplier.$shr$/teamspace/studios/this_studio/Melodica-Integration-into-Fife-Core/Learn_Bluespec_and_RISCV_Design/Code/Build/Fife/verilog/mkMultiplier.v:218$1060.$19\buffer[479:0] [141], Q = \multiplier.ff_to_quire.D_OUT [18], rval = 1'0).
Adding SRST signal on $auto$ff.cc:266:slice$6987 ($_DFFE_PP_) from module mkPositCore (D = $techmap$flatten\multiplier.$shr$/teamspace/studios/this_studio/Melodica-Integration-into-Fife-Core/Learn_Bluespec_and_RISCV_Design/Code/Build/Fife/verilog/mkMultiplier.v:218$1060.$19\buffer[479:0] [142], Q = \multiplier.ff_to_quire.D_OUT [19], rval = 1'0).
Adding SRST signal on $auto$ff.cc:266:slice$6988 ($_DFFE_PP_) from module mkPositCore (D = $techmap$flatten\multiplier.$shr$/teamspace/studios/this_studio/Melodica-Integration-into-Fife-Core/Learn_Bluespec_and_RISCV_Design/Code/Build/Fife/verilog/mkMultiplier.v:218$1060.$19\buffer[479:0] [143], Q = \multiplier.ff_to_quire.D_OUT [20], rval = 1'0).
Adding SRST signal on $auto$ff.cc:266:slice$6989 ($_DFFE_PP_) from module mkPositCore (D = $techmap$flatten\multiplier.$shr$/teamspace/studios/this_studio/Melodica-Integration-into-Fife-Core/Learn_Bluespec_and_RISCV_Design/Code/Build/Fife/verilog/mkMultiplier.v:218$1060.$19\buffer[479:0] [144], Q = \multiplier.ff_to_quire.D_OUT [21], rval = 1'0).
Adding SRST signal on $auto$ff.cc:266:slice$6990 ($_DFFE_PP_) from module mkPositCore (D = $techmap$flatten\multiplier.$shr$/teamspace/studios/this_studio/Melodica-Integration-into-Fife-Core/Learn_Bluespec_and_RISCV_Design/Code/Build/Fife/verilog/mkMultiplier.v:218$1060.$19\buffer[479:0] [145], Q = \multiplier.ff_to_quire.D_OUT [22], rval = 1'0).
Adding SRST signal on $auto$ff.cc:266:slice$6991 ($_DFFE_PP_) from module mkPositCore (D = $techmap$flatten\multiplier.$shr$/teamspace/studios/this_studio/Melodica-Integration-into-Fife-Core/Learn_Bluespec_and_RISCV_Design/Code/Build/Fife/verilog/mkMultiplier.v:218$1060.$19\buffer[479:0] [146], Q = \multiplier.ff_to_quire.D_OUT [23], rval = 1'0).
Adding SRST signal on $auto$ff.cc:266:slice$6992 ($_DFFE_PP_) from module mkPositCore (D = $techmap$flatten\multiplier.$shr$/teamspace/studios/this_studio/Melodica-Integration-into-Fife-Core/Learn_Bluespec_and_RISCV_Design/Code/Build/Fife/verilog/mkMultiplier.v:218$1060.$19\buffer[479:0] [147], Q = \multiplier.ff_to_quire.D_OUT [24], rval = 1'0).
Adding SRST signal on $auto$ff.cc:266:slice$6993 ($_DFFE_PP_) from module mkPositCore (D = $techmap$flatten\multiplier.$shr$/teamspace/studios/this_studio/Melodica-Integration-into-Fife-Core/Learn_Bluespec_and_RISCV_Design/Code/Build/Fife/verilog/mkMultiplier.v:218$1060.$19\buffer[479:0] [148], Q = \multiplier.ff_to_quire.D_OUT [25], rval = 1'0).
Adding SRST signal on $auto$ff.cc:266:slice$6994 ($_DFFE_PP_) from module mkPositCore (D = $techmap$flatten\multiplier.$shr$/teamspace/studios/this_studio/Melodica-Integration-into-Fife-Core/Learn_Bluespec_and_RISCV_Design/Code/Build/Fife/verilog/mkMultiplier.v:218$1060.$19\buffer[479:0] [149], Q = \multiplier.ff_to_quire.D_OUT [26], rval = 1'0).
Adding SRST signal on $auto$ff.cc:266:slice$6995 ($_DFFE_PP_) from module mkPositCore (D = $techmap$flatten\multiplier.$shr$/teamspace/studios/this_studio/Melodica-Integration-into-Fife-Core/Learn_Bluespec_and_RISCV_Design/Code/Build/Fife/verilog/mkMultiplier.v:218$1060.$19\buffer[479:0] [150], Q = \multiplier.ff_to_quire.D_OUT [27], rval = 1'0).
Adding SRST signal on $auto$ff.cc:266:slice$6996 ($_DFFE_PP_) from module mkPositCore (D = $techmap$flatten\multiplier.$shr$/teamspace/studios/this_studio/Melodica-Integration-into-Fife-Core/Learn_Bluespec_and_RISCV_Design/Code/Build/Fife/verilog/mkMultiplier.v:218$1060.$19\buffer[479:0] [151], Q = \multiplier.ff_to_quire.D_OUT [28], rval = 1'0).
Adding SRST signal on $auto$ff.cc:266:slice$6997 ($_DFFE_PP_) from module mkPositCore (D = $techmap$flatten\multiplier.$shr$/teamspace/studios/this_studio/Melodica-Integration-into-Fife-Core/Learn_Bluespec_and_RISCV_Design/Code/Build/Fife/verilog/mkMultiplier.v:218$1060.$19\buffer[479:0] [152], Q = \multiplier.ff_to_quire.D_OUT [29], rval = 1'0).
Adding SRST signal on $auto$ff.cc:266:slice$6998 ($_DFFE_PP_) from module mkPositCore (D = $techmap$flatten\multiplier.$shr$/teamspace/studios/this_studio/Melodica-Integration-into-Fife-Core/Learn_Bluespec_and_RISCV_Design/Code/Build/Fife/verilog/mkMultiplier.v:218$1060.$19\buffer[479:0] [153], Q = \multiplier.ff_to_quire.D_OUT [30], rval = 1'0).
Adding SRST signal on $auto$ff.cc:266:slice$6999 ($_DFFE_PP_) from module mkPositCore (D = $techmap$flatten\multiplier.$shr$/teamspace/studios/this_studio/Melodica-Integration-into-Fife-Core/Learn_Bluespec_and_RISCV_Design/Code/Build/Fife/verilog/mkMultiplier.v:218$1060.$19\buffer[479:0] [154], Q = \multiplier.ff_to_quire.D_OUT [31], rval = 1'0).
Adding SRST signal on $auto$ff.cc:266:slice$7000 ($_DFFE_PP_) from module mkPositCore (D = $techmap$flatten\multiplier.$shr$/teamspace/studios/this_studio/Melodica-Integration-into-Fife-Core/Learn_Bluespec_and_RISCV_Design/Code/Build/Fife/verilog/mkMultiplier.v:218$1060.$19\buffer[479:0] [155], Q = \multiplier.ff_to_quire.D_OUT [32], rval = 1'0).
Adding SRST signal on $auto$ff.cc:266:slice$7001 ($_DFFE_PP_) from module mkPositCore (D = $techmap$flatten\multiplier.$shr$/teamspace/studios/this_studio/Melodica-Integration-into-Fife-Core/Learn_Bluespec_and_RISCV_Design/Code/Build/Fife/verilog/mkMultiplier.v:218$1060.$19\buffer[479:0] [156], Q = \multiplier.ff_to_quire.D_OUT [33], rval = 1'0).
Adding SRST signal on $auto$ff.cc:266:slice$7002 ($_DFFE_PP_) from module mkPositCore (D = $techmap$flatten\multiplier.$shr$/teamspace/studios/this_studio/Melodica-Integration-into-Fife-Core/Learn_Bluespec_and_RISCV_Design/Code/Build/Fife/verilog/mkMultiplier.v:218$1060.$19\buffer[479:0] [157], Q = \multiplier.ff_to_quire.D_OUT [34], rval = 1'0).
Adding SRST signal on $auto$ff.cc:266:slice$7003 ($_DFFE_PP_) from module mkPositCore (D = $techmap$flatten\multiplier.$shr$/teamspace/studios/this_studio/Melodica-Integration-into-Fife-Core/Learn_Bluespec_and_RISCV_Design/Code/Build/Fife/verilog/mkMultiplier.v:218$1060.$19\buffer[479:0] [158], Q = \multiplier.ff_to_quire.D_OUT [35], rval = 1'0).
Adding SRST signal on $auto$ff.cc:266:slice$7004 ($_DFFE_PP_) from module mkPositCore (D = $techmap$flatten\multiplier.$shr$/teamspace/studios/this_studio/Melodica-Integration-into-Fife-Core/Learn_Bluespec_and_RISCV_Design/Code/Build/Fife/verilog/mkMultiplier.v:218$1060.$19\buffer[479:0] [159], Q = \multiplier.ff_to_quire.D_OUT [36], rval = 1'0).
Adding SRST signal on $auto$ff.cc:266:slice$7005 ($_DFFE_PP_) from module mkPositCore (D = $techmap$flatten\multiplier.$shr$/teamspace/studios/this_studio/Melodica-Integration-into-Fife-Core/Learn_Bluespec_and_RISCV_Design/Code/Build/Fife/verilog/mkMultiplier.v:218$1060.$19\buffer[479:0] [160], Q = \multiplier.ff_to_quire.D_OUT [37], rval = 1'0).
Adding SRST signal on $auto$ff.cc:266:slice$7006 ($_DFFE_PP_) from module mkPositCore (D = $techmap$flatten\multiplier.$shr$/teamspace/studios/this_studio/Melodica-Integration-into-Fife-Core/Learn_Bluespec_and_RISCV_Design/Code/Build/Fife/verilog/mkMultiplier.v:218$1060.$19\buffer[479:0] [161], Q = \multiplier.ff_to_quire.D_OUT [38], rval = 1'0).
Adding SRST signal on $auto$ff.cc:266:slice$7007 ($_DFFE_PP_) from module mkPositCore (D = $techmap$flatten\multiplier.$shr$/teamspace/studios/this_studio/Melodica-Integration-into-Fife-Core/Learn_Bluespec_and_RISCV_Design/Code/Build/Fife/verilog/mkMultiplier.v:218$1060.$19\buffer[479:0] [162], Q = \multiplier.ff_to_quire.D_OUT [39], rval = 1'0).
Adding SRST signal on $auto$ff.cc:266:slice$7008 ($_DFFE_PP_) from module mkPositCore (D = $techmap$flatten\multiplier.$shr$/teamspace/studios/this_studio/Melodica-Integration-into-Fife-Core/Learn_Bluespec_and_RISCV_Design/Code/Build/Fife/verilog/mkMultiplier.v:218$1060.$19\buffer[479:0] [163], Q = \multiplier.ff_to_quire.D_OUT [40], rval = 1'0).
Adding SRST signal on $auto$ff.cc:266:slice$7009 ($_DFFE_PP_) from module mkPositCore (D = $techmap$flatten\multiplier.$shr$/teamspace/studios/this_studio/Melodica-Integration-into-Fife-Core/Learn_Bluespec_and_RISCV_Design/Code/Build/Fife/verilog/mkMultiplier.v:218$1060.$19\buffer[479:0] [164], Q = \multiplier.ff_to_quire.D_OUT [41], rval = 1'0).
Adding SRST signal on $auto$ff.cc:266:slice$7010 ($_DFFE_PP_) from module mkPositCore (D = $techmap$flatten\multiplier.$shr$/teamspace/studios/this_studio/Melodica-Integration-into-Fife-Core/Learn_Bluespec_and_RISCV_Design/Code/Build/Fife/verilog/mkMultiplier.v:218$1060.$19\buffer[479:0] [165], Q = \multiplier.ff_to_quire.D_OUT [42], rval = 1'0).
Adding SRST signal on $auto$ff.cc:266:slice$7011 ($_DFFE_PP_) from module mkPositCore (D = $techmap$flatten\multiplier.$shr$/teamspace/studios/this_studio/Melodica-Integration-into-Fife-Core/Learn_Bluespec_and_RISCV_Design/Code/Build/Fife/verilog/mkMultiplier.v:218$1060.$19\buffer[479:0] [166], Q = \multiplier.ff_to_quire.D_OUT [43], rval = 1'0).
Adding SRST signal on $auto$ff.cc:266:slice$7012 ($_DFFE_PP_) from module mkPositCore (D = $techmap$flatten\multiplier.$shr$/teamspace/studios/this_studio/Melodica-Integration-into-Fife-Core/Learn_Bluespec_and_RISCV_Design/Code/Build/Fife/verilog/mkMultiplier.v:218$1060.$19\buffer[479:0] [167], Q = \multiplier.ff_to_quire.D_OUT [44], rval = 1'0).
Adding SRST signal on $auto$ff.cc:266:slice$7013 ($_DFFE_PP_) from module mkPositCore (D = $techmap$flatten\multiplier.$shr$/teamspace/studios/this_studio/Melodica-Integration-into-Fife-Core/Learn_Bluespec_and_RISCV_Design/Code/Build/Fife/verilog/mkMultiplier.v:218$1060.$19\buffer[479:0] [168], Q = \multiplier.ff_to_quire.D_OUT [45], rval = 1'0).
Adding SRST signal on $auto$ff.cc:266:slice$7014 ($_DFFE_PP_) from module mkPositCore (D = $techmap$flatten\multiplier.$shr$/teamspace/studios/this_studio/Melodica-Integration-into-Fife-Core/Learn_Bluespec_and_RISCV_Design/Code/Build/Fife/verilog/mkMultiplier.v:218$1060.$19\buffer[479:0] [169], Q = \multiplier.ff_to_quire.D_OUT [46], rval = 1'0).
Adding SRST signal on $auto$ff.cc:266:slice$7015 ($_DFFE_PP_) from module mkPositCore (D = $techmap$flatten\multiplier.$shr$/teamspace/studios/this_studio/Melodica-Integration-into-Fife-Core/Learn_Bluespec_and_RISCV_Design/Code/Build/Fife/verilog/mkMultiplier.v:218$1060.$19\buffer[479:0] [170], Q = \multiplier.ff_to_quire.D_OUT [47], rval = 1'0).
Adding SRST signal on $auto$ff.cc:266:slice$7016 ($_DFFE_PP_) from module mkPositCore (D = $techmap$flatten\multiplier.$shr$/teamspace/studios/this_studio/Melodica-Integration-into-Fife-Core/Learn_Bluespec_and_RISCV_Design/Code/Build/Fife/verilog/mkMultiplier.v:218$1060.$19\buffer[479:0] [171], Q = \multiplier.ff_to_quire.D_OUT [48], rval = 1'0).
Adding SRST signal on $auto$ff.cc:266:slice$7017 ($_DFFE_PP_) from module mkPositCore (D = $techmap$flatten\multiplier.$shr$/teamspace/studios/this_studio/Melodica-Integration-into-Fife-Core/Learn_Bluespec_and_RISCV_Design/Code/Build/Fife/verilog/mkMultiplier.v:218$1060.$19\buffer[479:0] [172], Q = \multiplier.ff_to_quire.D_OUT [49], rval = 1'0).
Adding SRST signal on $auto$ff.cc:266:slice$7018 ($_DFFE_PP_) from module mkPositCore (D = $techmap$flatten\multiplier.$shr$/teamspace/studios/this_studio/Melodica-Integration-into-Fife-Core/Learn_Bluespec_and_RISCV_Design/Code/Build/Fife/verilog/mkMultiplier.v:218$1060.$19\buffer[479:0] [173], Q = \multiplier.ff_to_quire.D_OUT [50], rval = 1'0).
Adding SRST signal on $auto$ff.cc:266:slice$7019 ($_DFFE_PP_) from module mkPositCore (D = $techmap$flatten\multiplier.$shr$/teamspace/studios/this_studio/Melodica-Integration-into-Fife-Core/Learn_Bluespec_and_RISCV_Design/Code/Build/Fife/verilog/mkMultiplier.v:218$1060.$19\buffer[479:0] [174], Q = \multiplier.ff_to_quire.D_OUT [51], rval = 1'0).
Adding SRST signal on $auto$ff.cc:266:slice$7020 ($_DFFE_PP_) from module mkPositCore (D = $techmap$flatten\multiplier.$shr$/teamspace/studios/this_studio/Melodica-Integration-into-Fife-Core/Learn_Bluespec_and_RISCV_Design/Code/Build/Fife/verilog/mkMultiplier.v:218$1060.$19\buffer[479:0] [175], Q = \multiplier.ff_to_quire.D_OUT [52], rval = 1'0).
Adding SRST signal on $auto$ff.cc:266:slice$7021 ($_DFFE_PP_) from module mkPositCore (D = $techmap$flatten\multiplier.$shr$/teamspace/studios/this_studio/Melodica-Integration-into-Fife-Core/Learn_Bluespec_and_RISCV_Design/Code/Build/Fife/verilog/mkMultiplier.v:218$1060.$19\buffer[479:0] [176], Q = \multiplier.ff_to_quire.D_OUT [53], rval = 1'0).
Adding SRST signal on $auto$ff.cc:266:slice$7022 ($_DFFE_PP_) from module mkPositCore (D = $techmap$flatten\multiplier.$shr$/teamspace/studios/this_studio/Melodica-Integration-into-Fife-Core/Learn_Bluespec_and_RISCV_Design/Code/Build/Fife/verilog/mkMultiplier.v:218$1060.$19\buffer[479:0] [177], Q = \multiplier.ff_to_quire.D_OUT [54], rval = 1'0).
Adding SRST signal on $auto$ff.cc:266:slice$7023 ($_DFFE_PP_) from module mkPositCore (D = $techmap$flatten\multiplier.$shr$/teamspace/studios/this_studio/Melodica-Integration-into-Fife-Core/Learn_Bluespec_and_RISCV_Design/Code/Build/Fife/verilog/mkMultiplier.v:218$1060.$19\buffer[479:0] [178], Q = \multiplier.ff_to_quire.D_OUT [55], rval = 1'0).
Adding SRST signal on $auto$ff.cc:266:slice$7024 ($_DFFE_PP_) from module mkPositCore (D = $techmap$flatten\multiplier.$shr$/teamspace/studios/this_studio/Melodica-Integration-into-Fife-Core/Learn_Bluespec_and_RISCV_Design/Code/Build/Fife/verilog/mkMultiplier.v:218$1060.$19\buffer[479:0] [179], Q = \multiplier.ff_to_quire.D_OUT [56], rval = 1'0).
Adding SRST signal on $auto$ff.cc:266:slice$7025 ($_DFFE_PP_) from module mkPositCore (D = $techmap$flatten\multiplier.$shr$/teamspace/studios/this_studio/Melodica-Integration-into-Fife-Core/Learn_Bluespec_and_RISCV_Design/Code/Build/Fife/verilog/mkMultiplier.v:218$1060.$19\buffer[479:0] [180], Q = \multiplier.ff_to_quire.D_OUT [57], rval = 1'0).
Adding SRST signal on $auto$ff.cc:266:slice$7026 ($_DFFE_PP_) from module mkPositCore (D = $techmap$flatten\multiplier.$shr$/teamspace/studios/this_studio/Melodica-Integration-into-Fife-Core/Learn_Bluespec_and_RISCV_Design/Code/Build/Fife/verilog/mkMultiplier.v:218$1060.$19\buffer[479:0] [181], Q = \multiplier.ff_to_quire.D_OUT [58], rval = 1'0).
Adding SRST signal on $auto$ff.cc:266:slice$7027 ($_DFFE_PP_) from module mkPositCore (D = $techmap$flatten\multiplier.$shr$/teamspace/studios/this_studio/Melodica-Integration-into-Fife-Core/Learn_Bluespec_and_RISCV_Design/Code/Build/Fife/verilog/mkMultiplier.v:218$1060.$19\buffer[479:0] [182], Q = \multiplier.ff_to_quire.D_OUT [59], rval = 1'0).
Adding SRST signal on $auto$ff.cc:266:slice$7028 ($_DFFE_PP_) from module mkPositCore (D = $techmap$flatten\multiplier.$shr$/teamspace/studios/this_studio/Melodica-Integration-into-Fife-Core/Learn_Bluespec_and_RISCV_Design/Code/Build/Fife/verilog/mkMultiplier.v:218$1060.$19\buffer[479:0] [183], Q = \multiplier.ff_to_quire.D_OUT [60], rval = 1'0).
Adding SRST signal on $auto$ff.cc:266:slice$7029 ($_DFFE_PP_) from module mkPositCore (D = $techmap$flatten\multiplier.$shr$/teamspace/studios/this_studio/Melodica-Integration-into-Fife-Core/Learn_Bluespec_and_RISCV_Design/Code/Build/Fife/verilog/mkMultiplier.v:218$1060.$19\buffer[479:0] [184], Q = \multiplier.ff_to_quire.D_OUT [61], rval = 1'0).
Adding SRST signal on $auto$ff.cc:266:slice$7030 ($_DFFE_PP_) from module mkPositCore (D = $techmap$flatten\multiplier.$shr$/teamspace/studios/this_studio/Melodica-Integration-into-Fife-Core/Learn_Bluespec_and_RISCV_Design/Code/Build/Fife/verilog/mkMultiplier.v:218$1060.$19\buffer[479:0] [185], Q = \multiplier.ff_to_quire.D_OUT [62], rval = 1'0).
Adding SRST signal on $auto$ff.cc:266:slice$7031 ($_DFFE_PP_) from module mkPositCore (D = $techmap$flatten\multiplier.$shr$/teamspace/studios/this_studio/Melodica-Integration-into-Fife-Core/Learn_Bluespec_and_RISCV_Design/Code/Build/Fife/verilog/mkMultiplier.v:218$1060.$22\buffer[479:0] [58], Q = \multiplier.ff_to_quire.D_OUT [63], rval = 1'0).
Adding SRST signal on $auto$ff.cc:266:slice$7032 ($_DFFE_PP_) from module mkPositCore (D = $techmap$flatten\multiplier.$shr$/teamspace/studios/this_studio/Melodica-Integration-into-Fife-Core/Learn_Bluespec_and_RISCV_Design/Code/Build/Fife/verilog/mkMultiplier.v:218$1060.$22\buffer[479:0] [59], Q = \multiplier.ff_to_quire.D_OUT [64], rval = 1'0).
Adding SRST signal on $auto$ff.cc:266:slice$7033 ($_DFFE_PP_) from module mkPositCore (D = $techmap$flatten\multiplier.$shr$/teamspace/studios/this_studio/Melodica-Integration-into-Fife-Core/Learn_Bluespec_and_RISCV_Design/Code/Build/Fife/verilog/mkMultiplier.v:218$1060.$22\buffer[479:0] [60], Q = \multiplier.ff_to_quire.D_OUT [65], rval = 1'0).
Adding SRST signal on $auto$ff.cc:266:slice$7034 ($_DFFE_PP_) from module mkPositCore (D = $techmap$flatten\multiplier.$shr$/teamspace/studios/this_studio/Melodica-Integration-into-Fife-Core/Learn_Bluespec_and_RISCV_Design/Code/Build/Fife/verilog/mkMultiplier.v:218$1060.$22\buffer[479:0] [61], Q = \multiplier.ff_to_quire.D_OUT [66], rval = 1'0).
Adding SRST signal on $auto$ff.cc:266:slice$7035 ($_DFFE_PP_) from module mkPositCore (D = $techmap$flatten\multiplier.$shr$/teamspace/studios/this_studio/Melodica-Integration-into-Fife-Core/Learn_Bluespec_and_RISCV_Design/Code/Build/Fife/verilog/mkMultiplier.v:218$1060.$22\buffer[479:0] [62], Q = \multiplier.ff_to_quire.D_OUT [67], rval = 1'0).
Adding SRST signal on $auto$ff.cc:266:slice$7036 ($_DFFE_PP_) from module mkPositCore (D = $techmap$flatten\multiplier.$shr$/teamspace/studios/this_studio/Melodica-Integration-into-Fife-Core/Learn_Bluespec_and_RISCV_Design/Code/Build/Fife/verilog/mkMultiplier.v:218$1060.$22\buffer[479:0] [63], Q = \multiplier.ff_to_quire.D_OUT [68], rval = 1'0).
Adding SRST signal on $auto$ff.cc:266:slice$7037 ($_DFFE_PP_) from module mkPositCore (D = $techmap$flatten\multiplier.$shr$/teamspace/studios/this_studio/Melodica-Integration-into-Fife-Core/Learn_Bluespec_and_RISCV_Design/Code/Build/Fife/verilog/mkMultiplier.v:218$1060.$22\buffer[479:0] [64], Q = \multiplier.ff_to_quire.D_OUT [69], rval = 1'0).
Adding SRST signal on $auto$ff.cc:266:slice$7038 ($_DFFE_PP_) from module mkPositCore (D = $techmap$flatten\multiplier.$shr$/teamspace/studios/this_studio/Melodica-Integration-into-Fife-Core/Learn_Bluespec_and_RISCV_Design/Code/Build/Fife/verilog/mkMultiplier.v:218$1060.$22\buffer[479:0] [65], Q = \multiplier.ff_to_quire.D_OUT [70], rval = 1'0).
Adding SRST signal on $auto$ff.cc:266:slice$7039 ($_DFFE_PP_) from module mkPositCore (D = $techmap$flatten\multiplier.$shr$/teamspace/studios/this_studio/Melodica-Integration-into-Fife-Core/Learn_Bluespec_and_RISCV_Design/Code/Build/Fife/verilog/mkMultiplier.v:218$1060.$22\buffer[479:0] [66], Q = \multiplier.ff_to_quire.D_OUT [71], rval = 1'0).
Adding SRST signal on $auto$ff.cc:266:slice$7040 ($_DFFE_PP_) from module mkPositCore (D = $techmap$flatten\multiplier.$shr$/teamspace/studios/this_studio/Melodica-Integration-into-Fife-Core/Learn_Bluespec_and_RISCV_Design/Code/Build/Fife/verilog/mkMultiplier.v:218$1060.$22\buffer[479:0] [67], Q = \multiplier.ff_to_quire.D_OUT [72], rval = 1'0).
Adding SRST signal on $auto$ff.cc:266:slice$7041 ($_DFFE_PP_) from module mkPositCore (D = $techmap$flatten\multiplier.$shr$/teamspace/studios/this_studio/Melodica-Integration-into-Fife-Core/Learn_Bluespec_and_RISCV_Design/Code/Build/Fife/verilog/mkMultiplier.v:218$1060.$22\buffer[479:0] [68], Q = \multiplier.ff_to_quire.D_OUT [73], rval = 1'0).
Adding SRST signal on $auto$ff.cc:266:slice$7042 ($_DFFE_PP_) from module mkPositCore (D = $techmap$flatten\multiplier.$shr$/teamspace/studios/this_studio/Melodica-Integration-into-Fife-Core/Learn_Bluespec_and_RISCV_Design/Code/Build/Fife/verilog/mkMultiplier.v:218$1060.$22\buffer[479:0] [69], Q = \multiplier.ff_to_quire.D_OUT [74], rval = 1'0).
Adding SRST signal on $auto$ff.cc:266:slice$7043 ($_DFFE_PP_) from module mkPositCore (D = $techmap$flatten\multiplier.$shr$/teamspace/studios/this_studio/Melodica-Integration-into-Fife-Core/Learn_Bluespec_and_RISCV_Design/Code/Build/Fife/verilog/mkMultiplier.v:218$1060.$22\buffer[479:0] [70], Q = \multiplier.ff_to_quire.D_OUT [75], rval = 1'0).
Adding SRST signal on $auto$ff.cc:266:slice$7044 ($_DFFE_PP_) from module mkPositCore (D = $techmap$flatten\multiplier.$shr$/teamspace/studios/this_studio/Melodica-Integration-into-Fife-Core/Learn_Bluespec_and_RISCV_Design/Code/Build/Fife/verilog/mkMultiplier.v:218$1060.$22\buffer[479:0] [71], Q = \multiplier.ff_to_quire.D_OUT [76], rval = 1'0).
Adding SRST signal on $auto$ff.cc:266:slice$7045 ($_DFFE_PP_) from module mkPositCore (D = $techmap$flatten\multiplier.$shr$/teamspace/studios/this_studio/Melodica-Integration-into-Fife-Core/Learn_Bluespec_and_RISCV_Design/Code/Build/Fife/verilog/mkMultiplier.v:218$1060.$22\buffer[479:0] [72], Q = \multiplier.ff_to_quire.D_OUT [77], rval = 1'0).
Adding SRST signal on $auto$ff.cc:266:slice$7046 ($_DFFE_PP_) from module mkPositCore (D = $techmap$flatten\multiplier.$shr$/teamspace/studios/this_studio/Melodica-Integration-into-Fife-Core/Learn_Bluespec_and_RISCV_Design/Code/Build/Fife/verilog/mkMultiplier.v:218$1060.$22\buffer[479:0] [73], Q = \multiplier.ff_to_quire.D_OUT [78], rval = 1'0).
Adding SRST signal on $auto$ff.cc:266:slice$7047 ($_DFFE_PP_) from module mkPositCore (D = $techmap$flatten\multiplier.$shr$/teamspace/studios/this_studio/Melodica-Integration-into-Fife-Core/Learn_Bluespec_and_RISCV_Design/Code/Build/Fife/verilog/mkMultiplier.v:218$1060.$22\buffer[479:0] [74], Q = \multiplier.ff_to_quire.D_OUT [79], rval = 1'0).
Adding SRST signal on $auto$ff.cc:266:slice$7048 ($_DFFE_PP_) from module mkPositCore (D = $techmap$flatten\multiplier.$shr$/teamspace/studios/this_studio/Melodica-Integration-into-Fife-Core/Learn_Bluespec_and_RISCV_Design/Code/Build/Fife/verilog/mkMultiplier.v:218$1060.$22\buffer[479:0] [75], Q = \multiplier.ff_to_quire.D_OUT [80], rval = 1'0).
Adding SRST signal on $auto$ff.cc:266:slice$7049 ($_DFFE_PP_) from module mkPositCore (D = $techmap$flatten\multiplier.$shr$/teamspace/studios/this_studio/Melodica-Integration-into-Fife-Core/Learn_Bluespec_and_RISCV_Design/Code/Build/Fife/verilog/mkMultiplier.v:218$1060.$22\buffer[479:0] [76], Q = \multiplier.ff_to_quire.D_OUT [81], rval = 1'0).
Adding SRST signal on $auto$ff.cc:266:slice$7050 ($_DFFE_PP_) from module mkPositCore (D = $techmap$flatten\multiplier.$shr$/teamspace/studios/this_studio/Melodica-Integration-into-Fife-Core/Learn_Bluespec_and_RISCV_Design/Code/Build/Fife/verilog/mkMultiplier.v:218$1060.$22\buffer[479:0] [77], Q = \multiplier.ff_to_quire.D_OUT [82], rval = 1'0).
Adding SRST signal on $auto$ff.cc:266:slice$7051 ($_DFFE_PP_) from module mkPositCore (D = $techmap$flatten\multiplier.$shr$/teamspace/studios/this_studio/Melodica-Integration-into-Fife-Core/Learn_Bluespec_and_RISCV_Design/Code/Build/Fife/verilog/mkMultiplier.v:218$1060.$22\buffer[479:0] [78], Q = \multiplier.ff_to_quire.D_OUT [83], rval = 1'0).
Adding SRST signal on $auto$ff.cc:266:slice$7052 ($_DFFE_PP_) from module mkPositCore (D = $techmap$flatten\multiplier.$shr$/teamspace/studios/this_studio/Melodica-Integration-into-Fife-Core/Learn_Bluespec_and_RISCV_Design/Code/Build/Fife/verilog/mkMultiplier.v:218$1060.$22\buffer[479:0] [79], Q = \multiplier.ff_to_quire.D_OUT [84], rval = 1'0).
Adding SRST signal on $auto$ff.cc:266:slice$7053 ($_DFFE_PP_) from module mkPositCore (D = $techmap$flatten\multiplier.$shr$/teamspace/studios/this_studio/Melodica-Integration-into-Fife-Core/Learn_Bluespec_and_RISCV_Design/Code/Build/Fife/verilog/mkMultiplier.v:218$1060.$22\buffer[479:0] [80], Q = \multiplier.ff_to_quire.D_OUT [85], rval = 1'0).
Adding SRST signal on $auto$ff.cc:266:slice$7054 ($_DFFE_PP_) from module mkPositCore (D = $techmap$flatten\multiplier.$shr$/teamspace/studios/this_studio/Melodica-Integration-into-Fife-Core/Learn_Bluespec_and_RISCV_Design/Code/Build/Fife/verilog/mkMultiplier.v:218$1060.$22\buffer[479:0] [81], Q = \multiplier.ff_to_quire.D_OUT [86], rval = 1'0).
Adding SRST signal on $auto$ff.cc:266:slice$7055 ($_DFFE_PP_) from module mkPositCore (D = $techmap$flatten\multiplier.$shr$/teamspace/studios/this_studio/Melodica-Integration-into-Fife-Core/Learn_Bluespec_and_RISCV_Design/Code/Build/Fife/verilog/mkMultiplier.v:218$1060.$22\buffer[479:0] [82], Q = \multiplier.ff_to_quire.D_OUT [87], rval = 1'0).
Adding SRST signal on $auto$ff.cc:266:slice$7056 ($_DFFE_PP_) from module mkPositCore (D = $techmap$flatten\multiplier.$shr$/teamspace/studios/this_studio/Melodica-Integration-into-Fife-Core/Learn_Bluespec_and_RISCV_Design/Code/Build/Fife/verilog/mkMultiplier.v:218$1060.$22\buffer[479:0] [83], Q = \multiplier.ff_to_quire.D_OUT [88], rval = 1'0).
Adding SRST signal on $auto$ff.cc:266:slice$7057 ($_DFFE_PP_) from module mkPositCore (D = $techmap$flatten\multiplier.$shr$/teamspace/studios/this_studio/Melodica-Integration-into-Fife-Core/Learn_Bluespec_and_RISCV_Design/Code/Build/Fife/verilog/mkMultiplier.v:218$1060.$22\buffer[479:0] [84], Q = \multiplier.ff_to_quire.D_OUT [89], rval = 1'0).
Adding SRST signal on $auto$ff.cc:266:slice$7058 ($_DFFE_PP_) from module mkPositCore (D = $techmap$flatten\multiplier.$shr$/teamspace/studios/this_studio/Melodica-Integration-into-Fife-Core/Learn_Bluespec_and_RISCV_Design/Code/Build/Fife/verilog/mkMultiplier.v:218$1060.$22\buffer[479:0] [85], Q = \multiplier.ff_to_quire.D_OUT [90], rval = 1'0).
Adding SRST signal on $auto$ff.cc:266:slice$7059 ($_DFFE_PP_) from module mkPositCore (D = $techmap$flatten\multiplier.$shr$/teamspace/studios/this_studio/Melodica-Integration-into-Fife-Core/Learn_Bluespec_and_RISCV_Design/Code/Build/Fife/verilog/mkMultiplier.v:218$1060.$22\buffer[479:0] [86], Q = \multiplier.ff_to_quire.D_OUT [91], rval = 1'0).
Adding SRST signal on $auto$ff.cc:266:slice$7060 ($_DFFE_PP_) from module mkPositCore (D = $techmap$flatten\multiplier.$shr$/teamspace/studios/this_studio/Melodica-Integration-into-Fife-Core/Learn_Bluespec_and_RISCV_Design/Code/Build/Fife/verilog/mkMultiplier.v:218$1060.$22\buffer[479:0] [87], Q = \multiplier.ff_to_quire.D_OUT [92], rval = 1'0).
Adding SRST signal on $auto$ff.cc:266:slice$7061 ($_DFFE_PP_) from module mkPositCore (D = $techmap$flatten\multiplier.$shr$/teamspace/studios/this_studio/Melodica-Integration-into-Fife-Core/Learn_Bluespec_and_RISCV_Design/Code/Build/Fife/verilog/mkMultiplier.v:218$1060.$22\buffer[479:0] [88], Q = \multiplier.ff_to_quire.D_OUT [93], rval = 1'0).
Adding SRST signal on $auto$ff.cc:266:slice$7062 ($_DFFE_PP_) from module mkPositCore (D = $techmap$flatten\multiplier.$shr$/teamspace/studios/this_studio/Melodica-Integration-into-Fife-Core/Learn_Bluespec_and_RISCV_Design/Code/Build/Fife/verilog/mkMultiplier.v:218$1060.$22\buffer[479:0] [89], Q = \multiplier.ff_to_quire.D_OUT [94], rval = 1'0).
Adding SRST signal on $auto$ff.cc:266:slice$7063 ($_DFFE_PP_) from module mkPositCore (D = $techmap$flatten\multiplier.$shr$/teamspace/studios/this_studio/Melodica-Integration-into-Fife-Core/Learn_Bluespec_and_RISCV_Design/Code/Build/Fife/verilog/mkMultiplier.v:218$1060.$22\buffer[479:0] [90], Q = \multiplier.ff_to_quire.D_OUT [95], rval = 1'0).
Adding SRST signal on $auto$ff.cc:266:slice$7064 ($_DFFE_PP_) from module mkPositCore (D = $techmap$flatten\multiplier.$shr$/teamspace/studios/this_studio/Melodica-Integration-into-Fife-Core/Learn_Bluespec_and_RISCV_Design/Code/Build/Fife/verilog/mkMultiplier.v:218$1060.$22\buffer[479:0] [91], Q = \multiplier.ff_to_quire.D_OUT [96], rval = 1'0).
Adding SRST signal on $auto$ff.cc:266:slice$7065 ($_DFFE_PP_) from module mkPositCore (D = $techmap$flatten\multiplier.$shr$/teamspace/studios/this_studio/Melodica-Integration-into-Fife-Core/Learn_Bluespec_and_RISCV_Design/Code/Build/Fife/verilog/mkMultiplier.v:218$1060.$22\buffer[479:0] [92], Q = \multiplier.ff_to_quire.D_OUT [97], rval = 1'0).
Adding SRST signal on $auto$ff.cc:266:slice$7066 ($_DFFE_PP_) from module mkPositCore (D = $techmap$flatten\multiplier.$shr$/teamspace/studios/this_studio/Melodica-Integration-into-Fife-Core/Learn_Bluespec_and_RISCV_Design/Code/Build/Fife/verilog/mkMultiplier.v:218$1060.$22\buffer[479:0] [93], Q = \multiplier.ff_to_quire.D_OUT [98], rval = 1'0).
Adding SRST signal on $auto$ff.cc:266:slice$7067 ($_DFFE_PP_) from module mkPositCore (D = $techmap$flatten\multiplier.$shr$/teamspace/studios/this_studio/Melodica-Integration-into-Fife-Core/Learn_Bluespec_and_RISCV_Design/Code/Build/Fife/verilog/mkMultiplier.v:218$1060.$22\buffer[479:0] [94], Q = \multiplier.ff_to_quire.D_OUT [99], rval = 1'0).
Adding SRST signal on $auto$ff.cc:266:slice$7068 ($_DFFE_PP_) from module mkPositCore (D = $techmap$flatten\multiplier.$shr$/teamspace/studios/this_studio/Melodica-Integration-into-Fife-Core/Learn_Bluespec_and_RISCV_Design/Code/Build/Fife/verilog/mkMultiplier.v:218$1060.$22\buffer[479:0] [95], Q = \multiplier.ff_to_quire.D_OUT [100], rval = 1'0).
Adding SRST signal on $auto$ff.cc:266:slice$7069 ($_DFFE_PP_) from module mkPositCore (D = $techmap$flatten\multiplier.$shr$/teamspace/studios/this_studio/Melodica-Integration-into-Fife-Core/Learn_Bluespec_and_RISCV_Design/Code/Build/Fife/verilog/mkMultiplier.v:218$1060.$22\buffer[479:0] [96], Q = \multiplier.ff_to_quire.D_OUT [101], rval = 1'0).
Adding SRST signal on $auto$ff.cc:266:slice$7070 ($_DFFE_PP_) from module mkPositCore (D = $techmap$flatten\multiplier.$shr$/teamspace/studios/this_studio/Melodica-Integration-into-Fife-Core/Learn_Bluespec_and_RISCV_Design/Code/Build/Fife/verilog/mkMultiplier.v:218$1060.$22\buffer[479:0] [97], Q = \multiplier.ff_to_quire.D_OUT [102], rval = 1'0).
Adding SRST signal on $auto$ff.cc:266:slice$7071 ($_DFFE_PP_) from module mkPositCore (D = $techmap$flatten\multiplier.$shr$/teamspace/studios/this_studio/Melodica-Integration-into-Fife-Core/Learn_Bluespec_and_RISCV_Design/Code/Build/Fife/verilog/mkMultiplier.v:218$1060.$22\buffer[479:0] [98], Q = \multiplier.ff_to_quire.D_OUT [103], rval = 1'0).
Adding SRST signal on $auto$ff.cc:266:slice$7072 ($_DFFE_PP_) from module mkPositCore (D = $techmap$flatten\multiplier.$shr$/teamspace/studios/this_studio/Melodica-Integration-into-Fife-Core/Learn_Bluespec_and_RISCV_Design/Code/Build/Fife/verilog/mkMultiplier.v:218$1060.$22\buffer[479:0] [99], Q = \multiplier.ff_to_quire.D_OUT [104], rval = 1'0).
Adding SRST signal on $auto$ff.cc:266:slice$7073 ($_DFFE_PP_) from module mkPositCore (D = $techmap$flatten\multiplier.$shr$/teamspace/studios/this_studio/Melodica-Integration-into-Fife-Core/Learn_Bluespec_and_RISCV_Design/Code/Build/Fife/verilog/mkMultiplier.v:218$1060.$22\buffer[479:0] [100], Q = \multiplier.ff_to_quire.D_OUT [105], rval = 1'0).
Adding SRST signal on $auto$ff.cc:266:slice$7074 ($_DFFE_PP_) from module mkPositCore (D = $techmap$flatten\multiplier.$shr$/teamspace/studios/this_studio/Melodica-Integration-into-Fife-Core/Learn_Bluespec_and_RISCV_Design/Code/Build/Fife/verilog/mkMultiplier.v:218$1060.$22\buffer[479:0] [101], Q = \multiplier.ff_to_quire.D_OUT [106], rval = 1'0).
Adding SRST signal on $auto$ff.cc:266:slice$7075 ($_DFFE_PP_) from module mkPositCore (D = $techmap$flatten\multiplier.$shr$/teamspace/studios/this_studio/Melodica-Integration-into-Fife-Core/Learn_Bluespec_and_RISCV_Design/Code/Build/Fife/verilog/mkMultiplier.v:218$1060.$22\buffer[479:0] [102], Q = \multiplier.ff_to_quire.D_OUT [107], rval = 1'0).
Adding SRST signal on $auto$ff.cc:266:slice$7076 ($_DFFE_PP_) from module mkPositCore (D = $techmap$flatten\multiplier.$shr$/teamspace/studios/this_studio/Melodica-Integration-into-Fife-Core/Learn_Bluespec_and_RISCV_Design/Code/Build/Fife/verilog/mkMultiplier.v:218$1060.$22\buffer[479:0] [103], Q = \multiplier.ff_to_quire.D_OUT [108], rval = 1'0).
Adding SRST signal on $auto$ff.cc:266:slice$7077 ($_DFFE_PP_) from module mkPositCore (D = $techmap$flatten\multiplier.$shr$/teamspace/studios/this_studio/Melodica-Integration-into-Fife-Core/Learn_Bluespec_and_RISCV_Design/Code/Build/Fife/verilog/mkMultiplier.v:218$1060.$22\buffer[479:0] [104], Q = \multiplier.ff_to_quire.D_OUT [109], rval = 1'0).
Adding SRST signal on $auto$ff.cc:266:slice$7078 ($_DFFE_PP_) from module mkPositCore (D = $techmap$flatten\multiplier.$shr$/teamspace/studios/this_studio/Melodica-Integration-into-Fife-Core/Learn_Bluespec_and_RISCV_Design/Code/Build/Fife/verilog/mkMultiplier.v:218$1060.$22\buffer[479:0] [105], Q = \multiplier.ff_to_quire.D_OUT [110], rval = 1'0).
Adding SRST signal on $auto$ff.cc:266:slice$7079 ($_DFFE_PP_) from module mkPositCore (D = $techmap$flatten\multiplier.$shr$/teamspace/studios/this_studio/Melodica-Integration-into-Fife-Core/Learn_Bluespec_and_RISCV_Design/Code/Build/Fife/verilog/mkMultiplier.v:218$1060.$22\buffer[479:0] [106], Q = \multiplier.ff_to_quire.D_OUT [111], rval = 1'0).
Adding SRST signal on $auto$ff.cc:266:slice$7080 ($_DFFE_PP_) from module mkPositCore (D = $techmap$flatten\multiplier.$shr$/teamspace/studios/this_studio/Melodica-Integration-into-Fife-Core/Learn_Bluespec_and_RISCV_Design/Code/Build/Fife/verilog/mkMultiplier.v:218$1060.$22\buffer[479:0] [107], Q = \multiplier.ff_to_quire.D_OUT [112], rval = 1'0).
Adding SRST signal on $auto$ff.cc:266:slice$7081 ($_DFFE_PP_) from module mkPositCore (D = $techmap$flatten\multiplier.$shr$/teamspace/studios/this_studio/Melodica-Integration-into-Fife-Core/Learn_Bluespec_and_RISCV_Design/Code/Build/Fife/verilog/mkMultiplier.v:218$1060.$22\buffer[479:0] [108], Q = \multiplier.ff_to_quire.D_OUT [113], rval = 1'0).
Adding SRST signal on $auto$ff.cc:266:slice$7082 ($_DFFE_PP_) from module mkPositCore (D = $techmap$flatten\multiplier.$shr$/teamspace/studios/this_studio/Melodica-Integration-into-Fife-Core/Learn_Bluespec_and_RISCV_Design/Code/Build/Fife/verilog/mkMultiplier.v:218$1060.$22\buffer[479:0] [109], Q = \multiplier.ff_to_quire.D_OUT [114], rval = 1'0).
Adding SRST signal on $auto$ff.cc:266:slice$7083 ($_DFFE_PP_) from module mkPositCore (D = $techmap$flatten\multiplier.$shr$/teamspace/studios/this_studio/Melodica-Integration-into-Fife-Core/Learn_Bluespec_and_RISCV_Design/Code/Build/Fife/verilog/mkMultiplier.v:218$1060.$22\buffer[479:0] [110], Q = \multiplier.ff_to_quire.D_OUT [115], rval = 1'0).
Adding SRST signal on $auto$ff.cc:266:slice$7084 ($_DFFE_PP_) from module mkPositCore (D = $techmap$flatten\multiplier.$shr$/teamspace/studios/this_studio/Melodica-Integration-into-Fife-Core/Learn_Bluespec_and_RISCV_Design/Code/Build/Fife/verilog/mkMultiplier.v:218$1060.$22\buffer[479:0] [111], Q = \multiplier.ff_to_quire.D_OUT [116], rval = 1'0).
Adding SRST signal on $auto$ff.cc:266:slice$7085 ($_DFFE_PP_) from module mkPositCore (D = $techmap$flatten\multiplier.$shr$/teamspace/studios/this_studio/Melodica-Integration-into-Fife-Core/Learn_Bluespec_and_RISCV_Design/Code/Build/Fife/verilog/mkMultiplier.v:218$1060.$22\buffer[479:0] [112], Q = \multiplier.ff_to_quire.D_OUT [117], rval = 1'0).
Adding SRST signal on $auto$ff.cc:266:slice$7086 ($_DFFE_PP_) from module mkPositCore (D = $techmap$flatten\multiplier.$shr$/teamspace/studios/this_studio/Melodica-Integration-into-Fife-Core/Learn_Bluespec_and_RISCV_Design/Code/Build/Fife/verilog/mkMultiplier.v:218$1060.$16\buffer[479:0] [177], Q = \multiplier.ff_to_quire.D_OUT [118], rval = 1'0).
Adding SRST signal on $auto$ff.cc:266:slice$7087 ($_DFFE_PP_) from module mkPositCore (D = $techmap$flatten\multiplier.$shr$/teamspace/studios/this_studio/Melodica-Integration-into-Fife-Core/Learn_Bluespec_and_RISCV_Design/Code/Build/Fife/verilog/mkMultiplier.v:218$1060.$16\buffer[479:0] [178], Q = \multiplier.ff_to_quire.D_OUT [119], rval = 1'0).
Adding SRST signal on $auto$ff.cc:266:slice$7088 ($_DFFE_PP_) from module mkPositCore (D = $techmap$flatten\multiplier.$shr$/teamspace/studios/this_studio/Melodica-Integration-into-Fife-Core/Learn_Bluespec_and_RISCV_Design/Code/Build/Fife/verilog/mkMultiplier.v:218$1060.$16\buffer[479:0] [179], Q = \multiplier.ff_to_quire.D_OUT [120], rval = 1'0).
Adding SRST signal on $auto$ff.cc:266:slice$7089 ($_DFFE_PP_) from module mkPositCore (D = $techmap$flatten\multiplier.$shr$/teamspace/studios/this_studio/Melodica-Integration-into-Fife-Core/Learn_Bluespec_and_RISCV_Design/Code/Build/Fife/verilog/mkMultiplier.v:218$1060.$16\buffer[479:0] [180], Q = \multiplier.ff_to_quire.D_OUT [121], rval = 1'0).
Adding SRST signal on $auto$ff.cc:266:slice$7090 ($_DFFE_PP_) from module mkPositCore (D = $techmap$flatten\multiplier.$shr$/teamspace/studios/this_studio/Melodica-Integration-into-Fife-Core/Learn_Bluespec_and_RISCV_Design/Code/Build/Fife/verilog/mkMultiplier.v:218$1060.$16\buffer[479:0] [181], Q = \multiplier.ff_to_quire.D_OUT [122], rval = 1'0).
Adding SRST signal on $auto$ff.cc:266:slice$7091 ($_DFFE_PP_) from module mkPositCore (D = $techmap$flatten\multiplier.$shr$/teamspace/studios/this_studio/Melodica-Integration-into-Fife-Core/Learn_Bluespec_and_RISCV_Design/Code/Build/Fife/verilog/mkMultiplier.v:218$1060.$16\buffer[479:0] [182], Q = \multiplier.ff_to_quire.D_OUT [123], rval = 1'0).
Adding SRST signal on $auto$ff.cc:266:slice$7092 ($_DFFE_PP_) from module mkPositCore (D = $techmap$flatten\multiplier.$shr$/teamspace/studios/this_studio/Melodica-Integration-into-Fife-Core/Learn_Bluespec_and_RISCV_Design/Code/Build/Fife/verilog/mkMultiplier.v:218$1060.$16\buffer[479:0] [183], Q = \multiplier.ff_to_quire.D_OUT [124], rval = 1'0).
Adding SRST signal on $auto$ff.cc:266:slice$7093 ($_DFFE_PP_) from module mkPositCore (D = $techmap$flatten\multiplier.$shr$/teamspace/studios/this_studio/Melodica-Integration-into-Fife-Core/Learn_Bluespec_and_RISCV_Design/Code/Build/Fife/verilog/mkMultiplier.v:218$1060.$16\buffer[479:0] [184], Q = \multiplier.ff_to_quire.D_OUT [125], rval = 1'0).
Adding SRST signal on $auto$ff.cc:266:slice$7094 ($_DFFE_PP_) from module mkPositCore (D = $techmap$flatten\multiplier.$shr$/teamspace/studios/this_studio/Melodica-Integration-into-Fife-Core/Learn_Bluespec_and_RISCV_Design/Code/Build/Fife/verilog/mkMultiplier.v:218$1060.$16\buffer[479:0] [185], Q = \multiplier.ff_to_quire.D_OUT [126], rval = 1'0).
Adding SRST signal on $auto$ff.cc:266:slice$7095 ($_DFFE_PP_) from module mkPositCore (D = $techmap$flatten\multiplier.$shr$/teamspace/studios/this_studio/Melodica-Integration-into-Fife-Core/Learn_Bluespec_and_RISCV_Design/Code/Build/Fife/verilog/mkMultiplier.v:218$1060.$19\buffer[479:0] [122], Q = \multiplier.ff_to_quire.D_OUT [127], rval = 1'0).
Adding SRST signal on $auto$ff.cc:266:slice$7096 ($_DFFE_PP_) from module mkPositCore (D = $techmap$flatten\multiplier.$shr$/teamspace/studios/this_studio/Melodica-Integration-into-Fife-Core/Learn_Bluespec_and_RISCV_Design/Code/Build/Fife/verilog/mkMultiplier.v:218$1060.$19\buffer[479:0] [123], Q = \multiplier.ff_to_quire.D_OUT [128], rval = 1'0).
Adding SRST signal on $auto$ff.cc:266:slice$7097 ($_DFFE_PP_) from module mkPositCore (D = $techmap$flatten\multiplier.$shr$/teamspace/studios/this_studio/Melodica-Integration-into-Fife-Core/Learn_Bluespec_and_RISCV_Design/Code/Build/Fife/verilog/mkMultiplier.v:218$1060.$19\buffer[479:0] [124], Q = \multiplier.ff_to_quire.D_OUT [129], rval = 1'0).
Adding SRST signal on $auto$ff.cc:266:slice$7098 ($_DFFE_PP_) from module mkPositCore (D = $techmap$flatten\multiplier.$shr$/teamspace/studios/this_studio/Melodica-Integration-into-Fife-Core/Learn_Bluespec_and_RISCV_Design/Code/Build/Fife/verilog/mkMultiplier.v:218$1060.$19\buffer[479:0] [125], Q = \multiplier.ff_to_quire.D_OUT [130], rval = 1'0).
Adding SRST signal on $auto$ff.cc:266:slice$7099 ($_DFFE_PP_) from module mkPositCore (D = $techmap$flatten\multiplier.$shr$/teamspace/studios/this_studio/Melodica-Integration-into-Fife-Core/Learn_Bluespec_and_RISCV_Design/Code/Build/Fife/verilog/mkMultiplier.v:218$1060.$19\buffer[479:0] [126], Q = \multiplier.ff_to_quire.D_OUT [131], rval = 1'0).
Adding SRST signal on $auto$ff.cc:266:slice$7100 ($_DFFE_PP_) from module mkPositCore (D = $techmap$flatten\multiplier.$shr$/teamspace/studios/this_studio/Melodica-Integration-into-Fife-Core/Learn_Bluespec_and_RISCV_Design/Code/Build/Fife/verilog/mkMultiplier.v:218$1060.$19\buffer[479:0] [127], Q = \multiplier.ff_to_quire.D_OUT [132], rval = 1'0).
Adding SRST signal on $auto$ff.cc:266:slice$7101 ($_DFFE_PP_) from module mkPositCore (D = $techmap$flatten\multiplier.$shr$/teamspace/studios/this_studio/Melodica-Integration-into-Fife-Core/Learn_Bluespec_and_RISCV_Design/Code/Build/Fife/verilog/mkMultiplier.v:218$1060.$19\buffer[479:0] [128], Q = \multiplier.ff_to_quire.D_OUT [133], rval = 1'0).
Adding SRST signal on $auto$ff.cc:266:slice$7102 ($_DFFE_PP_) from module mkPositCore (D = $techmap$flatten\multiplier.$shr$/teamspace/studios/this_studio/Melodica-Integration-into-Fife-Core/Learn_Bluespec_and_RISCV_Design/Code/Build/Fife/verilog/mkMultiplier.v:218$1060.$19\buffer[479:0] [129], Q = \multiplier.ff_to_quire.D_OUT [134], rval = 1'0).
Adding SRST signal on $auto$ff.cc:266:slice$7103 ($_DFFE_PP_) from module mkPositCore (D = $techmap$flatten\multiplier.$shr$/teamspace/studios/this_studio/Melodica-Integration-into-Fife-Core/Learn_Bluespec_and_RISCV_Design/Code/Build/Fife/verilog/mkMultiplier.v:218$1060.$19\buffer[479:0] [130], Q = \multiplier.ff_to_quire.D_OUT [135], rval = 1'0).
Adding SRST signal on $auto$ff.cc:266:slice$7104 ($_DFFE_PP_) from module mkPositCore (D = $techmap$flatten\multiplier.$shr$/teamspace/studios/this_studio/Melodica-Integration-into-Fife-Core/Learn_Bluespec_and_RISCV_Design/Code/Build/Fife/verilog/mkMultiplier.v:218$1060.$19\buffer[479:0] [131], Q = \multiplier.ff_to_quire.D_OUT [136], rval = 1'0).
Adding SRST signal on $auto$ff.cc:266:slice$7105 ($_DFFE_PP_) from module mkPositCore (D = $techmap$flatten\multiplier.$shr$/teamspace/studios/this_studio/Melodica-Integration-into-Fife-Core/Learn_Bluespec_and_RISCV_Design/Code/Build/Fife/verilog/mkMultiplier.v:218$1060.$19\buffer[479:0] [132], Q = \multiplier.ff_to_quire.D_OUT [137], rval = 1'0).
Adding SRST signal on $auto$ff.cc:266:slice$7106 ($_DFFE_PP_) from module mkPositCore (D = $techmap$flatten\multiplier.$shr$/teamspace/studios/this_studio/Melodica-Integration-into-Fife-Core/Learn_Bluespec_and_RISCV_Design/Code/Build/Fife/verilog/mkMultiplier.v:218$1060.$19\buffer[479:0] [133], Q = \multiplier.ff_to_quire.D_OUT [138], rval = 1'0).
Adding SRST signal on $auto$ff.cc:266:slice$7107 ($_DFFE_PP_) from module mkPositCore (D = $techmap$flatten\multiplier.$shr$/teamspace/studios/this_studio/Melodica-Integration-into-Fife-Core/Learn_Bluespec_and_RISCV_Design/Code/Build/Fife/verilog/mkMultiplier.v:218$1060.$19\buffer[479:0] [134], Q = \multiplier.ff_to_quire.D_OUT [139], rval = 1'0).
Adding SRST signal on $auto$ff.cc:266:slice$7108 ($_DFFE_PP_) from module mkPositCore (D = $techmap$flatten\multiplier.$shr$/teamspace/studios/this_studio/Melodica-Integration-into-Fife-Core/Learn_Bluespec_and_RISCV_Design/Code/Build/Fife/verilog/mkMultiplier.v:218$1060.$19\buffer[479:0] [135], Q = \multiplier.ff_to_quire.D_OUT [140], rval = 1'0).
Adding SRST signal on $auto$ff.cc:266:slice$7109 ($_DFFE_PP_) from module mkPositCore (D = $techmap$flatten\multiplier.$shr$/teamspace/studios/this_studio/Melodica-Integration-into-Fife-Core/Learn_Bluespec_and_RISCV_Design/Code/Build/Fife/verilog/mkMultiplier.v:218$1060.$19\buffer[479:0] [136], Q = \multiplier.ff_to_quire.D_OUT [141], rval = 1'0).
Adding SRST signal on $auto$ff.cc:266:slice$7110 ($_DFFE_PP_) from module mkPositCore (D = $techmap$flatten\multiplier.$shr$/teamspace/studios/this_studio/Melodica-Integration-into-Fife-Core/Learn_Bluespec_and_RISCV_Design/Code/Build/Fife/verilog/mkMultiplier.v:218$1060.$19\buffer[479:0] [137], Q = \multiplier.ff_to_quire.D_OUT [142], rval = 1'0).
Adding SRST signal on $auto$ff.cc:266:slice$7111 ($_DFFE_PP_) from module mkPositCore (D = $techmap$flatten\multiplier.$shr$/teamspace/studios/this_studio/Melodica-Integration-into-Fife-Core/Learn_Bluespec_and_RISCV_Design/Code/Build/Fife/verilog/mkMultiplier.v:218$1060.$19\buffer[479:0] [138], Q = \multiplier.ff_to_quire.D_OUT [143], rval = 1'0).
Adding SRST signal on $auto$ff.cc:266:slice$7112 ($_DFFE_PP_) from module mkPositCore (D = $techmap$flatten\multiplier.$shr$/teamspace/studios/this_studio/Melodica-Integration-into-Fife-Core/Learn_Bluespec_and_RISCV_Design/Code/Build/Fife/verilog/mkMultiplier.v:218$1060.$19\buffer[479:0] [139], Q = \multiplier.ff_to_quire.D_OUT [144], rval = 1'0).
Adding SRST signal on $auto$ff.cc:266:slice$7113 ($_DFFE_PP_) from module mkPositCore (D = $techmap$flatten\multiplier.$shr$/teamspace/studios/this_studio/Melodica-Integration-into-Fife-Core/Learn_Bluespec_and_RISCV_Design/Code/Build/Fife/verilog/mkMultiplier.v:218$1060.$19\buffer[479:0] [140], Q = \multiplier.ff_to_quire.D_OUT [145], rval = 1'0).
Adding SRST signal on $auto$ff.cc:266:slice$7114 ($_DFFE_PP_) from module mkPositCore (D = $techmap$flatten\multiplier.$shr$/teamspace/studios/this_studio/Melodica-Integration-into-Fife-Core/Learn_Bluespec_and_RISCV_Design/Code/Build/Fife/verilog/mkMultiplier.v:218$1060.$19\buffer[479:0] [141], Q = \multiplier.ff_to_quire.D_OUT [146], rval = 1'0).
Adding SRST signal on $auto$ff.cc:266:slice$7115 ($_DFFE_PP_) from module mkPositCore (D = $techmap$flatten\multiplier.$shr$/teamspace/studios/this_studio/Melodica-Integration-into-Fife-Core/Learn_Bluespec_and_RISCV_Design/Code/Build/Fife/verilog/mkMultiplier.v:218$1060.$19\buffer[479:0] [142], Q = \multiplier.ff_to_quire.D_OUT [147], rval = 1'0).
Adding SRST signal on $auto$ff.cc:266:slice$7116 ($_DFFE_PP_) from module mkPositCore (D = $techmap$flatten\multiplier.$shr$/teamspace/studios/this_studio/Melodica-Integration-into-Fife-Core/Learn_Bluespec_and_RISCV_Design/Code/Build/Fife/verilog/mkMultiplier.v:218$1060.$19\buffer[479:0] [143], Q = \multiplier.ff_to_quire.D_OUT [148], rval = 1'0).
Adding SRST signal on $auto$ff.cc:266:slice$7117 ($_DFFE_PP_) from module mkPositCore (D = $techmap$flatten\multiplier.$shr$/teamspace/studios/this_studio/Melodica-Integration-into-Fife-Core/Learn_Bluespec_and_RISCV_Design/Code/Build/Fife/verilog/mkMultiplier.v:218$1060.$19\buffer[479:0] [144], Q = \multiplier.ff_to_quire.D_OUT [149], rval = 1'0).
Adding SRST signal on $auto$ff.cc:266:slice$7118 ($_DFFE_PP_) from module mkPositCore (D = $techmap$flatten\multiplier.$shr$/teamspace/studios/this_studio/Melodica-Integration-into-Fife-Core/Learn_Bluespec_and_RISCV_Design/Code/Build/Fife/verilog/mkMultiplier.v:218$1060.$19\buffer[479:0] [145], Q = \multiplier.ff_to_quire.D_OUT [150], rval = 1'0).
Adding SRST signal on $auto$ff.cc:266:slice$7119 ($_DFFE_PP_) from module mkPositCore (D = $techmap$flatten\multiplier.$shr$/teamspace/studios/this_studio/Melodica-Integration-into-Fife-Core/Learn_Bluespec_and_RISCV_Design/Code/Build/Fife/verilog/mkMultiplier.v:218$1060.$19\buffer[479:0] [146], Q = \multiplier.ff_to_quire.D_OUT [151], rval = 1'0).
Adding SRST signal on $auto$ff.cc:266:slice$7120 ($_DFFE_PP_) from module mkPositCore (D = $techmap$flatten\multiplier.$shr$/teamspace/studios/this_studio/Melodica-Integration-into-Fife-Core/Learn_Bluespec_and_RISCV_Design/Code/Build/Fife/verilog/mkMultiplier.v:218$1060.$19\buffer[479:0] [147], Q = \multiplier.ff_to_quire.D_OUT [152], rval = 1'0).
Adding SRST signal on $auto$ff.cc:266:slice$7121 ($_DFFE_PP_) from module mkPositCore (D = $techmap$flatten\multiplier.$shr$/teamspace/studios/this_studio/Melodica-Integration-into-Fife-Core/Learn_Bluespec_and_RISCV_Design/Code/Build/Fife/verilog/mkMultiplier.v:218$1060.$19\buffer[479:0] [148], Q = \multiplier.ff_to_quire.D_OUT [153], rval = 1'0).
Adding SRST signal on $auto$ff.cc:266:slice$7122 ($_DFFE_PP_) from module mkPositCore (D = $techmap$flatten\multiplier.$shr$/teamspace/studios/this_studio/Melodica-Integration-into-Fife-Core/Learn_Bluespec_and_RISCV_Design/Code/Build/Fife/verilog/mkMultiplier.v:218$1060.$19\buffer[479:0] [149], Q = \multiplier.ff_to_quire.D_OUT [154], rval = 1'0).
Adding SRST signal on $auto$ff.cc:266:slice$7123 ($_DFFE_PP_) from module mkPositCore (D = $techmap$flatten\multiplier.$shr$/teamspace/studios/this_studio/Melodica-Integration-into-Fife-Core/Learn_Bluespec_and_RISCV_Design/Code/Build/Fife/verilog/mkMultiplier.v:218$1060.$19\buffer[479:0] [150], Q = \multiplier.ff_to_quire.D_OUT [155], rval = 1'0).
Adding SRST signal on $auto$ff.cc:266:slice$7124 ($_DFFE_PP_) from module mkPositCore (D = $techmap$flatten\multiplier.$shr$/teamspace/studios/this_studio/Melodica-Integration-into-Fife-Core/Learn_Bluespec_and_RISCV_Design/Code/Build/Fife/verilog/mkMultiplier.v:218$1060.$19\buffer[479:0] [151], Q = \multiplier.ff_to_quire.D_OUT [156], rval = 1'0).
Adding SRST signal on $auto$ff.cc:266:slice$7125 ($_DFFE_PP_) from module mkPositCore (D = $techmap$flatten\multiplier.$shr$/teamspace/studios/this_studio/Melodica-Integration-into-Fife-Core/Learn_Bluespec_and_RISCV_Design/Code/Build/Fife/verilog/mkMultiplier.v:218$1060.$19\buffer[479:0] [152], Q = \multiplier.ff_to_quire.D_OUT [157], rval = 1'0).
Adding SRST signal on $auto$ff.cc:266:slice$7126 ($_DFFE_PP_) from module mkPositCore (D = $techmap$flatten\multiplier.$shr$/teamspace/studios/this_studio/Melodica-Integration-into-Fife-Core/Learn_Bluespec_and_RISCV_Design/Code/Build/Fife/verilog/mkMultiplier.v:218$1060.$19\buffer[479:0] [153], Q = \multiplier.ff_to_quire.D_OUT [158], rval = 1'0).
Adding SRST signal on $auto$ff.cc:266:slice$7127 ($_DFFE_PP_) from module mkPositCore (D = $techmap$flatten\multiplier.$shr$/teamspace/studios/this_studio/Melodica-Integration-into-Fife-Core/Learn_Bluespec_and_RISCV_Design/Code/Build/Fife/verilog/mkMultiplier.v:218$1060.$19\buffer[479:0] [154], Q = \multiplier.ff_to_quire.D_OUT [159], rval = 1'0).
Adding SRST signal on $auto$ff.cc:266:slice$7128 ($_DFFE_PP_) from module mkPositCore (D = $techmap$flatten\multiplier.$shr$/teamspace/studios/this_studio/Melodica-Integration-into-Fife-Core/Learn_Bluespec_and_RISCV_Design/Code/Build/Fife/verilog/mkMultiplier.v:218$1060.$19\buffer[479:0] [155], Q = \multiplier.ff_to_quire.D_OUT [160], rval = 1'0).
Adding SRST signal on $auto$ff.cc:266:slice$7129 ($_DFFE_PP_) from module mkPositCore (D = $techmap$flatten\multiplier.$shr$/teamspace/studios/this_studio/Melodica-Integration-into-Fife-Core/Learn_Bluespec_and_RISCV_Design/Code/Build/Fife/verilog/mkMultiplier.v:218$1060.$19\buffer[479:0] [156], Q = \multiplier.ff_to_quire.D_OUT [161], rval = 1'0).
Adding SRST signal on $auto$ff.cc:266:slice$7130 ($_DFFE_PP_) from module mkPositCore (D = $techmap$flatten\multiplier.$shr$/teamspace/studios/this_studio/Melodica-Integration-into-Fife-Core/Learn_Bluespec_and_RISCV_Design/Code/Build/Fife/verilog/mkMultiplier.v:218$1060.$19\buffer[479:0] [157], Q = \multiplier.ff_to_quire.D_OUT [162], rval = 1'0).
Adding SRST signal on $auto$ff.cc:266:slice$7131 ($_DFFE_PP_) from module mkPositCore (D = $techmap$flatten\multiplier.$shr$/teamspace/studios/this_studio/Melodica-Integration-into-Fife-Core/Learn_Bluespec_and_RISCV_Design/Code/Build/Fife/verilog/mkMultiplier.v:218$1060.$19\buffer[479:0] [158], Q = \multiplier.ff_to_quire.D_OUT [163], rval = 1'0).
Adding SRST signal on $auto$ff.cc:266:slice$7132 ($_DFFE_PP_) from module mkPositCore (D = $techmap$flatten\multiplier.$shr$/teamspace/studios/this_studio/Melodica-Integration-into-Fife-Core/Learn_Bluespec_and_RISCV_Design/Code/Build/Fife/verilog/mkMultiplier.v:218$1060.$19\buffer[479:0] [159], Q = \multiplier.ff_to_quire.D_OUT [164], rval = 1'0).
Adding SRST signal on $auto$ff.cc:266:slice$7133 ($_DFFE_PP_) from module mkPositCore (D = $techmap$flatten\multiplier.$shr$/teamspace/studios/this_studio/Melodica-Integration-into-Fife-Core/Learn_Bluespec_and_RISCV_Design/Code/Build/Fife/verilog/mkMultiplier.v:218$1060.$19\buffer[479:0] [160], Q = \multiplier.ff_to_quire.D_OUT [165], rval = 1'0).
Adding SRST signal on $auto$ff.cc:266:slice$7134 ($_DFFE_PP_) from module mkPositCore (D = $techmap$flatten\multiplier.$shr$/teamspace/studios/this_studio/Melodica-Integration-into-Fife-Core/Learn_Bluespec_and_RISCV_Design/Code/Build/Fife/verilog/mkMultiplier.v:218$1060.$19\buffer[479:0] [161], Q = \multiplier.ff_to_quire.D_OUT [166], rval = 1'0).
Adding SRST signal on $auto$ff.cc:266:slice$7135 ($_DFFE_PP_) from module mkPositCore (D = $techmap$flatten\multiplier.$shr$/teamspace/studios/this_studio/Melodica-Integration-into-Fife-Core/Learn_Bluespec_and_RISCV_Design/Code/Build/Fife/verilog/mkMultiplier.v:218$1060.$19\buffer[479:0] [162], Q = \multiplier.ff_to_quire.D_OUT [167], rval = 1'0).
Adding SRST signal on $auto$ff.cc:266:slice$7136 ($_DFFE_PP_) from module mkPositCore (D = $techmap$flatten\multiplier.$shr$/teamspace/studios/this_studio/Melodica-Integration-into-Fife-Core/Learn_Bluespec_and_RISCV_Design/Code/Build/Fife/verilog/mkMultiplier.v:218$1060.$19\buffer[479:0] [163], Q = \multiplier.ff_to_quire.D_OUT [168], rval = 1'0).
Adding SRST signal on $auto$ff.cc:266:slice$7137 ($_DFFE_PP_) from module mkPositCore (D = $techmap$flatten\multiplier.$shr$/teamspace/studios/this_studio/Melodica-Integration-into-Fife-Core/Learn_Bluespec_and_RISCV_Design/Code/Build/Fife/verilog/mkMultiplier.v:218$1060.$19\buffer[479:0] [164], Q = \multiplier.ff_to_quire.D_OUT [169], rval = 1'0).
Adding SRST signal on $auto$ff.cc:266:slice$7138 ($_DFFE_PP_) from module mkPositCore (D = $techmap$flatten\multiplier.$shr$/teamspace/studios/this_studio/Melodica-Integration-into-Fife-Core/Learn_Bluespec_and_RISCV_Design/Code/Build/Fife/verilog/mkMultiplier.v:218$1060.$19\buffer[479:0] [165], Q = \multiplier.ff_to_quire.D_OUT [170], rval = 1'0).
Adding SRST signal on $auto$ff.cc:266:slice$7139 ($_DFFE_PP_) from module mkPositCore (D = $techmap$flatten\multiplier.$shr$/teamspace/studios/this_studio/Melodica-Integration-into-Fife-Core/Learn_Bluespec_and_RISCV_Design/Code/Build/Fife/verilog/mkMultiplier.v:218$1060.$19\buffer[479:0] [166], Q = \multiplier.ff_to_quire.D_OUT [171], rval = 1'0).
Adding SRST signal on $auto$ff.cc:266:slice$7140 ($_DFFE_PP_) from module mkPositCore (D = $techmap$flatten\multiplier.$shr$/teamspace/studios/this_studio/Melodica-Integration-into-Fife-Core/Learn_Bluespec_and_RISCV_Design/Code/Build/Fife/verilog/mkMultiplier.v:218$1060.$19\buffer[479:0] [167], Q = \multiplier.ff_to_quire.D_OUT [172], rval = 1'0).
Adding SRST signal on $auto$ff.cc:266:slice$7141 ($_DFFE_PP_) from module mkPositCore (D = $techmap$flatten\multiplier.$shr$/teamspace/studios/this_studio/Melodica-Integration-into-Fife-Core/Learn_Bluespec_and_RISCV_Design/Code/Build/Fife/verilog/mkMultiplier.v:218$1060.$19\buffer[479:0] [168], Q = \multiplier.ff_to_quire.D_OUT [173], rval = 1'0).
Adding SRST signal on $auto$ff.cc:266:slice$7142 ($_DFFE_PP_) from module mkPositCore (D = $techmap$flatten\multiplier.$shr$/teamspace/studios/this_studio/Melodica-Integration-into-Fife-Core/Learn_Bluespec_and_RISCV_Design/Code/Build/Fife/verilog/mkMultiplier.v:218$1060.$19\buffer[479:0] [169], Q = \multiplier.ff_to_quire.D_OUT [174], rval = 1'0).
Adding SRST signal on $auto$ff.cc:266:slice$7143 ($_DFFE_PP_) from module mkPositCore (D = $techmap$flatten\multiplier.$shr$/teamspace/studios/this_studio/Melodica-Integration-into-Fife-Core/Learn_Bluespec_and_RISCV_Design/Code/Build/Fife/verilog/mkMultiplier.v:218$1060.$19\buffer[479:0] [170], Q = \multiplier.ff_to_quire.D_OUT [175], rval = 1'0).
Adding SRST signal on $auto$ff.cc:266:slice$7144 ($_DFFE_PP_) from module mkPositCore (D = $techmap$flatten\multiplier.$shr$/teamspace/studios/this_studio/Melodica-Integration-into-Fife-Core/Learn_Bluespec_and_RISCV_Design/Code/Build/Fife/verilog/mkMultiplier.v:218$1060.$19\buffer[479:0] [171], Q = \multiplier.ff_to_quire.D_OUT [176], rval = 1'0).
Adding SRST signal on $auto$ff.cc:266:slice$7145 ($_DFFE_PP_) from module mkPositCore (D = $techmap$flatten\multiplier.$shr$/teamspace/studios/this_studio/Melodica-Integration-into-Fife-Core/Learn_Bluespec_and_RISCV_Design/Code/Build/Fife/verilog/mkMultiplier.v:218$1060.$19\buffer[479:0] [172], Q = \multiplier.ff_to_quire.D_OUT [177], rval = 1'0).
Adding SRST signal on $auto$ff.cc:266:slice$7146 ($_DFFE_PP_) from module mkPositCore (D = $techmap$flatten\multiplier.$shr$/teamspace/studios/this_studio/Melodica-Integration-into-Fife-Core/Learn_Bluespec_and_RISCV_Design/Code/Build/Fife/verilog/mkMultiplier.v:218$1060.$19\buffer[479:0] [173], Q = \multiplier.ff_to_quire.D_OUT [178], rval = 1'0).
Adding SRST signal on $auto$ff.cc:266:slice$7147 ($_DFFE_PP_) from module mkPositCore (D = $techmap$flatten\multiplier.$shr$/teamspace/studios/this_studio/Melodica-Integration-into-Fife-Core/Learn_Bluespec_and_RISCV_Design/Code/Build/Fife/verilog/mkMultiplier.v:218$1060.$19\buffer[479:0] [174], Q = \multiplier.ff_to_quire.D_OUT [179], rval = 1'0).
Adding SRST signal on $auto$ff.cc:266:slice$7148 ($_DFFE_PP_) from module mkPositCore (D = $techmap$flatten\multiplier.$shr$/teamspace/studios/this_studio/Melodica-Integration-into-Fife-Core/Learn_Bluespec_and_RISCV_Design/Code/Build/Fife/verilog/mkMultiplier.v:218$1060.$19\buffer[479:0] [175], Q = \multiplier.ff_to_quire.D_OUT [180], rval = 1'0).
Adding SRST signal on $auto$ff.cc:266:slice$7149 ($_DFFE_PP_) from module mkPositCore (D = $techmap$flatten\multiplier.$shr$/teamspace/studios/this_studio/Melodica-Integration-into-Fife-Core/Learn_Bluespec_and_RISCV_Design/Code/Build/Fife/verilog/mkMultiplier.v:218$1060.$19\buffer[479:0] [176], Q = \multiplier.ff_to_quire.D_OUT [181], rval = 1'0).
Adding SRST signal on $auto$ff.cc:266:slice$7150 ($_DFFE_PP_) from module mkPositCore (D = $techmap$flatten\multiplier.$shr$/teamspace/studios/this_studio/Melodica-Integration-into-Fife-Core/Learn_Bluespec_and_RISCV_Design/Code/Build/Fife/verilog/mkMultiplier.v:218$1060.$19\buffer[479:0] [177], Q = \multiplier.ff_to_quire.D_OUT [182], rval = 1'0).
Adding SRST signal on $auto$ff.cc:266:slice$7151 ($_DFFE_PP_) from module mkPositCore (D = $techmap$flatten\multiplier.$shr$/teamspace/studios/this_studio/Melodica-Integration-into-Fife-Core/Learn_Bluespec_and_RISCV_Design/Code/Build/Fife/verilog/mkMultiplier.v:218$1060.$19\buffer[479:0] [178], Q = \multiplier.ff_to_quire.D_OUT [183], rval = 1'0).
Adding SRST signal on $auto$ff.cc:266:slice$7152 ($_DFFE_PP_) from module mkPositCore (D = $techmap$flatten\multiplier.$shr$/teamspace/studios/this_studio/Melodica-Integration-into-Fife-Core/Learn_Bluespec_and_RISCV_Design/Code/Build/Fife/verilog/mkMultiplier.v:218$1060.$19\buffer[479:0] [179], Q = \multiplier.ff_to_quire.D_OUT [184], rval = 1'0).
Adding SRST signal on $auto$ff.cc:266:slice$7153 ($_DFFE_PP_) from module mkPositCore (D = $techmap$flatten\multiplier.$shr$/teamspace/studios/this_studio/Melodica-Integration-into-Fife-Core/Learn_Bluespec_and_RISCV_Design/Code/Build/Fife/verilog/mkMultiplier.v:218$1060.$19\buffer[479:0] [180], Q = \multiplier.ff_to_quire.D_OUT [185], rval = 1'0).
Adding SRST signal on $auto$ff.cc:266:slice$7154 ($_DFFE_PP_) from module mkPositCore (D = $techmap$flatten\multiplier.$shr$/teamspace/studios/this_studio/Melodica-Integration-into-Fife-Core/Learn_Bluespec_and_RISCV_Design/Code/Build/Fife/verilog/mkMultiplier.v:218$1060.$19\buffer[479:0] [181], Q = \multiplier.ff_to_quire.D_OUT [186], rval = 1'0).
Adding SRST signal on $auto$ff.cc:266:slice$7155 ($_DFFE_PP_) from module mkPositCore (D = $techmap$flatten\multiplier.$shr$/teamspace/studios/this_studio/Melodica-Integration-into-Fife-Core/Learn_Bluespec_and_RISCV_Design/Code/Build/Fife/verilog/mkMultiplier.v:218$1060.$19\buffer[479:0] [182], Q = \multiplier.ff_to_quire.D_OUT [187], rval = 1'0).
Adding SRST signal on $auto$ff.cc:266:slice$7156 ($_DFFE_PP_) from module mkPositCore (D = $techmap$flatten\multiplier.$shr$/teamspace/studios/this_studio/Melodica-Integration-into-Fife-Core/Learn_Bluespec_and_RISCV_Design/Code/Build/Fife/verilog/mkMultiplier.v:218$1060.$19\buffer[479:0] [183], Q = \multiplier.ff_to_quire.D_OUT [188], rval = 1'0).
Adding SRST signal on $auto$ff.cc:266:slice$7157 ($_DFFE_PP_) from module mkPositCore (D = $techmap$flatten\multiplier.$shr$/teamspace/studios/this_studio/Melodica-Integration-into-Fife-Core/Learn_Bluespec_and_RISCV_Design/Code/Build/Fife/verilog/mkMultiplier.v:218$1060.$19\buffer[479:0] [184], Q = \multiplier.ff_to_quire.D_OUT [189], rval = 1'0).
Adding SRST signal on $auto$ff.cc:266:slice$7214 ($_DFFE_PP_) from module mkPositCore (D = $techmap$flatten\multiplier.$shl$/teamspace/studios/this_studio/Melodica-Integration-into-Fife-Core/Learn_Bluespec_and_RISCV_Design/Code/Build/Fife/verilog/mkMultiplier.v:216$1059.$13\buffer[479:0] [241], Q = \multiplier.ff_to_quire.D_OUT [246], rval = 1'0).
Adding SRST signal on $auto$ff.cc:266:slice$7215 ($_DFFE_PP_) from module mkPositCore (D = $techmap$flatten\multiplier.$shl$/teamspace/studios/this_studio/Melodica-Integration-into-Fife-Core/Learn_Bluespec_and_RISCV_Design/Code/Build/Fife/verilog/mkMultiplier.v:216$1059.$13\buffer[479:0] [242], Q = \multiplier.ff_to_quire.D_OUT [247], rval = 1'0).
Adding SRST signal on $auto$ff.cc:266:slice$7216 ($_DFFE_PP_) from module mkPositCore (D = $techmap$flatten\multiplier.$shl$/teamspace/studios/this_studio/Melodica-Integration-into-Fife-Core/Learn_Bluespec_and_RISCV_Design/Code/Build/Fife/verilog/mkMultiplier.v:216$1059.$13\buffer[479:0] [243], Q = \multiplier.ff_to_quire.D_OUT [248], rval = 1'0).
Adding SRST signal on $auto$ff.cc:266:slice$7217 ($_DFFE_PP_) from module mkPositCore (D = $techmap$flatten\multiplier.$shl$/teamspace/studios/this_studio/Melodica-Integration-into-Fife-Core/Learn_Bluespec_and_RISCV_Design/Code/Build/Fife/verilog/mkMultiplier.v:216$1059.$13\buffer[479:0] [244], Q = \multiplier.ff_to_quire.D_OUT [249], rval = 1'0).
Adding SRST signal on $auto$ff.cc:266:slice$7218 ($_DFFE_PP_) from module mkPositCore (D = $techmap$flatten\multiplier.$shl$/teamspace/studios/this_studio/Melodica-Integration-into-Fife-Core/Learn_Bluespec_and_RISCV_Design/Code/Build/Fife/verilog/mkMultiplier.v:216$1059.$13\buffer[479:0] [245], Q = \multiplier.ff_to_quire.D_OUT [250], rval = 1'0).
Adding SRST signal on $auto$ff.cc:266:slice$7219 ($_DFFE_PP_) from module mkPositCore (D = $techmap$flatten\multiplier.$shl$/teamspace/studios/this_studio/Melodica-Integration-into-Fife-Core/Learn_Bluespec_and_RISCV_Design/Code/Build/Fife/verilog/mkMultiplier.v:216$1059.$13\buffer[479:0] [246], Q = \multiplier.ff_to_quire.D_OUT [251], rval = 1'0).
Adding SRST signal on $auto$ff.cc:266:slice$7220 ($_DFFE_PP_) from module mkPositCore (D = $techmap$flatten\multiplier.$shl$/teamspace/studios/this_studio/Melodica-Integration-into-Fife-Core/Learn_Bluespec_and_RISCV_Design/Code/Build/Fife/verilog/mkMultiplier.v:216$1059.$13\buffer[479:0] [247], Q = \multiplier.ff_to_quire.D_OUT [252], rval = 1'0).
Adding SRST signal on $auto$ff.cc:266:slice$7221 ($_DFFE_PP_) from module mkPositCore (D = $techmap$flatten\multiplier.$shl$/teamspace/studios/this_studio/Melodica-Integration-into-Fife-Core/Learn_Bluespec_and_RISCV_Design/Code/Build/Fife/verilog/mkMultiplier.v:216$1059.$13\buffer[479:0] [248], Q = \multiplier.ff_to_quire.D_OUT [253], rval = 1'0).
Adding SRST signal on $auto$ff.cc:266:slice$7222 ($_DFFE_PP_) from module mkPositCore (D = $techmap$flatten\multiplier.$shl$/teamspace/studios/this_studio/Melodica-Integration-into-Fife-Core/Learn_Bluespec_and_RISCV_Design/Code/Build/Fife/verilog/mkMultiplier.v:216$1059.$13\buffer[479:0] [249], Q = \multiplier.ff_to_quire.D_OUT [254], rval = 1'0).
Adding SRST signal on $auto$ff.cc:266:slice$7223 ($_DFFE_PP_) from module mkPositCore (D = $techmap$flatten\multiplier.$shl$/teamspace/studios/this_studio/Melodica-Integration-into-Fife-Core/Learn_Bluespec_and_RISCV_Design/Code/Build/Fife/verilog/mkMultiplier.v:216$1059.$13\buffer[479:0] [250], Q = \multiplier.ff_to_quire.D_OUT [255], rval = 1'0).
Adding SRST signal on $auto$ff.cc:266:slice$7224 ($_DFFE_PP_) from module mkPositCore (D = $techmap$flatten\multiplier.$shl$/teamspace/studios/this_studio/Melodica-Integration-into-Fife-Core/Learn_Bluespec_and_RISCV_Design/Code/Build/Fife/verilog/mkMultiplier.v:216$1059.$13\buffer[479:0] [251], Q = \multiplier.ff_to_quire.D_OUT [256], rval = 1'0).
Adding SRST signal on $auto$ff.cc:266:slice$7225 ($_DFFE_PP_) from module mkPositCore (D = $techmap$flatten\multiplier.$shl$/teamspace/studios/this_studio/Melodica-Integration-into-Fife-Core/Learn_Bluespec_and_RISCV_Design/Code/Build/Fife/verilog/mkMultiplier.v:216$1059.$13\buffer[479:0] [252], Q = \multiplier.ff_to_quire.D_OUT [257], rval = 1'0).
Adding SRST signal on $auto$ff.cc:266:slice$7226 ($_DFFE_PP_) from module mkPositCore (D = $techmap$flatten\multiplier.$shl$/teamspace/studios/this_studio/Melodica-Integration-into-Fife-Core/Learn_Bluespec_and_RISCV_Design/Code/Build/Fife/verilog/mkMultiplier.v:216$1059.$13\buffer[479:0] [253], Q = \multiplier.ff_to_quire.D_OUT [258], rval = 1'0).
Adding SRST signal on $auto$ff.cc:266:slice$7227 ($_DFFE_PP_) from module mkPositCore (D = $techmap$flatten\multiplier.$shl$/teamspace/studios/this_studio/Melodica-Integration-into-Fife-Core/Learn_Bluespec_and_RISCV_Design/Code/Build/Fife/verilog/mkMultiplier.v:216$1059.$13\buffer[479:0] [254], Q = \multiplier.ff_to_quire.D_OUT [259], rval = 1'0).
Adding SRST signal on $auto$ff.cc:266:slice$7228 ($_DFFE_PP_) from module mkPositCore (D = $techmap$flatten\multiplier.$shl$/teamspace/studios/this_studio/Melodica-Integration-into-Fife-Core/Learn_Bluespec_and_RISCV_Design/Code/Build/Fife/verilog/mkMultiplier.v:216$1059.$13\buffer[479:0] [255], Q = \multiplier.ff_to_quire.D_OUT [260], rval = 1'0).
Adding SRST signal on $auto$ff.cc:266:slice$7229 ($_DFFE_PP_) from module mkPositCore (D = $techmap$flatten\multiplier.$shl$/teamspace/studios/this_studio/Melodica-Integration-into-Fife-Core/Learn_Bluespec_and_RISCV_Design/Code/Build/Fife/verilog/mkMultiplier.v:216$1059.$13\buffer[479:0] [256], Q = \multiplier.ff_to_quire.D_OUT [261], rval = 1'0).
Adding SRST signal on $auto$ff.cc:266:slice$7230 ($_DFFE_PP_) from module mkPositCore (D = $techmap$flatten\multiplier.$shl$/teamspace/studios/this_studio/Melodica-Integration-into-Fife-Core/Learn_Bluespec_and_RISCV_Design/Code/Build/Fife/verilog/mkMultiplier.v:216$1059.$13\buffer[479:0] [257], Q = \multiplier.ff_to_quire.D_OUT [262], rval = 1'0).
Adding SRST signal on $auto$ff.cc:266:slice$7231 ($_DFFE_PP_) from module mkPositCore (D = $techmap$flatten\multiplier.$shl$/teamspace/studios/this_studio/Melodica-Integration-into-Fife-Core/Learn_Bluespec_and_RISCV_Design/Code/Build/Fife/verilog/mkMultiplier.v:216$1059.$13\buffer[479:0] [258], Q = \multiplier.ff_to_quire.D_OUT [263], rval = 1'0).
Adding SRST signal on $auto$ff.cc:266:slice$7232 ($_DFFE_PP_) from module mkPositCore (D = $techmap$flatten\multiplier.$shl$/teamspace/studios/this_studio/Melodica-Integration-into-Fife-Core/Learn_Bluespec_and_RISCV_Design/Code/Build/Fife/verilog/mkMultiplier.v:216$1059.$13\buffer[479:0] [259], Q = \multiplier.ff_to_quire.D_OUT [264], rval = 1'0).
Adding SRST signal on $auto$ff.cc:266:slice$7233 ($_DFFE_PP_) from module mkPositCore (D = $techmap$flatten\multiplier.$shl$/teamspace/studios/this_studio/Melodica-Integration-into-Fife-Core/Learn_Bluespec_and_RISCV_Design/Code/Build/Fife/verilog/mkMultiplier.v:216$1059.$13\buffer[479:0] [260], Q = \multiplier.ff_to_quire.D_OUT [265], rval = 1'0).
Adding SRST signal on $auto$ff.cc:266:slice$7234 ($_DFFE_PP_) from module mkPositCore (D = $techmap$flatten\multiplier.$shl$/teamspace/studios/this_studio/Melodica-Integration-into-Fife-Core/Learn_Bluespec_and_RISCV_Design/Code/Build/Fife/verilog/mkMultiplier.v:216$1059.$13\buffer[479:0] [261], Q = \multiplier.ff_to_quire.D_OUT [266], rval = 1'0).
Adding SRST signal on $auto$ff.cc:266:slice$7235 ($_DFFE_PP_) from module mkPositCore (D = $techmap$flatten\multiplier.$shl$/teamspace/studios/this_studio/Melodica-Integration-into-Fife-Core/Learn_Bluespec_and_RISCV_Design/Code/Build/Fife/verilog/mkMultiplier.v:216$1059.$13\buffer[479:0] [262], Q = \multiplier.ff_to_quire.D_OUT [267], rval = 1'0).
Adding SRST signal on $auto$ff.cc:266:slice$7236 ($_DFFE_PP_) from module mkPositCore (D = $techmap$flatten\multiplier.$shl$/teamspace/studios/this_studio/Melodica-Integration-into-Fife-Core/Learn_Bluespec_and_RISCV_Design/Code/Build/Fife/verilog/mkMultiplier.v:216$1059.$13\buffer[479:0] [263], Q = \multiplier.ff_to_quire.D_OUT [268], rval = 1'0).
Adding SRST signal on $auto$ff.cc:266:slice$7237 ($_DFFE_PP_) from module mkPositCore (D = $techmap$flatten\multiplier.$shl$/teamspace/studios/this_studio/Melodica-Integration-into-Fife-Core/Learn_Bluespec_and_RISCV_Design/Code/Build/Fife/verilog/mkMultiplier.v:216$1059.$13\buffer[479:0] [264], Q = \multiplier.ff_to_quire.D_OUT [269], rval = 1'0).
Adding SRST signal on $auto$ff.cc:266:slice$7238 ($_DFFE_PP_) from module mkPositCore (D = $techmap$flatten\multiplier.$shl$/teamspace/studios/this_studio/Melodica-Integration-into-Fife-Core/Learn_Bluespec_and_RISCV_Design/Code/Build/Fife/verilog/mkMultiplier.v:216$1059.$13\buffer[479:0] [265], Q = \multiplier.ff_to_quire.D_OUT [270], rval = 1'0).
Adding SRST signal on $auto$ff.cc:266:slice$7239 ($_DFFE_PP_) from module mkPositCore (D = $techmap$flatten\multiplier.$shl$/teamspace/studios/this_studio/Melodica-Integration-into-Fife-Core/Learn_Bluespec_and_RISCV_Design/Code/Build/Fife/verilog/mkMultiplier.v:216$1059.$13\buffer[479:0] [266], Q = \multiplier.ff_to_quire.D_OUT [271], rval = 1'0).
Adding SRST signal on $auto$ff.cc:266:slice$7240 ($_DFFE_PP_) from module mkPositCore (D = $techmap$flatten\multiplier.$shl$/teamspace/studios/this_studio/Melodica-Integration-into-Fife-Core/Learn_Bluespec_and_RISCV_Design/Code/Build/Fife/verilog/mkMultiplier.v:216$1059.$13\buffer[479:0] [267], Q = \multiplier.ff_to_quire.D_OUT [272], rval = 1'0).
Adding SRST signal on $auto$ff.cc:266:slice$7241 ($_DFFE_PP_) from module mkPositCore (D = $techmap$flatten\multiplier.$shl$/teamspace/studios/this_studio/Melodica-Integration-into-Fife-Core/Learn_Bluespec_and_RISCV_Design/Code/Build/Fife/verilog/mkMultiplier.v:216$1059.$13\buffer[479:0] [268], Q = \multiplier.ff_to_quire.D_OUT [273], rval = 1'0).
Adding SRST signal on $auto$ff.cc:266:slice$7242 ($_DFFE_PP_) from module mkPositCore (D = $techmap$flatten\multiplier.$shl$/teamspace/studios/this_studio/Melodica-Integration-into-Fife-Core/Learn_Bluespec_and_RISCV_Design/Code/Build/Fife/verilog/mkMultiplier.v:216$1059.$13\buffer[479:0] [269], Q = \multiplier.ff_to_quire.D_OUT [274], rval = 1'0).
Adding SRST signal on $auto$ff.cc:266:slice$7243 ($_DFFE_PP_) from module mkPositCore (D = $techmap$flatten\multiplier.$shl$/teamspace/studios/this_studio/Melodica-Integration-into-Fife-Core/Learn_Bluespec_and_RISCV_Design/Code/Build/Fife/verilog/mkMultiplier.v:216$1059.$13\buffer[479:0] [270], Q = \multiplier.ff_to_quire.D_OUT [275], rval = 1'0).
Adding SRST signal on $auto$ff.cc:266:slice$7244 ($_DFFE_PP_) from module mkPositCore (D = $techmap$flatten\multiplier.$shl$/teamspace/studios/this_studio/Melodica-Integration-into-Fife-Core/Learn_Bluespec_and_RISCV_Design/Code/Build/Fife/verilog/mkMultiplier.v:216$1059.$13\buffer[479:0] [271], Q = \multiplier.ff_to_quire.D_OUT [276], rval = 1'0).
Adding SRST signal on $auto$ff.cc:266:slice$7245 ($_DFFE_PP_) from module mkPositCore (D = $techmap$flatten\multiplier.$shl$/teamspace/studios/this_studio/Melodica-Integration-into-Fife-Core/Learn_Bluespec_and_RISCV_Design/Code/Build/Fife/verilog/mkMultiplier.v:216$1059.$13\buffer[479:0] [272], Q = \multiplier.ff_to_quire.D_OUT [277], rval = 1'0).
Adding SRST signal on $auto$ff.cc:266:slice$7246 ($_DFFE_PP_) from module mkPositCore (D = $techmap$flatten\multiplier.$shl$/teamspace/studios/this_studio/Melodica-Integration-into-Fife-Core/Learn_Bluespec_and_RISCV_Design/Code/Build/Fife/verilog/mkMultiplier.v:216$1059.$13\buffer[479:0] [273], Q = \multiplier.ff_to_quire.D_OUT [278], rval = 1'0).
Adding SRST signal on $auto$ff.cc:266:slice$7247 ($_DFFE_PP_) from module mkPositCore (D = $techmap$flatten\multiplier.$shl$/teamspace/studios/this_studio/Melodica-Integration-into-Fife-Core/Learn_Bluespec_and_RISCV_Design/Code/Build/Fife/verilog/mkMultiplier.v:216$1059.$13\buffer[479:0] [274], Q = \multiplier.ff_to_quire.D_OUT [279], rval = 1'0).
Adding SRST signal on $auto$ff.cc:266:slice$7248 ($_DFFE_PP_) from module mkPositCore (D = $techmap$flatten\multiplier.$shl$/teamspace/studios/this_studio/Melodica-Integration-into-Fife-Core/Learn_Bluespec_and_RISCV_Design/Code/Build/Fife/verilog/mkMultiplier.v:216$1059.$13\buffer[479:0] [275], Q = \multiplier.ff_to_quire.D_OUT [280], rval = 1'0).
Adding SRST signal on $auto$ff.cc:266:slice$7249 ($_DFFE_PP_) from module mkPositCore (D = $techmap$flatten\multiplier.$shl$/teamspace/studios/this_studio/Melodica-Integration-into-Fife-Core/Learn_Bluespec_and_RISCV_Design/Code/Build/Fife/verilog/mkMultiplier.v:216$1059.$13\buffer[479:0] [276], Q = \multiplier.ff_to_quire.D_OUT [281], rval = 1'0).
Adding SRST signal on $auto$ff.cc:266:slice$7250 ($_DFFE_PP_) from module mkPositCore (D = $techmap$flatten\multiplier.$shl$/teamspace/studios/this_studio/Melodica-Integration-into-Fife-Core/Learn_Bluespec_and_RISCV_Design/Code/Build/Fife/verilog/mkMultiplier.v:216$1059.$13\buffer[479:0] [277], Q = \multiplier.ff_to_quire.D_OUT [282], rval = 1'0).
Adding SRST signal on $auto$ff.cc:266:slice$7251 ($_DFFE_PP_) from module mkPositCore (D = $techmap$flatten\multiplier.$shl$/teamspace/studios/this_studio/Melodica-Integration-into-Fife-Core/Learn_Bluespec_and_RISCV_Design/Code/Build/Fife/verilog/mkMultiplier.v:216$1059.$13\buffer[479:0] [278], Q = \multiplier.ff_to_quire.D_OUT [283], rval = 1'0).
Adding SRST signal on $auto$ff.cc:266:slice$7252 ($_DFFE_PP_) from module mkPositCore (D = $techmap$flatten\multiplier.$shl$/teamspace/studios/this_studio/Melodica-Integration-into-Fife-Core/Learn_Bluespec_and_RISCV_Design/Code/Build/Fife/verilog/mkMultiplier.v:216$1059.$13\buffer[479:0] [279], Q = \multiplier.ff_to_quire.D_OUT [284], rval = 1'0).
Adding SRST signal on $auto$ff.cc:266:slice$7253 ($_DFFE_PP_) from module mkPositCore (D = $techmap$flatten\multiplier.$shl$/teamspace/studios/this_studio/Melodica-Integration-into-Fife-Core/Learn_Bluespec_and_RISCV_Design/Code/Build/Fife/verilog/mkMultiplier.v:216$1059.$13\buffer[479:0] [280], Q = \multiplier.ff_to_quire.D_OUT [285], rval = 1'0).
Adding SRST signal on $auto$ff.cc:266:slice$7254 ($_DFFE_PP_) from module mkPositCore (D = $techmap$flatten\multiplier.$shl$/teamspace/studios/this_studio/Melodica-Integration-into-Fife-Core/Learn_Bluespec_and_RISCV_Design/Code/Build/Fife/verilog/mkMultiplier.v:216$1059.$13\buffer[479:0] [281], Q = \multiplier.ff_to_quire.D_OUT [286], rval = 1'0).
Adding SRST signal on $auto$ff.cc:266:slice$7255 ($_DFFE_PP_) from module mkPositCore (D = $techmap$flatten\multiplier.$shl$/teamspace/studios/this_studio/Melodica-Integration-into-Fife-Core/Learn_Bluespec_and_RISCV_Design/Code/Build/Fife/verilog/mkMultiplier.v:216$1059.$13\buffer[479:0] [282], Q = \multiplier.ff_to_quire.D_OUT [287], rval = 1'0).
Adding SRST signal on $auto$ff.cc:266:slice$7256 ($_DFFE_PP_) from module mkPositCore (D = $techmap$flatten\multiplier.$shl$/teamspace/studios/this_studio/Melodica-Integration-into-Fife-Core/Learn_Bluespec_and_RISCV_Design/Code/Build/Fife/verilog/mkMultiplier.v:216$1059.$13\buffer[479:0] [283], Q = \multiplier.ff_to_quire.D_OUT [288], rval = 1'0).
Adding SRST signal on $auto$ff.cc:266:slice$7257 ($_DFFE_PP_) from module mkPositCore (D = $techmap$flatten\multiplier.$shl$/teamspace/studios/this_studio/Melodica-Integration-into-Fife-Core/Learn_Bluespec_and_RISCV_Design/Code/Build/Fife/verilog/mkMultiplier.v:216$1059.$13\buffer[479:0] [284], Q = \multiplier.ff_to_quire.D_OUT [289], rval = 1'0).
Adding SRST signal on $auto$ff.cc:266:slice$7258 ($_DFFE_PP_) from module mkPositCore (D = $techmap$flatten\multiplier.$shl$/teamspace/studios/this_studio/Melodica-Integration-into-Fife-Core/Learn_Bluespec_and_RISCV_Design/Code/Build/Fife/verilog/mkMultiplier.v:216$1059.$13\buffer[479:0] [285], Q = \multiplier.ff_to_quire.D_OUT [290], rval = 1'0).
Adding SRST signal on $auto$ff.cc:266:slice$7259 ($_DFFE_PP_) from module mkPositCore (D = $techmap$flatten\multiplier.$shl$/teamspace/studios/this_studio/Melodica-Integration-into-Fife-Core/Learn_Bluespec_and_RISCV_Design/Code/Build/Fife/verilog/mkMultiplier.v:216$1059.$13\buffer[479:0] [286], Q = \multiplier.ff_to_quire.D_OUT [291], rval = 1'0).
Adding SRST signal on $auto$ff.cc:266:slice$7260 ($_DFFE_PP_) from module mkPositCore (D = $techmap$flatten\multiplier.$shl$/teamspace/studios/this_studio/Melodica-Integration-into-Fife-Core/Learn_Bluespec_and_RISCV_Design/Code/Build/Fife/verilog/mkMultiplier.v:216$1059.$13\buffer[479:0] [287], Q = \multiplier.ff_to_quire.D_OUT [292], rval = 1'0).
Adding SRST signal on $auto$ff.cc:266:slice$7261 ($_DFFE_PP_) from module mkPositCore (D = $techmap$flatten\multiplier.$shl$/teamspace/studios/this_studio/Melodica-Integration-into-Fife-Core/Learn_Bluespec_and_RISCV_Design/Code/Build/Fife/verilog/mkMultiplier.v:216$1059.$13\buffer[479:0] [288], Q = \multiplier.ff_to_quire.D_OUT [293], rval = 1'0).
Adding SRST signal on $auto$ff.cc:266:slice$7262 ($_DFFE_PP_) from module mkPositCore (D = $techmap$flatten\multiplier.$shl$/teamspace/studios/this_studio/Melodica-Integration-into-Fife-Core/Learn_Bluespec_and_RISCV_Design/Code/Build/Fife/verilog/mkMultiplier.v:216$1059.$13\buffer[479:0] [289], Q = \multiplier.ff_to_quire.D_OUT [294], rval = 1'0).
Adding SRST signal on $auto$ff.cc:266:slice$7263 ($_DFFE_PP_) from module mkPositCore (D = $techmap$flatten\multiplier.$shl$/teamspace/studios/this_studio/Melodica-Integration-into-Fife-Core/Learn_Bluespec_and_RISCV_Design/Code/Build/Fife/verilog/mkMultiplier.v:216$1059.$13\buffer[479:0] [290], Q = \multiplier.ff_to_quire.D_OUT [295], rval = 1'0).
Adding SRST signal on $auto$ff.cc:266:slice$7264 ($_DFFE_PP_) from module mkPositCore (D = $techmap$flatten\multiplier.$shl$/teamspace/studios/this_studio/Melodica-Integration-into-Fife-Core/Learn_Bluespec_and_RISCV_Design/Code/Build/Fife/verilog/mkMultiplier.v:216$1059.$13\buffer[479:0] [291], Q = \multiplier.ff_to_quire.D_OUT [296], rval = 1'0).
Adding SRST signal on $auto$ff.cc:266:slice$7265 ($_DFFE_PP_) from module mkPositCore (D = $techmap$flatten\multiplier.$shl$/teamspace/studios/this_studio/Melodica-Integration-into-Fife-Core/Learn_Bluespec_and_RISCV_Design/Code/Build/Fife/verilog/mkMultiplier.v:216$1059.$13\buffer[479:0] [292], Q = \multiplier.ff_to_quire.D_OUT [297], rval = 1'0).
Adding SRST signal on $auto$ff.cc:266:slice$7266 ($_DFFE_PP_) from module mkPositCore (D = $techmap$flatten\multiplier.$shl$/teamspace/studios/this_studio/Melodica-Integration-into-Fife-Core/Learn_Bluespec_and_RISCV_Design/Code/Build/Fife/verilog/mkMultiplier.v:216$1059.$13\buffer[479:0] [293], Q = \multiplier.ff_to_quire.D_OUT [298], rval = 1'0).
Adding SRST signal on $auto$ff.cc:266:slice$7267 ($_DFFE_PP_) from module mkPositCore (D = $techmap$flatten\multiplier.$shl$/teamspace/studios/this_studio/Melodica-Integration-into-Fife-Core/Learn_Bluespec_and_RISCV_Design/Code/Build/Fife/verilog/mkMultiplier.v:216$1059.$13\buffer[479:0] [294], Q = \multiplier.ff_to_quire.D_OUT [299], rval = 1'0).
Adding SRST signal on $auto$ff.cc:266:slice$7268 ($_DFFE_PP_) from module mkPositCore (D = $techmap$flatten\multiplier.$shl$/teamspace/studios/this_studio/Melodica-Integration-into-Fife-Core/Learn_Bluespec_and_RISCV_Design/Code/Build/Fife/verilog/mkMultiplier.v:216$1059.$13\buffer[479:0] [295], Q = \multiplier.ff_to_quire.D_OUT [300], rval = 1'0).
Adding SRST signal on $auto$ff.cc:266:slice$7269 ($_DFFE_PP_) from module mkPositCore (D = $techmap$flatten\multiplier.$shl$/teamspace/studios/this_studio/Melodica-Integration-into-Fife-Core/Learn_Bluespec_and_RISCV_Design/Code/Build/Fife/verilog/mkMultiplier.v:216$1059.$13\buffer[479:0] [296], Q = \multiplier.ff_to_quire.D_OUT [301], rval = 1'0).
Adding SRST signal on $auto$ff.cc:266:slice$7270 ($_DFFE_PP_) from module mkPositCore (D = $techmap$flatten\multiplier.$shl$/teamspace/studios/this_studio/Melodica-Integration-into-Fife-Core/Learn_Bluespec_and_RISCV_Design/Code/Build/Fife/verilog/mkMultiplier.v:216$1059.$13\buffer[479:0] [297], Q = \multiplier.ff_to_quire.D_OUT [302], rval = 1'0).
Adding SRST signal on $auto$ff.cc:266:slice$7271 ($_DFFE_PP_) from module mkPositCore (D = $techmap$flatten\multiplier.$shl$/teamspace/studios/this_studio/Melodica-Integration-into-Fife-Core/Learn_Bluespec_and_RISCV_Design/Code/Build/Fife/verilog/mkMultiplier.v:216$1059.$13\buffer[479:0] [298], Q = \multiplier.ff_to_quire.D_OUT [303], rval = 1'0).
Adding SRST signal on $auto$ff.cc:266:slice$7272 ($_DFFE_PP_) from module mkPositCore (D = $techmap$flatten\multiplier.$shl$/teamspace/studios/this_studio/Melodica-Integration-into-Fife-Core/Learn_Bluespec_and_RISCV_Design/Code/Build/Fife/verilog/mkMultiplier.v:216$1059.$13\buffer[479:0] [299], Q = \multiplier.ff_to_quire.D_OUT [304], rval = 1'0).
Adding SRST signal on $auto$ff.cc:266:slice$7273 ($_DFFE_PP_) from module mkPositCore (D = $techmap$flatten\multiplier.$shl$/teamspace/studios/this_studio/Melodica-Integration-into-Fife-Core/Learn_Bluespec_and_RISCV_Design/Code/Build/Fife/verilog/mkMultiplier.v:216$1059.$13\buffer[479:0] [300], Q = \multiplier.ff_to_quire.D_OUT [305], rval = 1'0).
Adding SRST signal on $auto$ff.cc:266:slice$7274 ($_DFFE_PP_) from module mkPositCore (D = $techmap$flatten\multiplier.$shl$/teamspace/studios/this_studio/Melodica-Integration-into-Fife-Core/Learn_Bluespec_and_RISCV_Design/Code/Build/Fife/verilog/mkMultiplier.v:216$1059.$13\buffer[479:0] [301], Q = \multiplier.ff_to_quire.D_OUT [306], rval = 1'0).
Adding SRST signal on $auto$ff.cc:266:slice$7275 ($_DFFE_PP_) from module mkPositCore (D = $techmap$flatten\multiplier.$shl$/teamspace/studios/this_studio/Melodica-Integration-into-Fife-Core/Learn_Bluespec_and_RISCV_Design/Code/Build/Fife/verilog/mkMultiplier.v:216$1059.$13\buffer[479:0] [302], Q = \multiplier.ff_to_quire.D_OUT [307], rval = 1'0).
Adding SRST signal on $auto$ff.cc:266:slice$7276 ($_DFFE_PP_) from module mkPositCore (D = $techmap$flatten\multiplier.$shl$/teamspace/studios/this_studio/Melodica-Integration-into-Fife-Core/Learn_Bluespec_and_RISCV_Design/Code/Build/Fife/verilog/mkMultiplier.v:216$1059.$13\buffer[479:0] [303], Q = \multiplier.ff_to_quire.D_OUT [308], rval = 1'0).
Adding SRST signal on $auto$ff.cc:266:slice$7277 ($_DFFE_PP_) from module mkPositCore (D = $techmap$flatten\multiplier.$shl$/teamspace/studios/this_studio/Melodica-Integration-into-Fife-Core/Learn_Bluespec_and_RISCV_Design/Code/Build/Fife/verilog/mkMultiplier.v:216$1059.$13\buffer[479:0] [304], Q = \multiplier.ff_to_quire.D_OUT [309], rval = 1'0).
Adding SRST signal on $auto$ff.cc:266:slice$7278 ($_DFFE_PP_) from module mkPositCore (D = $techmap$flatten\multiplier.$shl$/teamspace/studios/this_studio/Melodica-Integration-into-Fife-Core/Learn_Bluespec_and_RISCV_Design/Code/Build/Fife/verilog/mkMultiplier.v:216$1059.$13\buffer[479:0] [305], Q = \multiplier.ff_to_quire.D_OUT [310], rval = 1'0).
Adding SRST signal on $auto$ff.cc:266:slice$7279 ($_DFFE_PP_) from module mkPositCore (D = $techmap$flatten\multiplier.$shl$/teamspace/studios/this_studio/Melodica-Integration-into-Fife-Core/Learn_Bluespec_and_RISCV_Design/Code/Build/Fife/verilog/mkMultiplier.v:216$1059.$13\buffer[479:0] [306], Q = \multiplier.ff_to_quire.D_OUT [311], rval = 1'0).
Adding SRST signal on $auto$ff.cc:266:slice$7280 ($_DFFE_PP_) from module mkPositCore (D = $techmap$flatten\multiplier.$shl$/teamspace/studios/this_studio/Melodica-Integration-into-Fife-Core/Learn_Bluespec_and_RISCV_Design/Code/Build/Fife/verilog/mkMultiplier.v:216$1059.$13\buffer[479:0] [307], Q = \multiplier.ff_to_quire.D_OUT [312], rval = 1'0).
Adding SRST signal on $auto$ff.cc:266:slice$7281 ($_DFFE_PP_) from module mkPositCore (D = $techmap$flatten\multiplier.$shl$/teamspace/studios/this_studio/Melodica-Integration-into-Fife-Core/Learn_Bluespec_and_RISCV_Design/Code/Build/Fife/verilog/mkMultiplier.v:216$1059.$13\buffer[479:0] [308], Q = \multiplier.ff_to_quire.D_OUT [313], rval = 1'0).
Adding SRST signal on $auto$ff.cc:266:slice$7282 ($_DFFE_PP_) from module mkPositCore (D = $techmap$flatten\multiplier.$shl$/teamspace/studios/this_studio/Melodica-Integration-into-Fife-Core/Learn_Bluespec_and_RISCV_Design/Code/Build/Fife/verilog/mkMultiplier.v:216$1059.$13\buffer[479:0] [309], Q = \multiplier.ff_to_quire.D_OUT [314], rval = 1'0).
Adding SRST signal on $auto$ff.cc:266:slice$7283 ($_DFFE_PP_) from module mkPositCore (D = $techmap$flatten\multiplier.$shl$/teamspace/studios/this_studio/Melodica-Integration-into-Fife-Core/Learn_Bluespec_and_RISCV_Design/Code/Build/Fife/verilog/mkMultiplier.v:216$1059.$13\buffer[479:0] [310], Q = \multiplier.ff_to_quire.D_OUT [315], rval = 1'0).
Adding SRST signal on $auto$ff.cc:266:slice$7284 ($_DFFE_PP_) from module mkPositCore (D = $techmap$flatten\multiplier.$shl$/teamspace/studios/this_studio/Melodica-Integration-into-Fife-Core/Learn_Bluespec_and_RISCV_Design/Code/Build/Fife/verilog/mkMultiplier.v:216$1059.$13\buffer[479:0] [311], Q = \multiplier.ff_to_quire.D_OUT [316], rval = 1'0).
Adding SRST signal on $auto$ff.cc:266:slice$7285 ($_DFFE_PP_) from module mkPositCore (D = $techmap$flatten\multiplier.$shl$/teamspace/studios/this_studio/Melodica-Integration-into-Fife-Core/Learn_Bluespec_and_RISCV_Design/Code/Build/Fife/verilog/mkMultiplier.v:216$1059.$13\buffer[479:0] [312], Q = \multiplier.ff_to_quire.D_OUT [317], rval = 1'0).
Adding SRST signal on $auto$ff.cc:266:slice$7286 ($_DFFE_PP_) from module mkPositCore (D = $techmap$flatten\multiplier.$shl$/teamspace/studios/this_studio/Melodica-Integration-into-Fife-Core/Learn_Bluespec_and_RISCV_Design/Code/Build/Fife/verilog/mkMultiplier.v:216$1059.$15\buffer[479:0] [313], Q = \multiplier.ff_to_quire.D_OUT [318], rval = 1'0).
Adding SRST signal on $auto$ff.cc:266:slice$7287 ($_DFFE_PP_) from module mkPositCore (D = $techmap$flatten\multiplier.$shl$/teamspace/studios/this_studio/Melodica-Integration-into-Fife-Core/Learn_Bluespec_and_RISCV_Design/Code/Build/Fife/verilog/mkMultiplier.v:216$1059.$15\buffer[479:0] [314], Q = \multiplier.ff_to_quire.D_OUT [319], rval = 1'0).
Adding SRST signal on $auto$ff.cc:266:slice$7288 ($_DFFE_PP_) from module mkPositCore (D = $techmap$flatten\multiplier.$shl$/teamspace/studios/this_studio/Melodica-Integration-into-Fife-Core/Learn_Bluespec_and_RISCV_Design/Code/Build/Fife/verilog/mkMultiplier.v:216$1059.$15\buffer[479:0] [315], Q = \multiplier.ff_to_quire.D_OUT [320], rval = 1'0).
Adding SRST signal on $auto$ff.cc:266:slice$7289 ($_DFFE_PP_) from module mkPositCore (D = $techmap$flatten\multiplier.$shl$/teamspace/studios/this_studio/Melodica-Integration-into-Fife-Core/Learn_Bluespec_and_RISCV_Design/Code/Build/Fife/verilog/mkMultiplier.v:216$1059.$15\buffer[479:0] [316], Q = \multiplier.ff_to_quire.D_OUT [321], rval = 1'0).
Adding SRST signal on $auto$ff.cc:266:slice$7290 ($_DFFE_PP_) from module mkPositCore (D = $techmap$flatten\multiplier.$shl$/teamspace/studios/this_studio/Melodica-Integration-into-Fife-Core/Learn_Bluespec_and_RISCV_Design/Code/Build/Fife/verilog/mkMultiplier.v:216$1059.$15\buffer[479:0] [317], Q = \multiplier.ff_to_quire.D_OUT [322], rval = 1'0).
Adding SRST signal on $auto$ff.cc:266:slice$7291 ($_DFFE_PP_) from module mkPositCore (D = $techmap$flatten\multiplier.$shl$/teamspace/studios/this_studio/Melodica-Integration-into-Fife-Core/Learn_Bluespec_and_RISCV_Design/Code/Build/Fife/verilog/mkMultiplier.v:216$1059.$15\buffer[479:0] [318], Q = \multiplier.ff_to_quire.D_OUT [323], rval = 1'0).
Adding SRST signal on $auto$ff.cc:266:slice$7292 ($_DFFE_PP_) from module mkPositCore (D = $techmap$flatten\multiplier.$shl$/teamspace/studios/this_studio/Melodica-Integration-into-Fife-Core/Learn_Bluespec_and_RISCV_Design/Code/Build/Fife/verilog/mkMultiplier.v:216$1059.$15\buffer[479:0] [319], Q = \multiplier.ff_to_quire.D_OUT [324], rval = 1'0).
Adding SRST signal on $auto$ff.cc:266:slice$7293 ($_DFFE_PP_) from module mkPositCore (D = $techmap$flatten\multiplier.$shl$/teamspace/studios/this_studio/Melodica-Integration-into-Fife-Core/Learn_Bluespec_and_RISCV_Design/Code/Build/Fife/verilog/mkMultiplier.v:216$1059.$15\buffer[479:0] [320], Q = \multiplier.ff_to_quire.D_OUT [325], rval = 1'0).
Adding SRST signal on $auto$ff.cc:266:slice$7294 ($_DFFE_PP_) from module mkPositCore (D = $techmap$flatten\multiplier.$shl$/teamspace/studios/this_studio/Melodica-Integration-into-Fife-Core/Learn_Bluespec_and_RISCV_Design/Code/Build/Fife/verilog/mkMultiplier.v:216$1059.$15\buffer[479:0] [321], Q = \multiplier.ff_to_quire.D_OUT [326], rval = 1'0).
Adding SRST signal on $auto$ff.cc:266:slice$7295 ($_DFFE_PP_) from module mkPositCore (D = $techmap$flatten\multiplier.$shl$/teamspace/studios/this_studio/Melodica-Integration-into-Fife-Core/Learn_Bluespec_and_RISCV_Design/Code/Build/Fife/verilog/mkMultiplier.v:216$1059.$15\buffer[479:0] [322], Q = \multiplier.ff_to_quire.D_OUT [327], rval = 1'0).
Adding SRST signal on $auto$ff.cc:266:slice$7296 ($_DFFE_PP_) from module mkPositCore (D = $techmap$flatten\multiplier.$shl$/teamspace/studios/this_studio/Melodica-Integration-into-Fife-Core/Learn_Bluespec_and_RISCV_Design/Code/Build/Fife/verilog/mkMultiplier.v:216$1059.$15\buffer[479:0] [323], Q = \multiplier.ff_to_quire.D_OUT [328], rval = 1'0).
Adding SRST signal on $auto$ff.cc:266:slice$7297 ($_DFFE_PP_) from module mkPositCore (D = $techmap$flatten\multiplier.$shl$/teamspace/studios/this_studio/Melodica-Integration-into-Fife-Core/Learn_Bluespec_and_RISCV_Design/Code/Build/Fife/verilog/mkMultiplier.v:216$1059.$15\buffer[479:0] [324], Q = \multiplier.ff_to_quire.D_OUT [329], rval = 1'0).
Adding SRST signal on $auto$ff.cc:266:slice$7298 ($_DFFE_PP_) from module mkPositCore (D = $techmap$flatten\multiplier.$shl$/teamspace/studios/this_studio/Melodica-Integration-into-Fife-Core/Learn_Bluespec_and_RISCV_Design/Code/Build/Fife/verilog/mkMultiplier.v:216$1059.$15\buffer[479:0] [325], Q = \multiplier.ff_to_quire.D_OUT [330], rval = 1'0).
Adding SRST signal on $auto$ff.cc:266:slice$7299 ($_DFFE_PP_) from module mkPositCore (D = $techmap$flatten\multiplier.$shl$/teamspace/studios/this_studio/Melodica-Integration-into-Fife-Core/Learn_Bluespec_and_RISCV_Design/Code/Build/Fife/verilog/mkMultiplier.v:216$1059.$15\buffer[479:0] [326], Q = \multiplier.ff_to_quire.D_OUT [331], rval = 1'0).
Adding SRST signal on $auto$ff.cc:266:slice$7300 ($_DFFE_PP_) from module mkPositCore (D = $techmap$flatten\multiplier.$shl$/teamspace/studios/this_studio/Melodica-Integration-into-Fife-Core/Learn_Bluespec_and_RISCV_Design/Code/Build/Fife/verilog/mkMultiplier.v:216$1059.$15\buffer[479:0] [327], Q = \multiplier.ff_to_quire.D_OUT [332], rval = 1'0).
Adding SRST signal on $auto$ff.cc:266:slice$7301 ($_DFFE_PP_) from module mkPositCore (D = $techmap$flatten\multiplier.$shl$/teamspace/studios/this_studio/Melodica-Integration-into-Fife-Core/Learn_Bluespec_and_RISCV_Design/Code/Build/Fife/verilog/mkMultiplier.v:216$1059.$15\buffer[479:0] [328], Q = \multiplier.ff_to_quire.D_OUT [333], rval = 1'0).
Adding SRST signal on $auto$ff.cc:266:slice$7302 ($_DFFE_PP_) from module mkPositCore (D = $techmap$flatten\multiplier.$shl$/teamspace/studios/this_studio/Melodica-Integration-into-Fife-Core/Learn_Bluespec_and_RISCV_Design/Code/Build/Fife/verilog/mkMultiplier.v:216$1059.$15\buffer[479:0] [329], Q = \multiplier.ff_to_quire.D_OUT [334], rval = 1'0).
Adding SRST signal on $auto$ff.cc:266:slice$7303 ($_DFFE_PP_) from module mkPositCore (D = $techmap$flatten\multiplier.$shl$/teamspace/studios/this_studio/Melodica-Integration-into-Fife-Core/Learn_Bluespec_and_RISCV_Design/Code/Build/Fife/verilog/mkMultiplier.v:216$1059.$15\buffer[479:0] [330], Q = \multiplier.ff_to_quire.D_OUT [335], rval = 1'0).
Adding SRST signal on $auto$ff.cc:266:slice$7304 ($_DFFE_PP_) from module mkPositCore (D = $techmap$flatten\multiplier.$shl$/teamspace/studios/this_studio/Melodica-Integration-into-Fife-Core/Learn_Bluespec_and_RISCV_Design/Code/Build/Fife/verilog/mkMultiplier.v:216$1059.$15\buffer[479:0] [331], Q = \multiplier.ff_to_quire.D_OUT [336], rval = 1'0).
Adding SRST signal on $auto$ff.cc:266:slice$7305 ($_DFFE_PP_) from module mkPositCore (D = $techmap$flatten\multiplier.$shl$/teamspace/studios/this_studio/Melodica-Integration-into-Fife-Core/Learn_Bluespec_and_RISCV_Design/Code/Build/Fife/verilog/mkMultiplier.v:216$1059.$15\buffer[479:0] [332], Q = \multiplier.ff_to_quire.D_OUT [337], rval = 1'0).
Adding SRST signal on $auto$ff.cc:266:slice$7306 ($_DFFE_PP_) from module mkPositCore (D = $techmap$flatten\multiplier.$shl$/teamspace/studios/this_studio/Melodica-Integration-into-Fife-Core/Learn_Bluespec_and_RISCV_Design/Code/Build/Fife/verilog/mkMultiplier.v:216$1059.$15\buffer[479:0] [333], Q = \multiplier.ff_to_quire.D_OUT [338], rval = 1'0).
Adding SRST signal on $auto$ff.cc:266:slice$7307 ($_DFFE_PP_) from module mkPositCore (D = $techmap$flatten\multiplier.$shl$/teamspace/studios/this_studio/Melodica-Integration-into-Fife-Core/Learn_Bluespec_and_RISCV_Design/Code/Build/Fife/verilog/mkMultiplier.v:216$1059.$15\buffer[479:0] [334], Q = \multiplier.ff_to_quire.D_OUT [339], rval = 1'0).
Adding SRST signal on $auto$ff.cc:266:slice$7308 ($_DFFE_PP_) from module mkPositCore (D = $techmap$flatten\multiplier.$shl$/teamspace/studios/this_studio/Melodica-Integration-into-Fife-Core/Learn_Bluespec_and_RISCV_Design/Code/Build/Fife/verilog/mkMultiplier.v:216$1059.$15\buffer[479:0] [335], Q = \multiplier.ff_to_quire.D_OUT [340], rval = 1'0).
Adding SRST signal on $auto$ff.cc:266:slice$7309 ($_DFFE_PP_) from module mkPositCore (D = $techmap$flatten\multiplier.$shl$/teamspace/studios/this_studio/Melodica-Integration-into-Fife-Core/Learn_Bluespec_and_RISCV_Design/Code/Build/Fife/verilog/mkMultiplier.v:216$1059.$15\buffer[479:0] [336], Q = \multiplier.ff_to_quire.D_OUT [341], rval = 1'0).
Adding SRST signal on $auto$ff.cc:266:slice$7310 ($_DFFE_PP_) from module mkPositCore (D = $techmap$flatten\multiplier.$shl$/teamspace/studios/this_studio/Melodica-Integration-into-Fife-Core/Learn_Bluespec_and_RISCV_Design/Code/Build/Fife/verilog/mkMultiplier.v:216$1059.$15\buffer[479:0] [337], Q = \multiplier.ff_to_quire.D_OUT [342], rval = 1'0).
Adding SRST signal on $auto$ff.cc:266:slice$7311 ($_DFFE_PP_) from module mkPositCore (D = $techmap$flatten\multiplier.$shl$/teamspace/studios/this_studio/Melodica-Integration-into-Fife-Core/Learn_Bluespec_and_RISCV_Design/Code/Build/Fife/verilog/mkMultiplier.v:216$1059.$15\buffer[479:0] [338], Q = \multiplier.ff_to_quire.D_OUT [343], rval = 1'0).
Adding SRST signal on $auto$ff.cc:266:slice$7312 ($_DFFE_PP_) from module mkPositCore (D = $techmap$flatten\multiplier.$shl$/teamspace/studios/this_studio/Melodica-Integration-into-Fife-Core/Learn_Bluespec_and_RISCV_Design/Code/Build/Fife/verilog/mkMultiplier.v:216$1059.$15\buffer[479:0] [339], Q = \multiplier.ff_to_quire.D_OUT [344], rval = 1'0).
Adding SRST signal on $auto$ff.cc:266:slice$7313 ($_DFFE_PP_) from module mkPositCore (D = $techmap$flatten\multiplier.$shl$/teamspace/studios/this_studio/Melodica-Integration-into-Fife-Core/Learn_Bluespec_and_RISCV_Design/Code/Build/Fife/verilog/mkMultiplier.v:216$1059.$15\buffer[479:0] [340], Q = \multiplier.ff_to_quire.D_OUT [345], rval = 1'0).
Adding SRST signal on $auto$ff.cc:266:slice$7314 ($_DFFE_PP_) from module mkPositCore (D = $techmap$flatten\multiplier.$shl$/teamspace/studios/this_studio/Melodica-Integration-into-Fife-Core/Learn_Bluespec_and_RISCV_Design/Code/Build/Fife/verilog/mkMultiplier.v:216$1059.$15\buffer[479:0] [341], Q = \multiplier.ff_to_quire.D_OUT [346], rval = 1'0).
Adding SRST signal on $auto$ff.cc:266:slice$7315 ($_DFFE_PP_) from module mkPositCore (D = $techmap$flatten\multiplier.$shl$/teamspace/studios/this_studio/Melodica-Integration-into-Fife-Core/Learn_Bluespec_and_RISCV_Design/Code/Build/Fife/verilog/mkMultiplier.v:216$1059.$15\buffer[479:0] [342], Q = \multiplier.ff_to_quire.D_OUT [347], rval = 1'0).
Adding SRST signal on $auto$ff.cc:266:slice$7316 ($_DFFE_PP_) from module mkPositCore (D = $techmap$flatten\multiplier.$shl$/teamspace/studios/this_studio/Melodica-Integration-into-Fife-Core/Learn_Bluespec_and_RISCV_Design/Code/Build/Fife/verilog/mkMultiplier.v:216$1059.$15\buffer[479:0] [343], Q = \multiplier.ff_to_quire.D_OUT [348], rval = 1'0).
Adding SRST signal on $auto$ff.cc:266:slice$7317 ($_DFFE_PP_) from module mkPositCore (D = $techmap$flatten\multiplier.$shl$/teamspace/studios/this_studio/Melodica-Integration-into-Fife-Core/Learn_Bluespec_and_RISCV_Design/Code/Build/Fife/verilog/mkMultiplier.v:216$1059.$15\buffer[479:0] [344], Q = \multiplier.ff_to_quire.D_OUT [349], rval = 1'0).
Adding SRST signal on $auto$ff.cc:266:slice$7318 ($_DFFE_PP_) from module mkPositCore (D = $techmap$flatten\multiplier.$shl$/teamspace/studios/this_studio/Melodica-Integration-into-Fife-Core/Learn_Bluespec_and_RISCV_Design/Code/Build/Fife/verilog/mkMultiplier.v:216$1059.$15\buffer[479:0] [345], Q = \multiplier.ff_to_quire.D_OUT [350], rval = 1'0).
Adding SRST signal on $auto$ff.cc:266:slice$7319 ($_DFFE_PP_) from module mkPositCore (D = $techmap$flatten\multiplier.$shl$/teamspace/studios/this_studio/Melodica-Integration-into-Fife-Core/Learn_Bluespec_and_RISCV_Design/Code/Build/Fife/verilog/mkMultiplier.v:216$1059.$15\buffer[479:0] [346], Q = \multiplier.ff_to_quire.D_OUT [351], rval = 1'0).
Adding SRST signal on $auto$ff.cc:266:slice$7320 ($_DFFE_PP_) from module mkPositCore (D = $techmap$flatten\multiplier.$shl$/teamspace/studios/this_studio/Melodica-Integration-into-Fife-Core/Learn_Bluespec_and_RISCV_Design/Code/Build/Fife/verilog/mkMultiplier.v:216$1059.$15\buffer[479:0] [347], Q = \multiplier.ff_to_quire.D_OUT [352], rval = 1'0).
Adding SRST signal on $auto$ff.cc:266:slice$7321 ($_DFFE_PP_) from module mkPositCore (D = $techmap$flatten\multiplier.$shl$/teamspace/studios/this_studio/Melodica-Integration-into-Fife-Core/Learn_Bluespec_and_RISCV_Design/Code/Build/Fife/verilog/mkMultiplier.v:216$1059.$15\buffer[479:0] [348], Q = \multiplier.ff_to_quire.D_OUT [353], rval = 1'0).
Adding SRST signal on $auto$ff.cc:266:slice$7322 ($_DFFE_PP_) from module mkPositCore (D = $techmap$flatten\multiplier.$shl$/teamspace/studios/this_studio/Melodica-Integration-into-Fife-Core/Learn_Bluespec_and_RISCV_Design/Code/Build/Fife/verilog/mkMultiplier.v:216$1059.$15\buffer[479:0] [349], Q = \multiplier.ff_to_quire.D_OUT [354], rval = 1'0).
Adding SRST signal on $auto$ff.cc:266:slice$7323 ($_DFFE_PP_) from module mkPositCore (D = $techmap$flatten\multiplier.$shl$/teamspace/studios/this_studio/Melodica-Integration-into-Fife-Core/Learn_Bluespec_and_RISCV_Design/Code/Build/Fife/verilog/mkMultiplier.v:216$1059.$15\buffer[479:0] [350], Q = \multiplier.ff_to_quire.D_OUT [355], rval = 1'0).
Adding SRST signal on $auto$ff.cc:266:slice$7324 ($_DFFE_PP_) from module mkPositCore (D = $techmap$flatten\multiplier.$shl$/teamspace/studios/this_studio/Melodica-Integration-into-Fife-Core/Learn_Bluespec_and_RISCV_Design/Code/Build/Fife/verilog/mkMultiplier.v:216$1059.$15\buffer[479:0] [351], Q = \multiplier.ff_to_quire.D_OUT [356], rval = 1'0).
Adding SRST signal on $auto$ff.cc:266:slice$7325 ($_DFFE_PP_) from module mkPositCore (D = $techmap$flatten\multiplier.$shl$/teamspace/studios/this_studio/Melodica-Integration-into-Fife-Core/Learn_Bluespec_and_RISCV_Design/Code/Build/Fife/verilog/mkMultiplier.v:216$1059.$15\buffer[479:0] [352], Q = \multiplier.ff_to_quire.D_OUT [357], rval = 1'0).
Adding SRST signal on $auto$ff.cc:266:slice$7326 ($_DFFE_PP_) from module mkPositCore (D = $techmap$flatten\multiplier.$shl$/teamspace/studios/this_studio/Melodica-Integration-into-Fife-Core/Learn_Bluespec_and_RISCV_Design/Code/Build/Fife/verilog/mkMultiplier.v:216$1059.$15\buffer[479:0] [353], Q = \multiplier.ff_to_quire.D_OUT [358], rval = 1'0).
Adding SRST signal on $auto$ff.cc:266:slice$7327 ($_DFFE_PP_) from module mkPositCore (D = $techmap$flatten\multiplier.$shl$/teamspace/studios/this_studio/Melodica-Integration-into-Fife-Core/Learn_Bluespec_and_RISCV_Design/Code/Build/Fife/verilog/mkMultiplier.v:216$1059.$15\buffer[479:0] [354], Q = \multiplier.ff_to_quire.D_OUT [359], rval = 1'0).
Adding SRST signal on $auto$ff.cc:266:slice$7328 ($_DFFE_PP_) from module mkPositCore (D = $techmap$flatten\multiplier.$shl$/teamspace/studios/this_studio/Melodica-Integration-into-Fife-Core/Learn_Bluespec_and_RISCV_Design/Code/Build/Fife/verilog/mkMultiplier.v:216$1059.$15\buffer[479:0] [355], Q = \multiplier.ff_to_quire.D_OUT [360], rval = 1'0).
Adding SRST signal on $auto$ff.cc:266:slice$7329 ($_DFFE_PP_) from module mkPositCore (D = $techmap$flatten\multiplier.$shl$/teamspace/studios/this_studio/Melodica-Integration-into-Fife-Core/Learn_Bluespec_and_RISCV_Design/Code/Build/Fife/verilog/mkMultiplier.v:216$1059.$15\buffer[479:0] [356], Q = \multiplier.ff_to_quire.D_OUT [361], rval = 1'0).
Adding SRST signal on $auto$ff.cc:266:slice$7330 ($_DFFE_PP_) from module mkPositCore (D = $techmap$flatten\multiplier.$shl$/teamspace/studios/this_studio/Melodica-Integration-into-Fife-Core/Learn_Bluespec_and_RISCV_Design/Code/Build/Fife/verilog/mkMultiplier.v:216$1059.$15\buffer[479:0] [357], Q = \multiplier.ff_to_quire.D_OUT [362], rval = 1'0).
Adding SRST signal on $auto$ff.cc:266:slice$7331 ($_DFFE_PP_) from module mkPositCore (D = $techmap$flatten\multiplier.$shl$/teamspace/studios/this_studio/Melodica-Integration-into-Fife-Core/Learn_Bluespec_and_RISCV_Design/Code/Build/Fife/verilog/mkMultiplier.v:216$1059.$15\buffer[479:0] [358], Q = \multiplier.ff_to_quire.D_OUT [363], rval = 1'0).
Adding SRST signal on $auto$ff.cc:266:slice$7332 ($_DFFE_PP_) from module mkPositCore (D = $techmap$flatten\multiplier.$shl$/teamspace/studios/this_studio/Melodica-Integration-into-Fife-Core/Learn_Bluespec_and_RISCV_Design/Code/Build/Fife/verilog/mkMultiplier.v:216$1059.$15\buffer[479:0] [359], Q = \multiplier.ff_to_quire.D_OUT [364], rval = 1'0).
Adding SRST signal on $auto$ff.cc:266:slice$7333 ($_DFFE_PP_) from module mkPositCore (D = $techmap$flatten\multiplier.$shl$/teamspace/studios/this_studio/Melodica-Integration-into-Fife-Core/Learn_Bluespec_and_RISCV_Design/Code/Build/Fife/verilog/mkMultiplier.v:216$1059.$15\buffer[479:0] [360], Q = \multiplier.ff_to_quire.D_OUT [365], rval = 1'0).
Adding SRST signal on $auto$ff.cc:266:slice$7334 ($_DFFE_PP_) from module mkPositCore (D = $techmap$flatten\multiplier.$shl$/teamspace/studios/this_studio/Melodica-Integration-into-Fife-Core/Learn_Bluespec_and_RISCV_Design/Code/Build/Fife/verilog/mkMultiplier.v:216$1059.$15\buffer[479:0] [361], Q = \multiplier.ff_to_quire.D_OUT [366], rval = 1'0).
Adding SRST signal on $auto$ff.cc:266:slice$7335 ($_DFFE_PP_) from module mkPositCore (D = $techmap$flatten\multiplier.$shl$/teamspace/studios/this_studio/Melodica-Integration-into-Fife-Core/Learn_Bluespec_and_RISCV_Design/Code/Build/Fife/verilog/mkMultiplier.v:216$1059.$15\buffer[479:0] [362], Q = \multiplier.ff_to_quire.D_OUT [367], rval = 1'0).
Adding SRST signal on $auto$ff.cc:266:slice$7336 ($_DFFE_PP_) from module mkPositCore (D = $techmap$flatten\multiplier.$shl$/teamspace/studios/this_studio/Melodica-Integration-into-Fife-Core/Learn_Bluespec_and_RISCV_Design/Code/Build/Fife/verilog/mkMultiplier.v:216$1059.$15\buffer[479:0] [363], Q = \multiplier.ff_to_quire.D_OUT [368], rval = 1'0).
Adding SRST signal on $auto$ff.cc:266:slice$7337 ($_DFFE_PP_) from module mkPositCore (D = $techmap$flatten\multiplier.$shl$/teamspace/studios/this_studio/Melodica-Integration-into-Fife-Core/Learn_Bluespec_and_RISCV_Design/Code/Build/Fife/verilog/mkMultiplier.v:216$1059.$15\buffer[479:0] [364], Q = \multiplier.ff_to_quire.D_OUT [369], rval = 1'0).
Adding SRST signal on $auto$ff.cc:266:slice$7338 ($_DFFE_PP_) from module mkPositCore (D = $techmap$flatten\multiplier.$shl$/teamspace/studios/this_studio/Melodica-Integration-into-Fife-Core/Learn_Bluespec_and_RISCV_Design/Code/Build/Fife/verilog/mkMultiplier.v:216$1059.$15\buffer[479:0] [365], Q = \multiplier.ff_to_quire.D_OUT [370], rval = 1'0).
Adding SRST signal on $auto$ff.cc:266:slice$7339 ($_DFFE_PP_) from module mkPositCore (D = $techmap$flatten\multiplier.$shl$/teamspace/studios/this_studio/Melodica-Integration-into-Fife-Core/Learn_Bluespec_and_RISCV_Design/Code/Build/Fife/verilog/mkMultiplier.v:216$1059.$15\buffer[479:0] [366], Q = \multiplier.ff_to_quire.D_OUT [371], rval = 1'0).
Adding SRST signal on $auto$ff.cc:266:slice$7340 ($_DFFE_PP_) from module mkPositCore (D = $techmap$flatten\multiplier.$shl$/teamspace/studios/this_studio/Melodica-Integration-into-Fife-Core/Learn_Bluespec_and_RISCV_Design/Code/Build/Fife/verilog/mkMultiplier.v:216$1059.$15\buffer[479:0] [367], Q = \multiplier.ff_to_quire.D_OUT [372], rval = 1'0).
Adding SRST signal on $auto$ff.cc:266:slice$7341 ($_DFFE_PP_) from module mkPositCore (D = $techmap$flatten\multiplier.$shl$/teamspace/studios/this_studio/Melodica-Integration-into-Fife-Core/Learn_Bluespec_and_RISCV_Design/Code/Build/Fife/verilog/mkMultiplier.v:216$1059.$13\buffer[479:0] [240], Q = \multiplier.ff_to_quire.D_OUT [373], rval = 1'0).
Adding SRST signal on $auto$ff.cc:266:slice$7342 ($_DFFE_PP_) from module mkPositCore (D = $techmap$flatten\multiplier.$shl$/teamspace/studios/this_studio/Melodica-Integration-into-Fife-Core/Learn_Bluespec_and_RISCV_Design/Code/Build/Fife/verilog/mkMultiplier.v:216$1059.$13\buffer[479:0] [241], Q = \multiplier.ff_to_quire.D_OUT [374], rval = 1'0).
Adding SRST signal on $auto$ff.cc:266:slice$7343 ($_DFFE_PP_) from module mkPositCore (D = $techmap$flatten\multiplier.$shl$/teamspace/studios/this_studio/Melodica-Integration-into-Fife-Core/Learn_Bluespec_and_RISCV_Design/Code/Build/Fife/verilog/mkMultiplier.v:216$1059.$13\buffer[479:0] [242], Q = \multiplier.ff_to_quire.D_OUT [375], rval = 1'0).
Adding SRST signal on $auto$ff.cc:266:slice$7344 ($_DFFE_PP_) from module mkPositCore (D = $techmap$flatten\multiplier.$shl$/teamspace/studios/this_studio/Melodica-Integration-into-Fife-Core/Learn_Bluespec_and_RISCV_Design/Code/Build/Fife/verilog/mkMultiplier.v:216$1059.$13\buffer[479:0] [243], Q = \multiplier.ff_to_quire.D_OUT [376], rval = 1'0).
Adding SRST signal on $auto$ff.cc:266:slice$7345 ($_DFFE_PP_) from module mkPositCore (D = $techmap$flatten\multiplier.$shl$/teamspace/studios/this_studio/Melodica-Integration-into-Fife-Core/Learn_Bluespec_and_RISCV_Design/Code/Build/Fife/verilog/mkMultiplier.v:216$1059.$13\buffer[479:0] [244], Q = \multiplier.ff_to_quire.D_OUT [377], rval = 1'0).
Adding SRST signal on $auto$ff.cc:266:slice$7346 ($_DFFE_PP_) from module mkPositCore (D = $techmap$flatten\multiplier.$shl$/teamspace/studios/this_studio/Melodica-Integration-into-Fife-Core/Learn_Bluespec_and_RISCV_Design/Code/Build/Fife/verilog/mkMultiplier.v:216$1059.$13\buffer[479:0] [245], Q = \multiplier.ff_to_quire.D_OUT [378], rval = 1'0).
Adding SRST signal on $auto$ff.cc:266:slice$7347 ($_DFFE_PP_) from module mkPositCore (D = $techmap$flatten\multiplier.$shl$/teamspace/studios/this_studio/Melodica-Integration-into-Fife-Core/Learn_Bluespec_and_RISCV_Design/Code/Build/Fife/verilog/mkMultiplier.v:216$1059.$13\buffer[479:0] [246], Q = \multiplier.ff_to_quire.D_OUT [379], rval = 1'0).
Adding SRST signal on $auto$ff.cc:266:slice$7348 ($_DFFE_PP_) from module mkPositCore (D = $techmap$flatten\multiplier.$shl$/teamspace/studios/this_studio/Melodica-Integration-into-Fife-Core/Learn_Bluespec_and_RISCV_Design/Code/Build/Fife/verilog/mkMultiplier.v:216$1059.$13\buffer[479:0] [247], Q = \multiplier.ff_to_quire.D_OUT [380], rval = 1'0).
Adding SRST signal on $auto$ff.cc:266:slice$7349 ($_DFFE_PP_) from module mkPositCore (D = $techmap$flatten\multiplier.$shl$/teamspace/studios/this_studio/Melodica-Integration-into-Fife-Core/Learn_Bluespec_and_RISCV_Design/Code/Build/Fife/verilog/mkMultiplier.v:216$1059.$13\buffer[479:0] [248], Q = \multiplier.ff_to_quire.D_OUT [381], rval = 1'0).
Adding SRST signal on $auto$ff.cc:266:slice$7350 ($_DFFE_PP_) from module mkPositCore (D = $techmap$flatten\multiplier.$shl$/teamspace/studios/this_studio/Melodica-Integration-into-Fife-Core/Learn_Bluespec_and_RISCV_Design/Code/Build/Fife/verilog/mkMultiplier.v:216$1059.$13\buffer[479:0] [249], Q = \multiplier.ff_to_quire.D_OUT [382], rval = 1'0).
Adding SRST signal on $auto$ff.cc:266:slice$7351 ($_DFFE_PP_) from module mkPositCore (D = $techmap$flatten\multiplier.$shl$/teamspace/studios/this_studio/Melodica-Integration-into-Fife-Core/Learn_Bluespec_and_RISCV_Design/Code/Build/Fife/verilog/mkMultiplier.v:216$1059.$13\buffer[479:0] [250], Q = \multiplier.ff_to_quire.D_OUT [383], rval = 1'0).
Adding SRST signal on $auto$ff.cc:266:slice$7352 ($_DFFE_PP_) from module mkPositCore (D = $techmap$flatten\multiplier.$shl$/teamspace/studios/this_studio/Melodica-Integration-into-Fife-Core/Learn_Bluespec_and_RISCV_Design/Code/Build/Fife/verilog/mkMultiplier.v:216$1059.$13\buffer[479:0] [251], Q = \multiplier.ff_to_quire.D_OUT [384], rval = 1'0).
Adding SRST signal on $auto$ff.cc:266:slice$7353 ($_DFFE_PP_) from module mkPositCore (D = $techmap$flatten\multiplier.$shl$/teamspace/studios/this_studio/Melodica-Integration-into-Fife-Core/Learn_Bluespec_and_RISCV_Design/Code/Build/Fife/verilog/mkMultiplier.v:216$1059.$13\buffer[479:0] [252], Q = \multiplier.ff_to_quire.D_OUT [385], rval = 1'0).
Adding SRST signal on $auto$ff.cc:266:slice$7354 ($_DFFE_PP_) from module mkPositCore (D = $techmap$flatten\multiplier.$shl$/teamspace/studios/this_studio/Melodica-Integration-into-Fife-Core/Learn_Bluespec_and_RISCV_Design/Code/Build/Fife/verilog/mkMultiplier.v:216$1059.$13\buffer[479:0] [253], Q = \multiplier.ff_to_quire.D_OUT [386], rval = 1'0).
Adding SRST signal on $auto$ff.cc:266:slice$7355 ($_DFFE_PP_) from module mkPositCore (D = $techmap$flatten\multiplier.$shl$/teamspace/studios/this_studio/Melodica-Integration-into-Fife-Core/Learn_Bluespec_and_RISCV_Design/Code/Build/Fife/verilog/mkMultiplier.v:216$1059.$13\buffer[479:0] [254], Q = \multiplier.ff_to_quire.D_OUT [387], rval = 1'0).
Adding SRST signal on $auto$ff.cc:266:slice$7356 ($_DFFE_PP_) from module mkPositCore (D = $techmap$flatten\multiplier.$shl$/teamspace/studios/this_studio/Melodica-Integration-into-Fife-Core/Learn_Bluespec_and_RISCV_Design/Code/Build/Fife/verilog/mkMultiplier.v:216$1059.$13\buffer[479:0] [255], Q = \multiplier.ff_to_quire.D_OUT [388], rval = 1'0).
Adding SRST signal on $auto$ff.cc:266:slice$7357 ($_DFFE_PP_) from module mkPositCore (D = $techmap$flatten\multiplier.$shl$/teamspace/studios/this_studio/Melodica-Integration-into-Fife-Core/Learn_Bluespec_and_RISCV_Design/Code/Build/Fife/verilog/mkMultiplier.v:216$1059.$13\buffer[479:0] [256], Q = \multiplier.ff_to_quire.D_OUT [389], rval = 1'0).
Adding SRST signal on $auto$ff.cc:266:slice$7358 ($_DFFE_PP_) from module mkPositCore (D = $techmap$flatten\multiplier.$shl$/teamspace/studios/this_studio/Melodica-Integration-into-Fife-Core/Learn_Bluespec_and_RISCV_Design/Code/Build/Fife/verilog/mkMultiplier.v:216$1059.$13\buffer[479:0] [257], Q = \multiplier.ff_to_quire.D_OUT [390], rval = 1'0).
Adding SRST signal on $auto$ff.cc:266:slice$7359 ($_DFFE_PP_) from module mkPositCore (D = $techmap$flatten\multiplier.$shl$/teamspace/studios/this_studio/Melodica-Integration-into-Fife-Core/Learn_Bluespec_and_RISCV_Design/Code/Build/Fife/verilog/mkMultiplier.v:216$1059.$13\buffer[479:0] [258], Q = \multiplier.ff_to_quire.D_OUT [391], rval = 1'0).
Adding SRST signal on $auto$ff.cc:266:slice$7360 ($_DFFE_PP_) from module mkPositCore (D = $techmap$flatten\multiplier.$shl$/teamspace/studios/this_studio/Melodica-Integration-into-Fife-Core/Learn_Bluespec_and_RISCV_Design/Code/Build/Fife/verilog/mkMultiplier.v:216$1059.$13\buffer[479:0] [259], Q = \multiplier.ff_to_quire.D_OUT [392], rval = 1'0).
Adding SRST signal on $auto$ff.cc:266:slice$7361 ($_DFFE_PP_) from module mkPositCore (D = $techmap$flatten\multiplier.$shl$/teamspace/studios/this_studio/Melodica-Integration-into-Fife-Core/Learn_Bluespec_and_RISCV_Design/Code/Build/Fife/verilog/mkMultiplier.v:216$1059.$13\buffer[479:0] [260], Q = \multiplier.ff_to_quire.D_OUT [393], rval = 1'0).
Adding SRST signal on $auto$ff.cc:266:slice$7362 ($_DFFE_PP_) from module mkPositCore (D = $techmap$flatten\multiplier.$shl$/teamspace/studios/this_studio/Melodica-Integration-into-Fife-Core/Learn_Bluespec_and_RISCV_Design/Code/Build/Fife/verilog/mkMultiplier.v:216$1059.$13\buffer[479:0] [261], Q = \multiplier.ff_to_quire.D_OUT [394], rval = 1'0).
Adding SRST signal on $auto$ff.cc:266:slice$7363 ($_DFFE_PP_) from module mkPositCore (D = $techmap$flatten\multiplier.$shl$/teamspace/studios/this_studio/Melodica-Integration-into-Fife-Core/Learn_Bluespec_and_RISCV_Design/Code/Build/Fife/verilog/mkMultiplier.v:216$1059.$13\buffer[479:0] [262], Q = \multiplier.ff_to_quire.D_OUT [395], rval = 1'0).
Adding SRST signal on $auto$ff.cc:266:slice$7364 ($_DFFE_PP_) from module mkPositCore (D = $techmap$flatten\multiplier.$shl$/teamspace/studios/this_studio/Melodica-Integration-into-Fife-Core/Learn_Bluespec_and_RISCV_Design/Code/Build/Fife/verilog/mkMultiplier.v:216$1059.$13\buffer[479:0] [263], Q = \multiplier.ff_to_quire.D_OUT [396], rval = 1'0).
Adding SRST signal on $auto$ff.cc:266:slice$7365 ($_DFFE_PP_) from module mkPositCore (D = $techmap$flatten\multiplier.$shl$/teamspace/studios/this_studio/Melodica-Integration-into-Fife-Core/Learn_Bluespec_and_RISCV_Design/Code/Build/Fife/verilog/mkMultiplier.v:216$1059.$13\buffer[479:0] [264], Q = \multiplier.ff_to_quire.D_OUT [397], rval = 1'0).
Adding SRST signal on $auto$ff.cc:266:slice$7366 ($_DFFE_PP_) from module mkPositCore (D = $techmap$flatten\multiplier.$shl$/teamspace/studios/this_studio/Melodica-Integration-into-Fife-Core/Learn_Bluespec_and_RISCV_Design/Code/Build/Fife/verilog/mkMultiplier.v:216$1059.$13\buffer[479:0] [265], Q = \multiplier.ff_to_quire.D_OUT [398], rval = 1'0).
Adding SRST signal on $auto$ff.cc:266:slice$7367 ($_DFFE_PP_) from module mkPositCore (D = $techmap$flatten\multiplier.$shl$/teamspace/studios/this_studio/Melodica-Integration-into-Fife-Core/Learn_Bluespec_and_RISCV_Design/Code/Build/Fife/verilog/mkMultiplier.v:216$1059.$13\buffer[479:0] [266], Q = \multiplier.ff_to_quire.D_OUT [399], rval = 1'0).
Adding SRST signal on $auto$ff.cc:266:slice$7368 ($_DFFE_PP_) from module mkPositCore (D = $techmap$flatten\multiplier.$shl$/teamspace/studios/this_studio/Melodica-Integration-into-Fife-Core/Learn_Bluespec_and_RISCV_Design/Code/Build/Fife/verilog/mkMultiplier.v:216$1059.$13\buffer[479:0] [267], Q = \multiplier.ff_to_quire.D_OUT [400], rval = 1'0).
Adding SRST signal on $auto$ff.cc:266:slice$7369 ($_DFFE_PP_) from module mkPositCore (D = $techmap$flatten\multiplier.$shl$/teamspace/studios/this_studio/Melodica-Integration-into-Fife-Core/Learn_Bluespec_and_RISCV_Design/Code/Build/Fife/verilog/mkMultiplier.v:216$1059.$13\buffer[479:0] [268], Q = \multiplier.ff_to_quire.D_OUT [401], rval = 1'0).
Adding SRST signal on $auto$ff.cc:266:slice$7370 ($_DFFE_PP_) from module mkPositCore (D = $techmap$flatten\multiplier.$shl$/teamspace/studios/this_studio/Melodica-Integration-into-Fife-Core/Learn_Bluespec_and_RISCV_Design/Code/Build/Fife/verilog/mkMultiplier.v:216$1059.$13\buffer[479:0] [269], Q = \multiplier.ff_to_quire.D_OUT [402], rval = 1'0).
Adding SRST signal on $auto$ff.cc:266:slice$7371 ($_DFFE_PP_) from module mkPositCore (D = $techmap$flatten\multiplier.$shl$/teamspace/studios/this_studio/Melodica-Integration-into-Fife-Core/Learn_Bluespec_and_RISCV_Design/Code/Build/Fife/verilog/mkMultiplier.v:216$1059.$13\buffer[479:0] [270], Q = \multiplier.ff_to_quire.D_OUT [403], rval = 1'0).
Adding SRST signal on $auto$ff.cc:266:slice$7372 ($_DFFE_PP_) from module mkPositCore (D = $techmap$flatten\multiplier.$shl$/teamspace/studios/this_studio/Melodica-Integration-into-Fife-Core/Learn_Bluespec_and_RISCV_Design/Code/Build/Fife/verilog/mkMultiplier.v:216$1059.$13\buffer[479:0] [271], Q = \multiplier.ff_to_quire.D_OUT [404], rval = 1'0).
Adding SRST signal on $auto$ff.cc:266:slice$7373 ($_DFFE_PP_) from module mkPositCore (D = $techmap$flatten\multiplier.$shl$/teamspace/studios/this_studio/Melodica-Integration-into-Fife-Core/Learn_Bluespec_and_RISCV_Design/Code/Build/Fife/verilog/mkMultiplier.v:216$1059.$13\buffer[479:0] [272], Q = \multiplier.ff_to_quire.D_OUT [405], rval = 1'0).
Adding SRST signal on $auto$ff.cc:266:slice$7374 ($_DFFE_PP_) from module mkPositCore (D = $techmap$flatten\multiplier.$shl$/teamspace/studios/this_studio/Melodica-Integration-into-Fife-Core/Learn_Bluespec_and_RISCV_Design/Code/Build/Fife/verilog/mkMultiplier.v:216$1059.$13\buffer[479:0] [273], Q = \multiplier.ff_to_quire.D_OUT [406], rval = 1'0).
Adding SRST signal on $auto$ff.cc:266:slice$7375 ($_DFFE_PP_) from module mkPositCore (D = $techmap$flatten\multiplier.$shl$/teamspace/studios/this_studio/Melodica-Integration-into-Fife-Core/Learn_Bluespec_and_RISCV_Design/Code/Build/Fife/verilog/mkMultiplier.v:216$1059.$13\buffer[479:0] [274], Q = \multiplier.ff_to_quire.D_OUT [407], rval = 1'0).
Adding SRST signal on $auto$ff.cc:266:slice$7376 ($_DFFE_PP_) from module mkPositCore (D = $techmap$flatten\multiplier.$shl$/teamspace/studios/this_studio/Melodica-Integration-into-Fife-Core/Learn_Bluespec_and_RISCV_Design/Code/Build/Fife/verilog/mkMultiplier.v:216$1059.$13\buffer[479:0] [275], Q = \multiplier.ff_to_quire.D_OUT [408], rval = 1'0).
Adding SRST signal on $auto$ff.cc:266:slice$7377 ($_DFFE_PP_) from module mkPositCore (D = $techmap$flatten\multiplier.$shl$/teamspace/studios/this_studio/Melodica-Integration-into-Fife-Core/Learn_Bluespec_and_RISCV_Design/Code/Build/Fife/verilog/mkMultiplier.v:216$1059.$13\buffer[479:0] [276], Q = \multiplier.ff_to_quire.D_OUT [409], rval = 1'0).
Adding SRST signal on $auto$ff.cc:266:slice$7378 ($_DFFE_PP_) from module mkPositCore (D = $techmap$flatten\multiplier.$shl$/teamspace/studios/this_studio/Melodica-Integration-into-Fife-Core/Learn_Bluespec_and_RISCV_Design/Code/Build/Fife/verilog/mkMultiplier.v:216$1059.$13\buffer[479:0] [277], Q = \multiplier.ff_to_quire.D_OUT [410], rval = 1'0).
Adding SRST signal on $auto$ff.cc:266:slice$7379 ($_DFFE_PP_) from module mkPositCore (D = $techmap$flatten\multiplier.$shl$/teamspace/studios/this_studio/Melodica-Integration-into-Fife-Core/Learn_Bluespec_and_RISCV_Design/Code/Build/Fife/verilog/mkMultiplier.v:216$1059.$13\buffer[479:0] [278], Q = \multiplier.ff_to_quire.D_OUT [411], rval = 1'0).
Adding SRST signal on $auto$ff.cc:266:slice$7380 ($_DFFE_PP_) from module mkPositCore (D = $techmap$flatten\multiplier.$shl$/teamspace/studios/this_studio/Melodica-Integration-into-Fife-Core/Learn_Bluespec_and_RISCV_Design/Code/Build/Fife/verilog/mkMultiplier.v:216$1059.$13\buffer[479:0] [279], Q = \multiplier.ff_to_quire.D_OUT [412], rval = 1'0).
Adding SRST signal on $auto$ff.cc:266:slice$7381 ($_DFFE_PP_) from module mkPositCore (D = $techmap$flatten\multiplier.$shl$/teamspace/studios/this_studio/Melodica-Integration-into-Fife-Core/Learn_Bluespec_and_RISCV_Design/Code/Build/Fife/verilog/mkMultiplier.v:216$1059.$13\buffer[479:0] [280], Q = \multiplier.ff_to_quire.D_OUT [413], rval = 1'0).
Adding SRST signal on $auto$ff.cc:266:slice$7382 ($_DFFE_PP_) from module mkPositCore (D = $techmap$flatten\multiplier.$shl$/teamspace/studios/this_studio/Melodica-Integration-into-Fife-Core/Learn_Bluespec_and_RISCV_Design/Code/Build/Fife/verilog/mkMultiplier.v:216$1059.$13\buffer[479:0] [281], Q = \multiplier.ff_to_quire.D_OUT [414], rval = 1'0).
Adding SRST signal on $auto$ff.cc:266:slice$7383 ($_DFFE_PP_) from module mkPositCore (D = $techmap$flatten\multiplier.$shl$/teamspace/studios/this_studio/Melodica-Integration-into-Fife-Core/Learn_Bluespec_and_RISCV_Design/Code/Build/Fife/verilog/mkMultiplier.v:216$1059.$13\buffer[479:0] [282], Q = \multiplier.ff_to_quire.D_OUT [415], rval = 1'0).
Adding SRST signal on $auto$ff.cc:266:slice$7384 ($_DFFE_PP_) from module mkPositCore (D = $techmap$flatten\multiplier.$shl$/teamspace/studios/this_studio/Melodica-Integration-into-Fife-Core/Learn_Bluespec_and_RISCV_Design/Code/Build/Fife/verilog/mkMultiplier.v:216$1059.$13\buffer[479:0] [283], Q = \multiplier.ff_to_quire.D_OUT [416], rval = 1'0).
Adding SRST signal on $auto$ff.cc:266:slice$7385 ($_DFFE_PP_) from module mkPositCore (D = $techmap$flatten\multiplier.$shl$/teamspace/studios/this_studio/Melodica-Integration-into-Fife-Core/Learn_Bluespec_and_RISCV_Design/Code/Build/Fife/verilog/mkMultiplier.v:216$1059.$13\buffer[479:0] [284], Q = \multiplier.ff_to_quire.D_OUT [417], rval = 1'0).
Adding SRST signal on $auto$ff.cc:266:slice$7386 ($_DFFE_PP_) from module mkPositCore (D = $techmap$flatten\multiplier.$shl$/teamspace/studios/this_studio/Melodica-Integration-into-Fife-Core/Learn_Bluespec_and_RISCV_Design/Code/Build/Fife/verilog/mkMultiplier.v:216$1059.$13\buffer[479:0] [285], Q = \multiplier.ff_to_quire.D_OUT [418], rval = 1'0).
Adding SRST signal on $auto$ff.cc:266:slice$7387 ($_DFFE_PP_) from module mkPositCore (D = $techmap$flatten\multiplier.$shl$/teamspace/studios/this_studio/Melodica-Integration-into-Fife-Core/Learn_Bluespec_and_RISCV_Design/Code/Build/Fife/verilog/mkMultiplier.v:216$1059.$13\buffer[479:0] [286], Q = \multiplier.ff_to_quire.D_OUT [419], rval = 1'0).
Adding SRST signal on $auto$ff.cc:266:slice$7388 ($_DFFE_PP_) from module mkPositCore (D = $techmap$flatten\multiplier.$shl$/teamspace/studios/this_studio/Melodica-Integration-into-Fife-Core/Learn_Bluespec_and_RISCV_Design/Code/Build/Fife/verilog/mkMultiplier.v:216$1059.$13\buffer[479:0] [287], Q = \multiplier.ff_to_quire.D_OUT [420], rval = 1'0).
Adding SRST signal on $auto$ff.cc:266:slice$7389 ($_DFFE_PP_) from module mkPositCore (D = $techmap$flatten\multiplier.$shl$/teamspace/studios/this_studio/Melodica-Integration-into-Fife-Core/Learn_Bluespec_and_RISCV_Design/Code/Build/Fife/verilog/mkMultiplier.v:216$1059.$13\buffer[479:0] [288], Q = \multiplier.ff_to_quire.D_OUT [421], rval = 1'0).
Adding SRST signal on $auto$ff.cc:266:slice$7390 ($_DFFE_PP_) from module mkPositCore (D = $techmap$flatten\multiplier.$shl$/teamspace/studios/this_studio/Melodica-Integration-into-Fife-Core/Learn_Bluespec_and_RISCV_Design/Code/Build/Fife/verilog/mkMultiplier.v:216$1059.$13\buffer[479:0] [289], Q = \multiplier.ff_to_quire.D_OUT [422], rval = 1'0).
Adding SRST signal on $auto$ff.cc:266:slice$7391 ($_DFFE_PP_) from module mkPositCore (D = $techmap$flatten\multiplier.$shl$/teamspace/studios/this_studio/Melodica-Integration-into-Fife-Core/Learn_Bluespec_and_RISCV_Design/Code/Build/Fife/verilog/mkMultiplier.v:216$1059.$13\buffer[479:0] [290], Q = \multiplier.ff_to_quire.D_OUT [423], rval = 1'0).
Adding SRST signal on $auto$ff.cc:266:slice$7392 ($_DFFE_PP_) from module mkPositCore (D = $techmap$flatten\multiplier.$shl$/teamspace/studios/this_studio/Melodica-Integration-into-Fife-Core/Learn_Bluespec_and_RISCV_Design/Code/Build/Fife/verilog/mkMultiplier.v:216$1059.$13\buffer[479:0] [291], Q = \multiplier.ff_to_quire.D_OUT [424], rval = 1'0).
Adding SRST signal on $auto$ff.cc:266:slice$7393 ($_DFFE_PP_) from module mkPositCore (D = $techmap$flatten\multiplier.$shl$/teamspace/studios/this_studio/Melodica-Integration-into-Fife-Core/Learn_Bluespec_and_RISCV_Design/Code/Build/Fife/verilog/mkMultiplier.v:216$1059.$13\buffer[479:0] [292], Q = \multiplier.ff_to_quire.D_OUT [425], rval = 1'0).
Adding SRST signal on $auto$ff.cc:266:slice$7394 ($_DFFE_PP_) from module mkPositCore (D = $techmap$flatten\multiplier.$shl$/teamspace/studios/this_studio/Melodica-Integration-into-Fife-Core/Learn_Bluespec_and_RISCV_Design/Code/Build/Fife/verilog/mkMultiplier.v:216$1059.$13\buffer[479:0] [293], Q = \multiplier.ff_to_quire.D_OUT [426], rval = 1'0).
Adding SRST signal on $auto$ff.cc:266:slice$7395 ($_DFFE_PP_) from module mkPositCore (D = $techmap$flatten\multiplier.$shl$/teamspace/studios/this_studio/Melodica-Integration-into-Fife-Core/Learn_Bluespec_and_RISCV_Design/Code/Build/Fife/verilog/mkMultiplier.v:216$1059.$13\buffer[479:0] [294], Q = \multiplier.ff_to_quire.D_OUT [427], rval = 1'0).
Adding SRST signal on $auto$ff.cc:266:slice$7396 ($_DFFE_PP_) from module mkPositCore (D = $techmap$flatten\multiplier.$shl$/teamspace/studios/this_studio/Melodica-Integration-into-Fife-Core/Learn_Bluespec_and_RISCV_Design/Code/Build/Fife/verilog/mkMultiplier.v:216$1059.$13\buffer[479:0] [295], Q = \multiplier.ff_to_quire.D_OUT [428], rval = 1'0).
Adding SRST signal on $auto$ff.cc:266:slice$7397 ($_DFFE_PP_) from module mkPositCore (D = $techmap$flatten\multiplier.$shl$/teamspace/studios/this_studio/Melodica-Integration-into-Fife-Core/Learn_Bluespec_and_RISCV_Design/Code/Build/Fife/verilog/mkMultiplier.v:216$1059.$13\buffer[479:0] [296], Q = \multiplier.ff_to_quire.D_OUT [429], rval = 1'0).
Adding SRST signal on $auto$ff.cc:266:slice$7398 ($_DFFE_PP_) from module mkPositCore (D = $techmap$flatten\multiplier.$shl$/teamspace/studios/this_studio/Melodica-Integration-into-Fife-Core/Learn_Bluespec_and_RISCV_Design/Code/Build/Fife/verilog/mkMultiplier.v:216$1059.$13\buffer[479:0] [297], Q = \multiplier.ff_to_quire.D_OUT [430], rval = 1'0).
Adding SRST signal on $auto$ff.cc:266:slice$7399 ($_DFFE_PP_) from module mkPositCore (D = $techmap$flatten\multiplier.$shl$/teamspace/studios/this_studio/Melodica-Integration-into-Fife-Core/Learn_Bluespec_and_RISCV_Design/Code/Build/Fife/verilog/mkMultiplier.v:216$1059.$13\buffer[479:0] [298], Q = \multiplier.ff_to_quire.D_OUT [431], rval = 1'0).
Adding SRST signal on $auto$ff.cc:266:slice$7400 ($_DFFE_PP_) from module mkPositCore (D = $techmap$flatten\multiplier.$shl$/teamspace/studios/this_studio/Melodica-Integration-into-Fife-Core/Learn_Bluespec_and_RISCV_Design/Code/Build/Fife/verilog/mkMultiplier.v:216$1059.$13\buffer[479:0] [299], Q = \multiplier.ff_to_quire.D_OUT [432], rval = 1'0).
Adding SRST signal on $auto$ff.cc:266:slice$7401 ($_DFFE_PP_) from module mkPositCore (D = $techmap$flatten\multiplier.$shl$/teamspace/studios/this_studio/Melodica-Integration-into-Fife-Core/Learn_Bluespec_and_RISCV_Design/Code/Build/Fife/verilog/mkMultiplier.v:216$1059.$13\buffer[479:0] [300], Q = \multiplier.ff_to_quire.D_OUT [433], rval = 1'0).
Adding SRST signal on $auto$ff.cc:266:slice$7402 ($_DFFE_PP_) from module mkPositCore (D = $techmap$flatten\multiplier.$shl$/teamspace/studios/this_studio/Melodica-Integration-into-Fife-Core/Learn_Bluespec_and_RISCV_Design/Code/Build/Fife/verilog/mkMultiplier.v:216$1059.$13\buffer[479:0] [301], Q = \multiplier.ff_to_quire.D_OUT [434], rval = 1'0).
Adding SRST signal on $auto$ff.cc:266:slice$7403 ($_DFFE_PP_) from module mkPositCore (D = $techmap$flatten\multiplier.$shl$/teamspace/studios/this_studio/Melodica-Integration-into-Fife-Core/Learn_Bluespec_and_RISCV_Design/Code/Build/Fife/verilog/mkMultiplier.v:216$1059.$13\buffer[479:0] [302], Q = \multiplier.ff_to_quire.D_OUT [435], rval = 1'0).
Adding SRST signal on $auto$ff.cc:266:slice$7404 ($_DFFE_PP_) from module mkPositCore (D = $techmap$flatten\multiplier.$shl$/teamspace/studios/this_studio/Melodica-Integration-into-Fife-Core/Learn_Bluespec_and_RISCV_Design/Code/Build/Fife/verilog/mkMultiplier.v:216$1059.$13\buffer[479:0] [303], Q = \multiplier.ff_to_quire.D_OUT [436], rval = 1'0).
Adding SRST signal on $auto$ff.cc:266:slice$7405 ($_DFFE_PP_) from module mkPositCore (D = $techmap$flatten\multiplier.$shl$/teamspace/studios/this_studio/Melodica-Integration-into-Fife-Core/Learn_Bluespec_and_RISCV_Design/Code/Build/Fife/verilog/mkMultiplier.v:216$1059.$13\buffer[479:0] [304], Q = \multiplier.ff_to_quire.D_OUT [437], rval = 1'0).
Adding SRST signal on $auto$ff.cc:266:slice$7406 ($_DFFE_PP_) from module mkPositCore (D = $techmap$flatten\multiplier.$shl$/teamspace/studios/this_studio/Melodica-Integration-into-Fife-Core/Learn_Bluespec_and_RISCV_Design/Code/Build/Fife/verilog/mkMultiplier.v:216$1059.$13\buffer[479:0] [305], Q = \multiplier.ff_to_quire.D_OUT [438], rval = 1'0).
Adding SRST signal on $auto$ff.cc:266:slice$7407 ($_DFFE_PP_) from module mkPositCore (D = $techmap$flatten\multiplier.$shl$/teamspace/studios/this_studio/Melodica-Integration-into-Fife-Core/Learn_Bluespec_and_RISCV_Design/Code/Build/Fife/verilog/mkMultiplier.v:216$1059.$13\buffer[479:0] [306], Q = \multiplier.ff_to_quire.D_OUT [439], rval = 1'0).
Adding SRST signal on $auto$ff.cc:266:slice$7408 ($_DFFE_PP_) from module mkPositCore (D = $techmap$flatten\multiplier.$shl$/teamspace/studios/this_studio/Melodica-Integration-into-Fife-Core/Learn_Bluespec_and_RISCV_Design/Code/Build/Fife/verilog/mkMultiplier.v:216$1059.$13\buffer[479:0] [307], Q = \multiplier.ff_to_quire.D_OUT [440], rval = 1'0).
Adding SRST signal on $auto$ff.cc:266:slice$7409 ($_DFFE_PP_) from module mkPositCore (D = $techmap$flatten\multiplier.$shl$/teamspace/studios/this_studio/Melodica-Integration-into-Fife-Core/Learn_Bluespec_and_RISCV_Design/Code/Build/Fife/verilog/mkMultiplier.v:216$1059.$13\buffer[479:0] [308], Q = \multiplier.ff_to_quire.D_OUT [441], rval = 1'0).
Adding SRST signal on $auto$ff.cc:266:slice$7410 ($_DFFE_PP_) from module mkPositCore (D = $techmap$flatten\multiplier.$shl$/teamspace/studios/this_studio/Melodica-Integration-into-Fife-Core/Learn_Bluespec_and_RISCV_Design/Code/Build/Fife/verilog/mkMultiplier.v:216$1059.$13\buffer[479:0] [309], Q = \multiplier.ff_to_quire.D_OUT [442], rval = 1'0).
Adding SRST signal on $auto$ff.cc:266:slice$7411 ($_DFFE_PP_) from module mkPositCore (D = $techmap$flatten\multiplier.$shl$/teamspace/studios/this_studio/Melodica-Integration-into-Fife-Core/Learn_Bluespec_and_RISCV_Design/Code/Build/Fife/verilog/mkMultiplier.v:216$1059.$13\buffer[479:0] [310], Q = \multiplier.ff_to_quire.D_OUT [443], rval = 1'0).
Adding SRST signal on $auto$ff.cc:266:slice$7412 ($_DFFE_PP_) from module mkPositCore (D = $techmap$flatten\multiplier.$shl$/teamspace/studios/this_studio/Melodica-Integration-into-Fife-Core/Learn_Bluespec_and_RISCV_Design/Code/Build/Fife/verilog/mkMultiplier.v:216$1059.$13\buffer[479:0] [311], Q = \multiplier.ff_to_quire.D_OUT [444], rval = 1'0).
Adding SRST signal on $auto$ff.cc:266:slice$7413 ($_DFFE_PP_) from module mkPositCore (D = $techmap$flatten\multiplier.$shl$/teamspace/studios/this_studio/Melodica-Integration-into-Fife-Core/Learn_Bluespec_and_RISCV_Design/Code/Build/Fife/verilog/mkMultiplier.v:216$1059.$13\buffer[479:0] [312], Q = \multiplier.ff_to_quire.D_OUT [445], rval = 1'0).
Adding SRST signal on $auto$ff.cc:266:slice$7414 ($_DFFE_PP_) from module mkPositCore (D = \multiplier.q_if___1__h327 [441], Q = \multiplier.ff_to_quire.D_OUT [446], rval = 1'0).
Adding SRST signal on $auto$ff.cc:266:slice$7415 ($_DFFE_PP_) from module mkPositCore (D = \multiplier.q_if___1__h327 [442], Q = \multiplier.ff_to_quire.D_OUT [447], rval = 1'0).
Adding SRST signal on $auto$ff.cc:266:slice$7416 ($_DFFE_PP_) from module mkPositCore (D = \multiplier.q_if___1__h327 [443], Q = \multiplier.ff_to_quire.D_OUT [448], rval = 1'0).
Adding SRST signal on $auto$ff.cc:266:slice$7417 ($_DFFE_PP_) from module mkPositCore (D = \multiplier.q_if___1__h327 [444], Q = \multiplier.ff_to_quire.D_OUT [449], rval = 1'0).
Adding SRST signal on $auto$ff.cc:266:slice$7418 ($_DFFE_PP_) from module mkPositCore (D = \multiplier.q_if___1__h327 [445], Q = \multiplier.ff_to_quire.D_OUT [450], rval = 1'0).
Adding SRST signal on $auto$ff.cc:266:slice$7419 ($_DFFE_PP_) from module mkPositCore (D = \multiplier.q_if___1__h327 [446], Q = \multiplier.ff_to_quire.D_OUT [451], rval = 1'0).
Adding SRST signal on $auto$ff.cc:266:slice$7420 ($_DFFE_PP_) from module mkPositCore (D = \multiplier.q_if___1__h327 [447], Q = \multiplier.ff_to_quire.D_OUT [452], rval = 1'0).
Adding SRST signal on $auto$ff.cc:266:slice$7421 ($_DFFE_PP_) from module mkPositCore (D = \multiplier.q_if___1__h327 [448], Q = \multiplier.ff_to_quire.D_OUT [453], rval = 1'0).
Adding SRST signal on $auto$ff.cc:266:slice$7422 ($_DFFE_PP_) from module mkPositCore (D = \multiplier.q_if___1__h327 [449], Q = \multiplier.ff_to_quire.D_OUT [454], rval = 1'0).
Adding SRST signal on $auto$ff.cc:266:slice$7423 ($_DFFE_PP_) from module mkPositCore (D = \multiplier.q_if___1__h327 [450], Q = \multiplier.ff_to_quire.D_OUT [455], rval = 1'0).
Adding SRST signal on $auto$ff.cc:266:slice$7424 ($_DFFE_PP_) from module mkPositCore (D = \multiplier.q_if___1__h327 [451], Q = \multiplier.ff_to_quire.D_OUT [456], rval = 1'0).
Adding SRST signal on $auto$ff.cc:266:slice$7425 ($_DFFE_PP_) from module mkPositCore (D = \multiplier.q_if___1__h327 [452], Q = \multiplier.ff_to_quire.D_OUT [457], rval = 1'0).
Adding SRST signal on $auto$ff.cc:266:slice$7426 ($_DFFE_PP_) from module mkPositCore (D = \multiplier.q_if___1__h327 [453], Q = \multiplier.ff_to_quire.D_OUT [458], rval = 1'0).
Adding SRST signal on $auto$ff.cc:266:slice$7427 ($_DFFE_PP_) from module mkPositCore (D = \multiplier.q_if___1__h327 [454], Q = \multiplier.ff_to_quire.D_OUT [459], rval = 1'0).
Adding SRST signal on $auto$ff.cc:266:slice$7428 ($_DFFE_PP_) from module mkPositCore (D = \multiplier.q_if___1__h327 [455], Q = \multiplier.ff_to_quire.D_OUT [460], rval = 1'0).
Adding SRST signal on $auto$ff.cc:266:slice$7429 ($_DFFE_PP_) from module mkPositCore (D = \multiplier.q_if___1__h327 [456], Q = \multiplier.ff_to_quire.D_OUT [461], rval = 1'0).
Adding SRST signal on $auto$ff.cc:266:slice$7430 ($_DFFE_PP_) from module mkPositCore (D = \multiplier.q_if___1__h327 [457], Q = \multiplier.ff_to_quire.D_OUT [462], rval = 1'0).
Adding SRST signal on $auto$ff.cc:266:slice$7431 ($_DFFE_PP_) from module mkPositCore (D = \multiplier.q_if___1__h327 [458], Q = \multiplier.ff_to_quire.D_OUT [463], rval = 1'0).
Adding SRST signal on $auto$ff.cc:266:slice$7432 ($_DFFE_PP_) from module mkPositCore (D = \multiplier.q_if___1__h327 [459], Q = \multiplier.ff_to_quire.D_OUT [464], rval = 1'0).
Adding SRST signal on $auto$ff.cc:266:slice$7433 ($_DFFE_PP_) from module mkPositCore (D = \multiplier.q_if___1__h327 [460], Q = \multiplier.ff_to_quire.D_OUT [465], rval = 1'0).
Adding SRST signal on $auto$ff.cc:266:slice$7434 ($_DFFE_PP_) from module mkPositCore (D = \multiplier.q_if___1__h327 [461], Q = \multiplier.ff_to_quire.D_OUT [466], rval = 1'0).
Adding SRST signal on $auto$ff.cc:266:slice$7435 ($_DFFE_PP_) from module mkPositCore (D = \multiplier.q_if___1__h327 [462], Q = \multiplier.ff_to_quire.D_OUT [467], rval = 1'0).
Adding SRST signal on $auto$ff.cc:266:slice$7436 ($_DFFE_PP_) from module mkPositCore (D = \multiplier.q_if___1__h327 [463], Q = \multiplier.ff_to_quire.D_OUT [468], rval = 1'0).
Adding SRST signal on $auto$ff.cc:266:slice$7437 ($_DFFE_PP_) from module mkPositCore (D = \multiplier.q_if___1__h327 [464], Q = \multiplier.ff_to_quire.D_OUT [469], rval = 1'0).
Adding SRST signal on $auto$ff.cc:266:slice$7438 ($_DFFE_PP_) from module mkPositCore (D = \multiplier.q_if___1__h327 [465], Q = \multiplier.ff_to_quire.D_OUT [470], rval = 1'0).
Adding SRST signal on $auto$ff.cc:266:slice$7439 ($_DFFE_PP_) from module mkPositCore (D = \multiplier.q_if___1__h327 [466], Q = \multiplier.ff_to_quire.D_OUT [471], rval = 1'0).
Adding SRST signal on $auto$ff.cc:266:slice$7440 ($_DFFE_PP_) from module mkPositCore (D = \multiplier.q_if___1__h327 [467], Q = \multiplier.ff_to_quire.D_OUT [472], rval = 1'0).
Adding SRST signal on $auto$ff.cc:266:slice$7441 ($_DFFE_PP_) from module mkPositCore (D = \multiplier.q_if___1__h327 [468], Q = \multiplier.ff_to_quire.D_OUT [473], rval = 1'0).
Adding SRST signal on $auto$ff.cc:266:slice$7442 ($_DFFE_PP_) from module mkPositCore (D = \multiplier.q_if___1__h327 [469], Q = \multiplier.ff_to_quire.D_OUT [474], rval = 1'0).
Adding SRST signal on $auto$ff.cc:266:slice$7443 ($_DFFE_PP_) from module mkPositCore (D = \multiplier.q_if___1__h327 [470], Q = \multiplier.ff_to_quire.D_OUT [475], rval = 1'0).
Adding SRST signal on $auto$ff.cc:266:slice$7444 ($_DFFE_PP_) from module mkPositCore (D = \multiplier.q_if___1__h327 [471], Q = \multiplier.ff_to_quire.D_OUT [476], rval = 1'0).
Adding SRST signal on $auto$ff.cc:266:slice$7445 ($_DFFE_PP_) from module mkPositCore (D = \multiplier.q_if___1__h327 [472], Q = \multiplier.ff_to_quire.D_OUT [477], rval = 1'0).
Adding SRST signal on $auto$ff.cc:266:slice$7446 ($_DFFE_PP_) from module mkPositCore (D = \multiplier.q_if___1__h327 [473], Q = \multiplier.ff_to_quire.D_OUT [478], rval = 1'0).
Adding SRST signal on $auto$ff.cc:266:slice$7447 ($_DFFE_PP_) from module mkPositCore (D = \multiplier.q_if___1__h327 [474], Q = \multiplier.ff_to_quire.D_OUT [479], rval = 1'0).
Adding SRST signal on $auto$ff.cc:266:slice$7448 ($_DFFE_PP_) from module mkPositCore (D = \multiplier.q_if___1__h327 [475], Q = \multiplier.ff_to_quire.D_OUT [480], rval = 1'0).
Adding SRST signal on $auto$ff.cc:266:slice$7449 ($_DFFE_PP_) from module mkPositCore (D = \multiplier.q_if___1__h327 [476], Q = \multiplier.ff_to_quire.D_OUT [481], rval = 1'0).
Adding SRST signal on $auto$ff.cc:266:slice$7450 ($_DFFE_PP_) from module mkPositCore (D = \multiplier.q_if___1__h327 [477], Q = \multiplier.ff_to_quire.D_OUT [482], rval = 1'0).
Adding SRST signal on $auto$ff.cc:266:slice$7451 ($_DFFE_PP_) from module mkPositCore (D = \multiplier.q_if___1__h327 [478], Q = \multiplier.ff_to_quire.D_OUT [483], rval = 1'0).
Adding SRST signal on $auto$ff.cc:266:slice$7452 ($_DFFE_PP_) from module mkPositCore (D = \multiplier.q_if___1__h327 [479], Q = \multiplier.ff_to_quire.D_OUT [484], rval = 1'0).
Adding SRST signal on $auto$ff.cc:266:slice$8115 ($_DFFE_PP_) from module mkPositCore (D = $techmap$flatten\normalizer.$shr$/teamspace/studios/this_studio/Melodica-Integration-into-Fife-Core/Learn_Bluespec_and_RISCV_Design/Code/Build/Fife/verilog/mkNormalizer.v:373$1201.$1\buffer[27:0] [26], Q = \normalizer.ff_stg1_in.D_OUT [34], rval = 1'0).

14.22.4. Executing OPT_CLEAN pass (remove unused cells and wires).
Finding unused cells or wires in module \mkPositCore..
Removed 2759 unused cells and 14567 unused wires.
<suppressed ~2760 debug messages>

14.22.5. Rerunning OPT passes. (Removed registers in this run.)

14.22.6. Executing OPT_EXPR pass (perform const folding).
Optimizing module mkPositCore.
<suppressed ~59 debug messages>

14.22.7. Executing OPT_MERGE pass (detect identical cells).
Finding identical cells in module `\mkPositCore'.
<suppressed ~2349 debug messages>
Removed a total of 783 cells.

14.22.8. Executing OPT_DFF pass (perform DFF optimizations).
Adding SRST signal on $auto$ff.cc:266:slice$37200 ($_DFFE_PP_) from module mkPositCore (D = $flatten\normalizer.$procmux$1921.Y_B [31], Q = \normalizer.ff_o.D_OUT [35], rval = 1'0).
Adding SRST signal on $auto$ff.cc:266:slice$37199 ($_DFFE_PP_) from module mkPositCore (D = $flatten\normalizer.$procmux$1921.B_AND_S [62], Q = \normalizer.ff_o.D_OUT [34], rval = 1'0).
Adding SRST signal on $auto$ff.cc:266:slice$37198 ($_DFFE_PP_) from module mkPositCore (D = $flatten\normalizer.$procmux$1921.B_AND_S [61], Q = \normalizer.ff_o.D_OUT [33], rval = 1'0).
Adding SRST signal on $auto$ff.cc:266:slice$37197 ($_DFFE_PP_) from module mkPositCore (D = $flatten\normalizer.$procmux$1921.B_AND_S [60], Q = \normalizer.ff_o.D_OUT [32], rval = 1'0).
Adding SRST signal on $auto$ff.cc:266:slice$37196 ($_DFFE_PP_) from module mkPositCore (D = $flatten\normalizer.$procmux$1921.B_AND_S [59], Q = \normalizer.ff_o.D_OUT [31], rval = 1'0).
Adding SRST signal on $auto$ff.cc:266:slice$37195 ($_DFFE_PP_) from module mkPositCore (D = $flatten\normalizer.$procmux$1921.B_AND_S [58], Q = \normalizer.ff_o.D_OUT [30], rval = 1'0).
Adding SRST signal on $auto$ff.cc:266:slice$37194 ($_DFFE_PP_) from module mkPositCore (D = $flatten\normalizer.$procmux$1921.B_AND_S [57], Q = \normalizer.ff_o.D_OUT [29], rval = 1'0).
Adding SRST signal on $auto$ff.cc:266:slice$37193 ($_DFFE_PP_) from module mkPositCore (D = $flatten\normalizer.$procmux$1921.B_AND_S [56], Q = \normalizer.ff_o.D_OUT [28], rval = 1'0).
Adding SRST signal on $auto$ff.cc:266:slice$37192 ($_DFFE_PP_) from module mkPositCore (D = $flatten\normalizer.$procmux$1921.B_AND_S [55], Q = \normalizer.ff_o.D_OUT [27], rval = 1'0).
Adding SRST signal on $auto$ff.cc:266:slice$37191 ($_DFFE_PP_) from module mkPositCore (D = $flatten\normalizer.$procmux$1921.B_AND_S [54], Q = \normalizer.ff_o.D_OUT [26], rval = 1'0).
Adding SRST signal on $auto$ff.cc:266:slice$37190 ($_DFFE_PP_) from module mkPositCore (D = $flatten\normalizer.$procmux$1921.B_AND_S [53], Q = \normalizer.ff_o.D_OUT [25], rval = 1'0).
Adding SRST signal on $auto$ff.cc:266:slice$37189 ($_DFFE_PP_) from module mkPositCore (D = $flatten\normalizer.$procmux$1921.B_AND_S [52], Q = \normalizer.ff_o.D_OUT [24], rval = 1'0).
Adding SRST signal on $auto$ff.cc:266:slice$37188 ($_DFFE_PP_) from module mkPositCore (D = $flatten\normalizer.$procmux$1921.B_AND_S [51], Q = \normalizer.ff_o.D_OUT [23], rval = 1'0).
Adding SRST signal on $auto$ff.cc:266:slice$37187 ($_DFFE_PP_) from module mkPositCore (D = $flatten\normalizer.$procmux$1921.B_AND_S [50], Q = \normalizer.ff_o.D_OUT [22], rval = 1'0).
Adding SRST signal on $auto$ff.cc:266:slice$37186 ($_DFFE_PP_) from module mkPositCore (D = $flatten\normalizer.$procmux$1921.B_AND_S [49], Q = \normalizer.ff_o.D_OUT [21], rval = 1'0).
Adding SRST signal on $auto$ff.cc:266:slice$37185 ($_DFFE_PP_) from module mkPositCore (D = $flatten\normalizer.$procmux$1921.B_AND_S [48], Q = \normalizer.ff_o.D_OUT [20], rval = 1'0).
Adding SRST signal on $auto$ff.cc:266:slice$37184 ($_DFFE_PP_) from module mkPositCore (D = $flatten\normalizer.$procmux$1921.B_AND_S [47], Q = \normalizer.ff_o.D_OUT [19], rval = 1'0).
Adding SRST signal on $auto$ff.cc:266:slice$37183 ($_DFFE_PP_) from module mkPositCore (D = $flatten\normalizer.$procmux$1921.B_AND_S [46], Q = \normalizer.ff_o.D_OUT [18], rval = 1'0).
Adding SRST signal on $auto$ff.cc:266:slice$37182 ($_DFFE_PP_) from module mkPositCore (D = $flatten\normalizer.$procmux$1921.B_AND_S [45], Q = \normalizer.ff_o.D_OUT [17], rval = 1'0).
Adding SRST signal on $auto$ff.cc:266:slice$37181 ($_DFFE_PP_) from module mkPositCore (D = $flatten\normalizer.$procmux$1921.B_AND_S [44], Q = \normalizer.ff_o.D_OUT [16], rval = 1'0).
Adding SRST signal on $auto$ff.cc:266:slice$37180 ($_DFFE_PP_) from module mkPositCore (D = $flatten\normalizer.$procmux$1921.B_AND_S [43], Q = \normalizer.ff_o.D_OUT [15], rval = 1'0).
Adding SRST signal on $auto$ff.cc:266:slice$37179 ($_DFFE_PP_) from module mkPositCore (D = $flatten\normalizer.$procmux$1921.B_AND_S [42], Q = \normalizer.ff_o.D_OUT [14], rval = 1'0).
Adding SRST signal on $auto$ff.cc:266:slice$37178 ($_DFFE_PP_) from module mkPositCore (D = $flatten\normalizer.$procmux$1921.B_AND_S [41], Q = \normalizer.ff_o.D_OUT [13], rval = 1'0).
Adding SRST signal on $auto$ff.cc:266:slice$37177 ($_DFFE_PP_) from module mkPositCore (D = $flatten\normalizer.$procmux$1921.B_AND_S [40], Q = \normalizer.ff_o.D_OUT [12], rval = 1'0).
Adding SRST signal on $auto$ff.cc:266:slice$37176 ($_DFFE_PP_) from module mkPositCore (D = $flatten\normalizer.$procmux$1921.B_AND_S [39], Q = \normalizer.ff_o.D_OUT [11], rval = 1'0).
Adding SRST signal on $auto$ff.cc:266:slice$37175 ($_DFFE_PP_) from module mkPositCore (D = $flatten\normalizer.$procmux$1921.B_AND_S [38], Q = \normalizer.ff_o.D_OUT [10], rval = 1'0).
Adding SRST signal on $auto$ff.cc:266:slice$37174 ($_DFFE_PP_) from module mkPositCore (D = $flatten\normalizer.$procmux$1921.B_AND_S [37], Q = \normalizer.ff_o.D_OUT [9], rval = 1'0).
Adding SRST signal on $auto$ff.cc:266:slice$37173 ($_DFFE_PP_) from module mkPositCore (D = $flatten\normalizer.$procmux$1921.B_AND_S [36], Q = \normalizer.ff_o.D_OUT [8], rval = 1'0).
Adding SRST signal on $auto$ff.cc:266:slice$37172 ($_DFFE_PP_) from module mkPositCore (D = $flatten\normalizer.$procmux$1921.B_AND_S [35], Q = \normalizer.ff_o.D_OUT [7], rval = 1'0).
Adding SRST signal on $auto$ff.cc:266:slice$37171 ($_DFFE_PP_) from module mkPositCore (D = $flatten\normalizer.$procmux$1921.B_AND_S [34], Q = \normalizer.ff_o.D_OUT [6], rval = 1'0).
Adding SRST signal on $auto$ff.cc:266:slice$37170 ($_DFFE_PP_) from module mkPositCore (D = $flatten\normalizer.$procmux$1921.B_AND_S [33], Q = \normalizer.ff_o.D_OUT [5], rval = 1'0).
Adding SRST signal on $auto$ff.cc:266:slice$37169 ($_DFFE_PP_) from module mkPositCore (D = $flatten\normalizer.$procmux$1921.B_AND_S [32], Q = \normalizer.ff_o.D_OUT [4], rval = 1'0).

14.22.9. Executing OPT_CLEAN pass (remove unused cells and wires).
Finding unused cells or wires in module \mkPositCore..
Removed 32 unused cells and 775 unused wires.
<suppressed ~33 debug messages>

14.22.10. Rerunning OPT passes. (Removed registers in this run.)

14.22.11. Executing OPT_EXPR pass (perform const folding).
Optimizing module mkPositCore.

14.22.12. Executing OPT_MERGE pass (detect identical cells).
Finding identical cells in module `\mkPositCore'.
Removed a total of 0 cells.

14.22.13. Executing OPT_DFF pass (perform DFF optimizations).

14.22.14. Executing OPT_CLEAN pass (remove unused cells and wires).
Finding unused cells or wires in module \mkPositCore..

14.22.15. Finished fast OPT passes.

14.23. Executing ABC pass (technology mapping using ABC).

14.23.1. Extracting gate netlist of module `\mkPositCore' to `<abc-temp-dir>/input.blif'..
Extracted 41641 gates and 45681 wires to a netlist network with 4037 inputs and 3153 outputs.

14.23.1.1. Executing ABC.
Running ABC command: "<yosys-exe-dir>/yosys-abc" -s -f <abc-temp-dir>/abc.script 2>&1
ABC: ABC command line: "source <abc-temp-dir>/abc.script".
ABC: 
ABC: + read_blif <abc-temp-dir>/input.blif 
ABC: + read_library <abc-temp-dir>/stdcells.genlib 
ABC: Entered genlib library with 13 gates from file "<abc-temp-dir>/stdcells.genlib".
ABC: + strash 
ABC: + dretime 
ABC: + map 
ABC: + write_blif <abc-temp-dir>/output.blif 

14.23.1.2. Re-integrating ABC results.
ABC RESULTS:             ORNOT cells:      750
ABC RESULTS:              XNOR cells:     1348
ABC RESULTS:              NAND cells:     1265
ABC RESULTS:               XOR cells:     3476
ABC RESULTS:                OR cells:     5954
ABC RESULTS:               AND cells:     1223
ABC RESULTS:               NOR cells:     1813
ABC RESULTS:               NOT cells:     2850
ABC RESULTS:            ANDNOT cells:     7923
ABC RESULTS:               MUX cells:    13436
ABC RESULTS:        internal signals:    38491
ABC RESULTS:           input signals:     4037
ABC RESULTS:          output signals:     3153
Removing temp directory.

14.24. Executing OPT pass (performing simple optimizations).

14.24.1. Executing OPT_EXPR pass (perform const folding).
Optimizing module mkPositCore.
<suppressed ~2792 debug messages>

14.24.2. Executing OPT_MERGE pass (detect identical cells).
Finding identical cells in module `\mkPositCore'.
<suppressed ~225 debug messages>
Removed a total of 75 cells.

14.24.3. Executing OPT_DFF pass (perform DFF optimizations).

14.24.4. Executing OPT_CLEAN pass (remove unused cells and wires).
Finding unused cells or wires in module \mkPositCore..
Removed 38 unused cells and 13272 unused wires.
<suppressed ~416 debug messages>

14.24.5. Finished fast OPT passes.

14.25. Executing HIERARCHY pass (managing design hierarchy).

14.25.1. Analyzing design hierarchy..
Top module:  \mkPositCore

14.25.2. Analyzing design hierarchy..
Top module:  \mkPositCore
Removed 0 unused modules.

14.26. Printing statistics.

=== mkPositCore ===

   Number of wires:              39777
   Number of wire bits:          72315
   Number of public wires:        1553
   Number of public wire bits:   33966
   Number of memories:               0
   Number of memory bits:            0
   Number of processes:              0
   Number of cells:              43937
     $_ANDNOT_                    7881
     $_AND_                       1219
     $_DFFE_PP_                   2445
     $_DFF_P_                      184
     $_MUX_                      13434
     $_NAND_                      1257
     $_NOR_                       1797
     $_NOT_                       2812
     $_ORNOT_                      748
     $_OR_                        5954
     $_SDFFCE_PN0P_                127
     $_SDFFCE_PP0P_                378
     $_SDFFCE_PP1P_                 36
     $_SDFFE_PN0N_                  62
     $_SDFFE_PN0P_                 633
     $_SDFFE_PN1P_                  85
     $_SDFF_PN0_                    62
     $_XNOR_                      1347
     $_XOR_                       3476

14.27. Executing CHECK pass (checking for obvious problems).
Checking module mkPositCore...
Found and reported 0 problems.

15. Executing DFFLIBMAP pass (mapping DFF cells to sequential cells from liberty file).
  cell DFF_P (noninv, pins=3, area=0.00) is a direct match for cell type $_DFF_P_.
  cell DFF_PP0 (noninv, pins=4, area=0.00) is a direct match for cell type $_DFF_PN0_.
  final dff cell mappings:
    unmapped dff cell: $_DFF_N_
    \DFF_P _DFF_P_ (.C( C), .D( D), .Q( Q));
    unmapped dff cell: $_DFF_NN0_
    unmapped dff cell: $_DFF_NN1_
    unmapped dff cell: $_DFF_NP0_
    unmapped dff cell: $_DFF_NP1_
    \DFF_PP0 _DFF_PN0_ (.C( C), .D( D), .Q( Q), .R( R));
    unmapped dff cell: $_DFF_PN1_
    unmapped dff cell: $_DFF_PP0_
    unmapped dff cell: $_DFF_PP1_
    unmapped dff cell: $_DFFSR_NNN_
    unmapped dff cell: $_DFFSR_NNP_
    unmapped dff cell: $_DFFSR_NPN_
    unmapped dff cell: $_DFFSR_NPP_
    unmapped dff cell: $_DFFSR_PNN_
    unmapped dff cell: $_DFFSR_PNP_
    unmapped dff cell: $_DFFSR_PPN_
    unmapped dff cell: $_DFFSR_PPP_

15.1. Executing DFFLEGALIZE pass (convert FFs to types supported by the target).
Mapping DFF cells in module `\mkPositCore':
  mapped 4012 $_DFF_P_ cells to \DFF_P cells.

16. Executing ABC pass (technology mapping using ABC).

16.1. Extracting gate netlist of module `\mkPositCore' to `<abc-temp-dir>/input.blif'..
Extracted 45074 gates and 49158 wires to a netlist network with 4082 inputs and 4012 outputs.

16.1.1. Executing ABC.
Running ABC command: "<yosys-exe-dir>/yosys-abc" -s -f <abc-temp-dir>/abc.script 2>&1
ABC: ABC command line: "source <abc-temp-dir>/abc.script".
ABC: 
ABC: + read_blif <abc-temp-dir>/input.blif 
ABC: + read_lib -w /teamspace/studios/this_studio/Melodica-Integration-into-Fife-Core/generic45nm_fixed.lib 
ABC: Parsing finished successfully.  Parsing time =     0.00 sec
ABC: Scl_LibertyReadGenlib() skipped sequential cell "DFF_P".
ABC: Scl_LibertyReadGenlib() skipped sequential cell "DFF_PP0".
ABC: Scl_LibertyReadGenlib() skipped sequential cell "DFFE_PP".
ABC: Library "generic45nm" from "/teamspace/studios/this_studio/Melodica-Integration-into-Fife-Core/generic45nm_fixed.lib" has 11 cells (3 skipped: 3 seq; 0 tri-state; 0 no func; 0 dont_use).  Time =     0.00 sec
ABC: Memory =    0.04 MB. Time =     0.00 sec
ABC: + read_lib /teamspace/studios/this_studio/Melodica-Integration-into-Fife-Core/generic45nm_fixed.lib 
ABC: Library "generic45nm" from "/teamspace/studios/this_studio/Melodica-Integration-into-Fife-Core/generic45nm_fixed.lib" has 11 cells (3 skipped: 3 seq; 0 tri-state; 0 no func; 0 dont_use).  Time =     0.00 sec
ABC: + strash 
ABC: + dch 
ABC: + map 
ABC: + topo 
ABC: + buffer 
ABC: + upsize 
ABC: + dnsize 
ABC: + stime -p 
ABC: WireLoad = "none"  Gates =  41178 ( 10.5 %)   Cap =  0.0 ff (  0.0 %)   Area =    41178.00 (100.0 %)   Delay =   986.00 ps  (  2.6 %)               
ABC: Path  0 --    1984 : 0    3 pi    A =   0.00  Df =   0.0   -0.0 ps  S =   0.0 ps  Cin =  0.0 ff  Cout =   0.0 ff  Cmax =   0.0 ff  G =    0  
ABC: Path  1 --   38770 : 2    2 XOR2  A =   1.00  Df =  28.0   -0.0 ps  S =   6.0 ps  Cin =  0.0 ff  Cout =   0.0 ff  Cmax =   0.0 ff  G =-2147483648  
ABC: Path  2 --   38772 : 2    1 NAND2 A =   1.00  Df =  45.0   -3.0 ps  S =   5.0 ps  Cin =  0.0 ff  Cout =   0.0 ff  Cmax =   0.0 ff  G =-2147483648  
ABC: Path  3 --   38774 : 2    2 NAND2 A =   1.00  Df =  62.0   -3.0 ps  S =   5.0 ps  Cin =  0.0 ff  Cout =   0.0 ff  Cmax =   0.0 ff  G =-2147483648  
ABC: Path  4 --   38775 : 2    1 NAND2 A =   1.00  Df =  79.0   -3.0 ps  S =   5.0 ps  Cin =  0.0 ff  Cout =   0.0 ff  Cmax =   0.0 ff  G =-2147483648  
ABC: Path  5 --   38777 : 2    2 NAND2 A =   1.00  Df =  96.0   -3.0 ps  S =   5.0 ps  Cin =  0.0 ff  Cout =   0.0 ff  Cmax =   0.0 ff  G =-2147483648  
ABC: Path  6 --   38779 : 2    1 NAND2 A =   1.00  Df = 113.0   -3.0 ps  S =   5.0 ps  Cin =  0.0 ff  Cout =   0.0 ff  Cmax =   0.0 ff  G =-2147483648  
ABC: Path  7 --   38781 : 2    2 NAND2 A =   1.00  Df = 130.0   -3.0 ps  S =   5.0 ps  Cin =  0.0 ff  Cout =   0.0 ff  Cmax =   0.0 ff  G =-2147483648  
ABC: Path  8 --   38782 : 2    1 NAND2 A =   1.00  Df = 147.0   -3.0 ps  S =   5.0 ps  Cin =  0.0 ff  Cout =   0.0 ff  Cmax =   0.0 ff  G =-2147483648  
ABC: Path  9 --   38784 : 2    2 NAND2 A =   1.00  Df = 164.0   -3.0 ps  S =   5.0 ps  Cin =  0.0 ff  Cout =   0.0 ff  Cmax =   0.0 ff  G =-2147483648  
ABC: Path 10 --   38786 : 2    1 NAND2 A =   1.00  Df = 181.0   -3.0 ps  S =   5.0 ps  Cin =  0.0 ff  Cout =   0.0 ff  Cmax =   0.0 ff  G =-2147483648  
ABC: Path 11 --   38788 : 2    2 NAND2 A =   1.00  Df = 198.0   -3.0 ps  S =   5.0 ps  Cin =  0.0 ff  Cout =   0.0 ff  Cmax =   0.0 ff  G =-2147483648  
ABC: Path 12 --   38790 : 2    1 NAND2 A =   1.00  Df = 215.0   -3.0 ps  S =   5.0 ps  Cin =  0.0 ff  Cout =   0.0 ff  Cmax =   0.0 ff  G =-2147483648  
ABC: Path 13 --   38792 : 2    2 NAND2 A =   1.00  Df = 232.0   -3.0 ps  S =   5.0 ps  Cin =  0.0 ff  Cout =   0.0 ff  Cmax =   0.0 ff  G =-2147483648  
ABC: Path 14 --   38794 : 2    1 NAND2 A =   1.00  Df = 249.0   -3.0 ps  S =   5.0 ps  Cin =  0.0 ff  Cout =   0.0 ff  Cmax =   0.0 ff  G =-2147483648  
ABC: Path 15 --   38796 : 2    2 NAND2 A =   1.00  Df = 266.0   -3.0 ps  S =   5.0 ps  Cin =  0.0 ff  Cout =   0.0 ff  Cmax =   0.0 ff  G =-2147483648  
ABC: Path 16 --   38797 : 2    1 NAND2 A =   1.00  Df = 283.0   -3.0 ps  S =   5.0 ps  Cin =  0.0 ff  Cout =   0.0 ff  Cmax =   0.0 ff  G =-2147483648  
ABC: Path 17 --   38799 : 2    2 NAND2 A =   1.00  Df = 300.0   -3.0 ps  S =   5.0 ps  Cin =  0.0 ff  Cout =   0.0 ff  Cmax =   0.0 ff  G =-2147483648  
ABC: Path 18 --   38801 : 2    1 NAND2 A =   1.00  Df = 317.0   -3.0 ps  S =   5.0 ps  Cin =  0.0 ff  Cout =   0.0 ff  Cmax =   0.0 ff  G =-2147483648  
ABC: Path 19 --   38803 : 2    2 NAND2 A =   1.00  Df = 334.0   -3.0 ps  S =   5.0 ps  Cin =  0.0 ff  Cout =   0.0 ff  Cmax =   0.0 ff  G =-2147483648  
ABC: Path 20 --   38805 : 2    1 NAND2 A =   1.00  Df = 351.0   -3.0 ps  S =   5.0 ps  Cin =  0.0 ff  Cout =   0.0 ff  Cmax =   0.0 ff  G =-2147483648  
ABC: Path 21 --   38807 : 2    2 NAND2 A =   1.00  Df = 368.0   -3.0 ps  S =   5.0 ps  Cin =  0.0 ff  Cout =   0.0 ff  Cmax =   0.0 ff  G =-2147483648  
ABC: Path 22 --   38809 : 2    1 NAND2 A =   1.00  Df = 385.0   -3.0 ps  S =   5.0 ps  Cin =  0.0 ff  Cout =   0.0 ff  Cmax =   0.0 ff  G =-2147483648  
ABC: Path 23 --   38811 : 2    2 NAND2 A =   1.00  Df = 402.0   -3.0 ps  S =   5.0 ps  Cin =  0.0 ff  Cout =   0.0 ff  Cmax =   0.0 ff  G =-2147483648  
ABC: Path 24 --   38813 : 2    1 NAND2 A =   1.00  Df = 419.0   -3.0 ps  S =   5.0 ps  Cin =  0.0 ff  Cout =   0.0 ff  Cmax =   0.0 ff  G =-2147483648  
ABC: Path 25 --   38815 : 2    2 NAND2 A =   1.00  Df = 436.0   -3.0 ps  S =   5.0 ps  Cin =  0.0 ff  Cout =   0.0 ff  Cmax =   0.0 ff  G =-2147483648  
ABC: Path 26 --   38817 : 2    1 NAND2 A =   1.00  Df = 453.0   -3.0 ps  S =   5.0 ps  Cin =  0.0 ff  Cout =   0.0 ff  Cmax =   0.0 ff  G =-2147483648  
ABC: Path 27 --   38819 : 2    2 NAND2 A =   1.00  Df = 470.0   -3.0 ps  S =   5.0 ps  Cin =  0.0 ff  Cout =   0.0 ff  Cmax =   0.0 ff  G =-2147483648  
ABC: Path 28 --   38821 : 2    1 NAND2 A =   1.00  Df = 487.0   -3.0 ps  S =   5.0 ps  Cin =  0.0 ff  Cout =   0.0 ff  Cmax =   0.0 ff  G =-2147483648  
ABC: Path 29 --   38823 : 2    2 NAND2 A =   1.00  Df = 504.0   -3.0 ps  S =   5.0 ps  Cin =  0.0 ff  Cout =   0.0 ff  Cmax =   0.0 ff  G =-2147483648  
ABC: Path 30 --   38825 : 2    1 NAND2 A =   1.00  Df = 521.0   -3.0 ps  S =   5.0 ps  Cin =  0.0 ff  Cout =   0.0 ff  Cmax =   0.0 ff  G =-2147483648  
ABC: Path 31 --   38827 : 2    5 NAND2 A =   1.00  Df = 538.0   -3.0 ps  S =   5.0 ps  Cin =  0.0 ff  Cout =   0.0 ff  Cmax =   0.0 ff  G =-2147483648  
ABC: Path 32 --   38828 : 2    1 NAND2 A =   1.00  Df = 555.0   -3.0 ps  S =   5.0 ps  Cin =  0.0 ff  Cout =   0.0 ff  Cmax =   0.0 ff  G =-2147483648  
ABC: Path 33 --   38851 : 2    2 NAND2 A =   1.00  Df = 572.0   -3.0 ps  S =   5.0 ps  Cin =  0.0 ff  Cout =   0.0 ff  Cmax =   0.0 ff  G =-2147483648  
ABC: Path 34 --   38853 : 2    1 NAND2 A =   1.00  Df = 589.0   -3.0 ps  S =   5.0 ps  Cin =  0.0 ff  Cout =   0.0 ff  Cmax =   0.0 ff  G =-2147483648  
ABC: Path 35 --   38855 : 2    2 NAND2 A =   1.00  Df = 606.0   -3.0 ps  S =   5.0 ps  Cin =  0.0 ff  Cout =   0.0 ff  Cmax =   0.0 ff  G =-2147483648  
ABC: Path 36 --   38857 : 2    1 NAND2 A =   1.00  Df = 623.0   -3.0 ps  S =   5.0 ps  Cin =  0.0 ff  Cout =   0.0 ff  Cmax =   0.0 ff  G =-2147483648  
ABC: Path 37 --   38859 : 2    2 NAND2 A =   1.00  Df = 640.0   -3.0 ps  S =   5.0 ps  Cin =  0.0 ff  Cout =   0.0 ff  Cmax =   0.0 ff  G =-2147483648  
ABC: Path 38 --   38861 : 2    1 NAND2 A =   1.00  Df = 657.0   -3.0 ps  S =   5.0 ps  Cin =  0.0 ff  Cout =   0.0 ff  Cmax =   0.0 ff  G =-2147483648  
ABC: Path 39 --   38863 : 2    2 NAND2 A =   1.00  Df = 674.0   -3.0 ps  S =   5.0 ps  Cin =  0.0 ff  Cout =   0.0 ff  Cmax =   0.0 ff  G =-2147483648  
ABC: Path 40 --   38865 : 2    1 NAND2 A =   1.00  Df = 691.0   -3.0 ps  S =   5.0 ps  Cin =  0.0 ff  Cout =   0.0 ff  Cmax =   0.0 ff  G =-2147483648  
ABC: Path 41 --   38867 : 2    2 NAND2 A =   1.00  Df = 708.0   -3.0 ps  S =   5.0 ps  Cin =  0.0 ff  Cout =   0.0 ff  Cmax =   0.0 ff  G =-2147483648  
ABC: Path 42 --   38869 : 2    1 NAND2 A =   1.00  Df = 725.0   -3.0 ps  S =   5.0 ps  Cin =  0.0 ff  Cout =   0.0 ff  Cmax =   0.0 ff  G =-2147483648  
ABC: Path 43 --   38871 : 2    2 NAND2 A =   1.00  Df = 742.0   -3.0 ps  S =   5.0 ps  Cin =  0.0 ff  Cout =   0.0 ff  Cmax =   0.0 ff  G =-2147483648  
ABC: Path 44 --   38873 : 2    1 NAND2 A =   1.00  Df = 759.0   -3.0 ps  S =   5.0 ps  Cin =  0.0 ff  Cout =   0.0 ff  Cmax =   0.0 ff  G =-2147483648  
ABC: Path 45 --   38875 : 2    2 NAND2 A =   1.00  Df = 776.0   -3.0 ps  S =   5.0 ps  Cin =  0.0 ff  Cout =   0.0 ff  Cmax =   0.0 ff  G =-2147483648  
ABC: Path 46 --   38877 : 2    1 NAND2 A =   1.00  Df = 793.0   -3.0 ps  S =   5.0 ps  Cin =  0.0 ff  Cout =   0.0 ff  Cmax =   0.0 ff  G =-2147483648  
ABC: Path 47 --   38879 : 2    2 NAND2 A =   1.00  Df = 810.0   -3.0 ps  S =   5.0 ps  Cin =  0.0 ff  Cout =   0.0 ff  Cmax =   0.0 ff  G =-2147483648  
ABC: Path 48 --   39894 : 2    2 XOR2  A =   1.00  Df = 838.0   -0.0 ps  S =   6.0 ps  Cin =  0.0 ff  Cout =   0.0 ff  Cmax =   0.0 ff  G =-2147483648  
ABC: Path 49 --   47049 : 2    1 NOR2  A =   1.00  Df = 855.0   -3.0 ps  S =   5.0 ps  Cin =  0.0 ff  Cout =   0.0 ff  Cmax =   0.0 ff  G =-2147483648  
ABC: Path 50 --   47050 : 2    1 NAND2 A =   1.00  Df = 872.0   -3.0 ps  S =   5.0 ps  Cin =  0.0 ff  Cout =   0.0 ff  Cmax =   0.0 ff  G =-2147483648  
ABC: Path 51 --   47051 : 2    1 NOR2  A =   1.00  Df = 889.0   -3.0 ps  S =   5.0 ps  Cin =  0.0 ff  Cout =   0.0 ff  Cmax =   0.0 ff  G =-2147483648  
ABC: Path 52 --   47052 : 2    1 NAND2 A =   1.00  Df = 906.0   -3.0 ps  S =   5.0 ps  Cin =  0.0 ff  Cout =   0.0 ff  Cmax =   0.0 ff  G =-2147483648  
ABC: Path 53 --   47068 : 2    1 NOR2  A =   1.00  Df = 923.0   -3.0 ps  S =   5.0 ps  Cin =  0.0 ff  Cout =   0.0 ff  Cmax =   0.0 ff  G =-2147483648  
ABC: Path 54 --   47072 : 3    1 MUX2  A =   1.00  Df = 945.0   -0.0 ps  S =   6.0 ps  Cin =  0.0 ff  Cout =   0.0 ff  Cmax =   0.0 ff  G =-2147483648  
ABC: Path 55 --   47076 : 3    1 MUX2  A =   1.00  Df = 967.0   -0.0 ps  S =   6.0 ps  Cin =  0.0 ff  Cout =   0.0 ff  Cmax =   0.0 ff  G =-2147483648  
ABC: Path 56 --   47077 : 2    1 OR2   A =   1.00  Df = 986.0   -2.0 ps  S =   5.0 ps  Cin =  0.0 ff  Cout =   0.0 ff  Cmax =   0.0 ff  G =-2147483648  
ABC: Start-point = pi1983 (\quire.seg_adder_vff_in_0.D_OUT [1]).  End-point = po3373 ($auto$rtlil.cc:2609:MuxGate$180772).
ABC: + print_stats -t 
ABC: netlist                       : i/o = 4082/ 4012  lat =    0  nd = 41178  edge =  91852  area =41178.00  delay =856.00  lev = 56
ABC: elapse: 17.14 seconds, total: 17.14 seconds
ABC: + write_blif <abc-temp-dir>/output.blif 

16.1.2. Re-integrating ABC results.
ABC RESULTS:             XNOR2 cells:      720
ABC RESULTS:              AND2 cells:     1423
ABC RESULTS:              NOT1 cells:     2778
ABC RESULTS:              XOR2 cells:     3636
ABC RESULTS:              NOR2 cells:     2648
ABC RESULTS:               OR2 cells:      653
ABC RESULTS:              BUF1 cells:     1543
ABC RESULTS:              MUX2 cells:    13817
ABC RESULTS:            ORNOT2 cells:      473
ABC RESULTS:             NAND2 cells:     9328
ABC RESULTS:           ANDNOT2 cells:     4159
ABC RESULTS:        internal signals:    41064
ABC RESULTS:           input signals:     4082
ABC RESULTS:          output signals:     4012
Removing temp directory.

17. Printing statistics.

=== mkPositCore ===

   Number of wires:              90186
   Number of wire bits:         122724
   Number of public wires:        1553
   Number of public wire bits:   33966
   Number of memories:               0
   Number of memory bits:            0
   Number of processes:              0
   Number of cells:              45190
     AND2                         1423
     ANDNOT2                      4159
     BUF1                         1543
     DFF_P                        4012
     MUX2                        13817
     NAND2                        9328
     NOR2                         2648
     NOT1                         2778
     OR2                           653
     ORNOT2                        473
     XNOR2                         720
     XOR2                         3636

18. Executing Verilog backend.

18.1. Executing BMUXMAP pass.

18.2. Executing DEMUXMAP pass.
Dumping module `\mkPositCore'.

Warnings: 2 unique messages, 2 total
End of script. Logfile hash: bf6cd9b570, CPU: user 48.33s system 0.56s, MEM: 558.12 MB peak
Yosys 0.33 (git sha1 2584903a060)
Time spent: 33% 2x abc (22 sec), 19% 93x opt_expr (13 sec), ...
